building	effect	effect_scope	value	value_damaged	value_ruined	context_requirement
#building_effects_junction_tables;0;db/building_effects_junction_tables/derpy_more_resources
wh2_dlc11_vampirecoast_port_1	derpy_effect_region_resource_salted_fish_production	building_to_building_own	6.0000	3.0000	0.0000	derpy_mr_salted_fish_0
wh2_dlc11_vampirecoast_port_2	derpy_effect_region_resource_salted_fish_production	building_to_building_own	8.0000	4.0000	0.0000	derpy_mr_salted_fish_0
wh2_dlc11_vampirecoast_port_3	derpy_effect_region_resource_salted_fish_production	building_to_building_own	12.0000	6.0000	0.0000	derpy_mr_salted_fish_0
wh2_dlc14_special_copher_port_1	derpy_effect_region_resource_salted_fish_production	building_to_building_own	6.0000	3.0000	0.0000	derpy_mr_salted_fish_0
wh2_dlc14_special_copher_port_2	derpy_effect_region_resource_salted_fish_production	building_to_building_own	8.0000	4.0000	0.0000	derpy_mr_salted_fish_0
wh2_dlc14_special_copher_port_1_brettonia	derpy_effect_region_resource_salted_fish_production	building_to_building_own	6.0000	3.0000	0.0000	derpy_mr_salted_fish_0
wh2_dlc14_special_copher_port_2_bretonnia	derpy_effect_region_resource_salted_fish_production	building_to_building_own	8.0000	4.0000	0.0000	derpy_mr_salted_fish_0
wh2_dlc14_special_dragon_isle_port_1	derpy_effect_region_resource_salted_fish_production	building_to_building_own	6.0000	3.0000	0.0000	derpy_mr_salted_fish_0
wh2_dlc14_special_dragon_isle_port_2	derpy_effect_region_resource_salted_fish_production	building_to_building_own	8.0000	4.0000	0.0000	derpy_mr_salted_fish_0
wh2_dlc14_special_dragon_isle_port_3	derpy_effect_region_resource_salted_fish_production	building_to_building_own	12.0000	6.0000	0.0000	derpy_mr_salted_fish_0
wh2_dlc14_special_dragon_isle_port_1_grn	derpy_effect_region_resource_salted_fish_production	building_to_building_own	6.0000	3.0000	0.0000	derpy_mr_salted_fish_0
wh2_dlc14_special_dragon_isle_port_2_grn	derpy_effect_region_resource_salted_fish_production	building_to_building_own	8.0000	4.0000	0.0000	derpy_mr_salted_fish_0
wh2_dlc14_special_dragon_isle_port_3_grn	derpy_effect_region_resource_salted_fish_production	building_to_building_own	12.0000	6.0000	0.0000	derpy_mr_salted_fish_0
wh2_main_def_port_1	derpy_effect_region_resource_salted_fish_production	building_to_building_own	6.0000	3.0000	0.0000	derpy_mr_salted_fish_0
wh2_main_def_port_2	derpy_effect_region_resource_salted_fish_production	building_to_building_own	8.0000	4.0000	0.0000	derpy_mr_salted_fish_0
wh2_main_def_port_3	derpy_effect_region_resource_salted_fish_production	building_to_building_own	12.0000	6.0000	0.0000	derpy_mr_salted_fish_0
wh2_main_hef_port_1	derpy_effect_region_resource_salted_fish_production	building_to_building_own	6.0000	3.0000	0.0000	derpy_mr_salted_fish_0
wh2_main_hef_port_2	derpy_effect_region_resource_salted_fish_production	building_to_building_own	8.0000	4.0000	0.0000	derpy_mr_salted_fish_0
wh2_main_hef_port_3	derpy_effect_region_resource_salted_fish_production	building_to_building_own	12.0000	6.0000	0.0000	derpy_mr_salted_fish_0
wh2_main_lzd_port_1	derpy_effect_region_resource_salted_fish_production	building_to_building_own	6.0000	3.0000	0.0000	derpy_mr_salted_fish_0
wh2_main_lzd_port_2	derpy_effect_region_resource_salted_fish_production	building_to_building_own	8.0000	4.0000	0.0000	derpy_mr_salted_fish_0
wh2_main_lzd_port_3	derpy_effect_region_resource_salted_fish_production	building_to_building_own	12.0000	6.0000	0.0000	derpy_mr_salted_fish_0
wh2_main_rogue_port_1	derpy_effect_region_resource_salted_fish_production	building_to_building_own	6.0000	3.0000	0.0000	derpy_mr_salted_fish_0
wh2_main_rogue_port_2	derpy_effect_region_resource_salted_fish_production	building_to_building_own	8.0000	4.0000	0.0000	derpy_mr_salted_fish_0
wh2_main_skv_port_1	derpy_effect_region_resource_salted_fish_production	building_to_building_own	6.0000	3.0000	0.0000	derpy_mr_salted_fish_0
wh2_main_skv_port_2	derpy_effect_region_resource_salted_fish_production	building_to_building_own	8.0000	4.0000	0.0000	derpy_mr_salted_fish_0
wh2_main_skv_port_3	derpy_effect_region_resource_salted_fish_production	building_to_building_own	12.0000	6.0000	0.0000	derpy_mr_salted_fish_0
wh2_main_special_lothern_port_1	derpy_effect_region_resource_salted_fish_production	building_to_building_own	6.0000	3.0000	0.0000	derpy_mr_salted_fish_0
wh2_main_special_lothern_port_2	derpy_effect_region_resource_salted_fish_production	building_to_building_own	8.0000	4.0000	0.0000	derpy_mr_salted_fish_0
wh2_main_special_lothern_port_3	derpy_effect_region_resource_salted_fish_production	building_to_building_own	12.0000	6.0000	0.0000	derpy_mr_salted_fish_0
wh2_main_special_lothern_port_norsca_1	derpy_effect_region_resource_salted_fish_production	building_to_building_own	6.0000	3.0000	0.0000	derpy_mr_salted_fish_0
wh2_main_special_lothern_port_other_1	derpy_effect_region_resource_salted_fish_production	building_to_building_own	6.0000	3.0000	0.0000	derpy_mr_salted_fish_0
wh2_main_special_lothern_port_other_2	derpy_effect_region_resource_salted_fish_production	building_to_building_own	8.0000	4.0000	0.0000	derpy_mr_salted_fish_0
wh2_main_special_lothern_port_other_3	derpy_effect_region_resource_salted_fish_production	building_to_building_own	12.0000	6.0000	0.0000	derpy_mr_salted_fish_0
wh3_dlc23_chd_tower_port_1	derpy_effect_region_resource_salted_fish_production	building_to_building_own	6.0000	3.0000	0.0000	derpy_mr_salted_fish_0
wh3_dlc23_chd_tower_port_2	derpy_effect_region_resource_salted_fish_production	building_to_building_own	8.0000	4.0000	0.0000	derpy_mr_salted_fish_0
wh3_dlc23_chd_tower_port_3	derpy_effect_region_resource_salted_fish_production	building_to_building_own	12.0000	6.0000	0.0000	derpy_mr_salted_fish_0
wh3_dlc23_special_fortress_of_dawn_dawns_harbour_1	derpy_effect_region_resource_salted_fish_production	building_to_building_own	6.0000	3.0000	0.0000	derpy_mr_salted_fish_0
wh3_dlc23_special_fortress_of_dawn_dawns_harbour_2	derpy_effect_region_resource_salted_fish_production	building_to_building_own	8.0000	4.0000	0.0000	derpy_mr_salted_fish_0
wh3_dlc23_special_fortress_of_dawn_dawns_harbour_3	derpy_effect_region_resource_salted_fish_production	building_to_building_own	12.0000	6.0000	0.0000	derpy_mr_salted_fish_0
wh3_dlc23_special_fortress_of_dawn_dawns_harbour_chd_1	derpy_effect_region_resource_salted_fish_production	building_to_building_own	6.0000	3.0000	0.0000	derpy_mr_salted_fish_0
wh3_dlc23_special_fortress_of_dawn_dawns_harbour_chd_2	derpy_effect_region_resource_salted_fish_production	building_to_building_own	8.0000	4.0000	0.0000	derpy_mr_salted_fish_0
wh3_dlc23_special_fortress_of_dawn_dawns_harbour_chd_3	derpy_effect_region_resource_salted_fish_production	building_to_building_own	12.0000	6.0000	0.0000	derpy_mr_salted_fish_0
wh3_dlc23_special_fortress_of_dawn_dawns_harbour_def_1	derpy_effect_region_resource_salted_fish_production	building_to_building_own	6.0000	3.0000	0.0000	derpy_mr_salted_fish_0
wh3_dlc23_special_fortress_of_dawn_dawns_harbour_def_2	derpy_effect_region_resource_salted_fish_production	building_to_building_own	8.0000	4.0000	0.0000	derpy_mr_salted_fish_0
wh3_dlc23_special_fortress_of_dawn_dawns_harbour_def_3	derpy_effect_region_resource_salted_fish_production	building_to_building_own	12.0000	6.0000	0.0000	derpy_mr_salted_fish_0
wh3_dlc23_special_fortress_of_dawn_dawns_harbour_hef_1	derpy_effect_region_resource_salted_fish_production	building_to_building_own	6.0000	3.0000	0.0000	derpy_mr_salted_fish_0
wh3_dlc23_special_fortress_of_dawn_dawns_harbour_hef_2	derpy_effect_region_resource_salted_fish_production	building_to_building_own	8.0000	4.0000	0.0000	derpy_mr_salted_fish_0
wh3_dlc23_special_fortress_of_dawn_dawns_harbour_hef_3	derpy_effect_region_resource_salted_fish_production	building_to_building_own	12.0000	6.0000	0.0000	derpy_mr_salted_fish_0
wh3_dlc24_special_fu_chow_port_1	derpy_effect_region_resource_salted_fish_production	building_to_building_own	6.0000	3.0000	0.0000	derpy_mr_salted_fish_0
wh3_dlc24_special_fu_chow_port_2	derpy_effect_region_resource_salted_fish_production	building_to_building_own	8.0000	4.0000	0.0000	derpy_mr_salted_fish_0
wh3_dlc24_special_fu_chow_port_3	derpy_effect_region_resource_salted_fish_production	building_to_building_own	12.0000	6.0000	0.0000	derpy_mr_salted_fish_0
wh3_dlc27_hef_colony_port_1	derpy_effect_region_resource_salted_fish_production	building_to_building_own	6.0000	3.0000	0.0000	derpy_mr_salted_fish_0
wh3_dlc27_hef_colony_port_2	derpy_effect_region_resource_salted_fish_production	building_to_building_own	8.0000	4.0000	0.0000	derpy_mr_salted_fish_0
wh3_dlc27_hef_colony_port_3	derpy_effect_region_resource_salted_fish_production	building_to_building_own	12.0000	6.0000	0.0000	derpy_mr_salted_fish_0
wh3_dlc27_nor_port_altar_1	derpy_effect_region_resource_salted_fish_production	building_to_building_own	6.0000	3.0000	0.0000	derpy_mr_salted_fish_0
wh3_dlc29_special_marienburg_port_chs_1	derpy_effect_region_resource_salted_fish_production	building_to_building_own	6.0000	3.0000	0.0000	derpy_mr_salted_fish_0
wh3_dlc29_special_marienburg_port_chs_2	derpy_effect_region_resource_salted_fish_production	building_to_building_own	8.0000	4.0000	0.0000	derpy_mr_salted_fish_0
wh3_dlc29_special_marienburg_port_chs_3	derpy_effect_region_resource_salted_fish_production	building_to_building_own	12.0000	6.0000	0.0000	derpy_mr_salted_fish_0
wh3_main_cth_port_1	derpy_effect_region_resource_salted_fish_production	building_to_building_own	6.0000	3.0000	0.0000	derpy_mr_salted_fish_0
wh3_main_cth_port_2	derpy_effect_region_resource_salted_fish_production	building_to_building_own	8.0000	4.0000	0.0000	derpy_mr_salted_fish_0
wh3_main_cth_port_3	derpy_effect_region_resource_salted_fish_production	building_to_building_own	12.0000	6.0000	0.0000	derpy_mr_salted_fish_0
wh3_main_ksl_port_1	derpy_effect_region_resource_salted_fish_production	building_to_building_own	6.0000	3.0000	0.0000	derpy_mr_salted_fish_0
wh3_main_ksl_port_2	derpy_effect_region_resource_salted_fish_production	building_to_building_own	8.0000	4.0000	0.0000	derpy_mr_salted_fish_0
wh3_main_ksl_port_3	derpy_effect_region_resource_salted_fish_production	building_to_building_own	12.0000	6.0000	0.0000	derpy_mr_salted_fish_0
wh3_main_ogr_port_1	derpy_effect_region_resource_salted_fish_production	building_to_building_own	6.0000	3.0000	0.0000	derpy_mr_salted_fish_0
wh3_main_ogr_port_2	derpy_effect_region_resource_salted_fish_production	building_to_building_own	8.0000	4.0000	0.0000	derpy_mr_salted_fish_0
wh3_main_special_ksl_erengrad_3_1	derpy_effect_region_resource_salted_fish_production	building_to_building_own	6.0000	3.0000	0.0000	derpy_mr_salted_fish_0
wh3_main_special_ksl_erengrad_3_2	derpy_effect_region_resource_salted_fish_production	building_to_building_own	8.0000	4.0000	0.0000	derpy_mr_salted_fish_0
wh3_main_special_ksl_erengrad_3_3	derpy_effect_region_resource_salted_fish_production	building_to_building_own	12.0000	6.0000	0.0000	derpy_mr_salted_fish_0
wh3_main_special_ksl_erengrad_3_4	derpy_effect_region_resource_salted_fish_production	building_to_building_own	12.0000	6.0000	0.0000	derpy_mr_salted_fish_0
wh3_main_special_ksl_erengrad_3_5	derpy_effect_region_resource_salted_fish_production	building_to_building_own	12.0000	6.0000	0.0000	derpy_mr_salted_fish_0
wh_dlc05_special_bordeleaux_port_wef_1	derpy_effect_region_resource_salted_fish_production	building_to_building_own	6.0000	3.0000	0.0000	derpy_mr_salted_fish_0
wh_dlc05_special_erengrad_port_wef_1	derpy_effect_region_resource_salted_fish_production	building_to_building_own	6.0000	3.0000	0.0000	derpy_mr_salted_fish_0
wh_dlc05_special_marienburg_port_wef_1	derpy_effect_region_resource_salted_fish_production	building_to_building_own	6.0000	3.0000	0.0000	derpy_mr_salted_fish_0
wh_dlc05_wef_port_1	derpy_effect_region_resource_salted_fish_production	building_to_building_own	6.0000	3.0000	0.0000	derpy_mr_salted_fish_0
wh_main_brt_port_1	derpy_effect_region_resource_salted_fish_production	building_to_building_own	6.0000	3.0000	0.0000	derpy_mr_salted_fish_0
wh_main_brt_port_2	derpy_effect_region_resource_salted_fish_production	building_to_building_own	8.0000	4.0000	0.0000	derpy_mr_salted_fish_0
wh_main_brt_port_3	derpy_effect_region_resource_salted_fish_production	building_to_building_own	12.0000	6.0000	0.0000	derpy_mr_salted_fish_0
wh_main_chs_port_1	derpy_effect_region_resource_salted_fish_production	building_to_building_own	6.0000	3.0000	0.0000	derpy_mr_salted_fish_0
wh_main_chs_port_2	derpy_effect_region_resource_salted_fish_production	building_to_building_own	8.0000	4.0000	0.0000	derpy_mr_salted_fish_0
wh_main_chs_port_3	derpy_effect_region_resource_salted_fish_production	building_to_building_own	12.0000	6.0000	0.0000	derpy_mr_salted_fish_0
wh_main_dwf_port_1	derpy_effect_region_resource_salted_fish_production	building_to_building_own	6.0000	3.0000	0.0000	derpy_mr_salted_fish_0
wh_main_dwf_port_2	derpy_effect_region_resource_salted_fish_production	building_to_building_own	8.0000	4.0000	0.0000	derpy_mr_salted_fish_0
wh_main_dwf_port_3	derpy_effect_region_resource_salted_fish_production	building_to_building_own	12.0000	6.0000	0.0000	derpy_mr_salted_fish_0
wh_main_emp_port_1	derpy_effect_region_resource_salted_fish_production	building_to_building_own	6.0000	3.0000	0.0000	derpy_mr_salted_fish_0
wh_main_emp_port_2	derpy_effect_region_resource_salted_fish_production	building_to_building_own	8.0000	4.0000	0.0000	derpy_mr_salted_fish_0
wh_main_emp_port_3	derpy_effect_region_resource_salted_fish_production	building_to_building_own	12.0000	6.0000	0.0000	derpy_mr_salted_fish_0
wh_main_grn_port_1	derpy_effect_region_resource_salted_fish_production	building_to_building_own	6.0000	3.0000	0.0000	derpy_mr_salted_fish_0
wh_main_grn_port_2	derpy_effect_region_resource_salted_fish_production	building_to_building_own	8.0000	4.0000	0.0000	derpy_mr_salted_fish_0
wh_main_grn_port_3	derpy_effect_region_resource_salted_fish_production	building_to_building_own	12.0000	6.0000	0.0000	derpy_mr_salted_fish_0
wh_main_nor_port_1	derpy_effect_region_resource_salted_fish_production	building_to_building_own	6.0000	3.0000	0.0000	derpy_mr_salted_fish_0
wh_main_nor_port_2	derpy_effect_region_resource_salted_fish_production	building_to_building_own	8.0000	4.0000	0.0000	derpy_mr_salted_fish_0
wh_main_nor_port_3	derpy_effect_region_resource_salted_fish_production	building_to_building_own	12.0000	6.0000	0.0000	derpy_mr_salted_fish_0
wh_main_teb_port_1	derpy_effect_region_resource_salted_fish_production	building_to_building_own	6.0000	3.0000	0.0000	derpy_mr_salted_fish_0
wh_main_teb_port_2	derpy_effect_region_resource_salted_fish_production	building_to_building_own	8.0000	4.0000	0.0000	derpy_mr_salted_fish_0
wh_main_teb_port_3	derpy_effect_region_resource_salted_fish_production	building_to_building_own	12.0000	6.0000	0.0000	derpy_mr_salted_fish_0
wh_main_vmp_port_1	derpy_effect_region_resource_salted_fish_production	building_to_building_own	6.0000	3.0000	0.0000	derpy_mr_salted_fish_0
wh_main_vmp_port_2	derpy_effect_region_resource_salted_fish_production	building_to_building_own	8.0000	4.0000	0.0000	derpy_mr_salted_fish_0
wh_main_vmp_port_3	derpy_effect_region_resource_salted_fish_production	building_to_building_own	12.0000	6.0000	0.0000	derpy_mr_salted_fish_0
wh_main_brt_legendary_port_1	derpy_effect_region_resource_salted_fish_production	building_to_building_own	6.0000	3.0000	0.0000	derpy_mr_salted_fish_0
wh_main_brt_legendary_port_2	derpy_effect_region_resource_salted_fish_production	building_to_building_own	8.0000	4.0000	0.0000	derpy_mr_salted_fish_0
wh_main_brt_legendary_port_3	derpy_effect_region_resource_salted_fish_production	building_to_building_own	12.0000	6.0000	0.0000	derpy_mr_salted_fish_0
wh_main_special_erengrad_port_1	derpy_effect_region_resource_salted_fish_production	building_to_building_own	6.0000	3.0000	0.0000	derpy_mr_salted_fish_0
wh_main_special_erengrad_port_2	derpy_effect_region_resource_salted_fish_production	building_to_building_own	8.0000	4.0000	0.0000	derpy_mr_salted_fish_0
wh_main_special_erengrad_port_3	derpy_effect_region_resource_salted_fish_production	building_to_building_own	12.0000	6.0000	0.0000	derpy_mr_salted_fish_0
wh_main_special_marienburg_port_1	derpy_effect_region_resource_salted_fish_production	building_to_building_own	6.0000	3.0000	0.0000	derpy_mr_salted_fish_0
wh_main_special_marienburg_port_2	derpy_effect_region_resource_salted_fish_production	building_to_building_own	8.0000	4.0000	0.0000	derpy_mr_salted_fish_0
wh_main_special_marienburg_port_3	derpy_effect_region_resource_salted_fish_production	building_to_building_own	12.0000	6.0000	0.0000	derpy_mr_salted_fish_0
wh_twa03_special_albion_port_def_1	derpy_effect_region_resource_salted_fish_production	building_to_building_own	6.0000	3.0000	0.0000	derpy_mr_salted_fish_0
wh_twa03_special_albion_port_def_2	derpy_effect_region_resource_salted_fish_production	building_to_building_own	8.0000	4.0000	0.0000	derpy_mr_salted_fish_0
wh2_dlc11_vampirecoast_port_1	derpy_effect_region_resource_whale_oil_production	building_to_building_own	6.0000	3.0000	0.0000	derpy_mr_whale_oil_0
wh2_dlc11_vampirecoast_port_2	derpy_effect_region_resource_whale_oil_production	building_to_building_own	8.0000	4.0000	0.0000	derpy_mr_whale_oil_0
wh2_dlc11_vampirecoast_port_3	derpy_effect_region_resource_whale_oil_production	building_to_building_own	12.0000	6.0000	0.0000	derpy_mr_whale_oil_0
wh2_dlc14_special_copher_port_1	derpy_effect_region_resource_whale_oil_production	building_to_building_own	6.0000	3.0000	0.0000	derpy_mr_whale_oil_0
wh2_dlc14_special_copher_port_2	derpy_effect_region_resource_whale_oil_production	building_to_building_own	8.0000	4.0000	0.0000	derpy_mr_whale_oil_0
wh2_dlc14_special_copher_port_1_brettonia	derpy_effect_region_resource_whale_oil_production	building_to_building_own	6.0000	3.0000	0.0000	derpy_mr_whale_oil_0
wh2_dlc14_special_copher_port_2_bretonnia	derpy_effect_region_resource_whale_oil_production	building_to_building_own	8.0000	4.0000	0.0000	derpy_mr_whale_oil_0
wh2_dlc14_special_dragon_isle_port_1	derpy_effect_region_resource_whale_oil_production	building_to_building_own	6.0000	3.0000	0.0000	derpy_mr_whale_oil_0
wh2_dlc14_special_dragon_isle_port_2	derpy_effect_region_resource_whale_oil_production	building_to_building_own	8.0000	4.0000	0.0000	derpy_mr_whale_oil_0
wh2_dlc14_special_dragon_isle_port_3	derpy_effect_region_resource_whale_oil_production	building_to_building_own	12.0000	6.0000	0.0000	derpy_mr_whale_oil_0
wh2_dlc14_special_dragon_isle_port_1_grn	derpy_effect_region_resource_whale_oil_production	building_to_building_own	6.0000	3.0000	0.0000	derpy_mr_whale_oil_0
wh2_dlc14_special_dragon_isle_port_2_grn	derpy_effect_region_resource_whale_oil_production	building_to_building_own	8.0000	4.0000	0.0000	derpy_mr_whale_oil_0
wh2_dlc14_special_dragon_isle_port_3_grn	derpy_effect_region_resource_whale_oil_production	building_to_building_own	12.0000	6.0000	0.0000	derpy_mr_whale_oil_0
wh2_main_def_port_1	derpy_effect_region_resource_whale_oil_production	building_to_building_own	6.0000	3.0000	0.0000	derpy_mr_whale_oil_0
wh2_main_def_port_2	derpy_effect_region_resource_whale_oil_production	building_to_building_own	8.0000	4.0000	0.0000	derpy_mr_whale_oil_0
wh2_main_def_port_3	derpy_effect_region_resource_whale_oil_production	building_to_building_own	12.0000	6.0000	0.0000	derpy_mr_whale_oil_0
wh2_main_hef_port_1	derpy_effect_region_resource_whale_oil_production	building_to_building_own	6.0000	3.0000	0.0000	derpy_mr_whale_oil_0
wh2_main_hef_port_2	derpy_effect_region_resource_whale_oil_production	building_to_building_own	8.0000	4.0000	0.0000	derpy_mr_whale_oil_0
wh2_main_hef_port_3	derpy_effect_region_resource_whale_oil_production	building_to_building_own	12.0000	6.0000	0.0000	derpy_mr_whale_oil_0
wh2_main_lzd_port_1	derpy_effect_region_resource_whale_oil_production	building_to_building_own	6.0000	3.0000	0.0000	derpy_mr_whale_oil_0
wh2_main_lzd_port_2	derpy_effect_region_resource_whale_oil_production	building_to_building_own	8.0000	4.0000	0.0000	derpy_mr_whale_oil_0
wh2_main_lzd_port_3	derpy_effect_region_resource_whale_oil_production	building_to_building_own	12.0000	6.0000	0.0000	derpy_mr_whale_oil_0
wh2_main_rogue_port_1	derpy_effect_region_resource_whale_oil_production	building_to_building_own	6.0000	3.0000	0.0000	derpy_mr_whale_oil_0
wh2_main_rogue_port_2	derpy_effect_region_resource_whale_oil_production	building_to_building_own	8.0000	4.0000	0.0000	derpy_mr_whale_oil_0
wh2_main_skv_port_1	derpy_effect_region_resource_whale_oil_production	building_to_building_own	6.0000	3.0000	0.0000	derpy_mr_whale_oil_0
wh2_main_skv_port_2	derpy_effect_region_resource_whale_oil_production	building_to_building_own	8.0000	4.0000	0.0000	derpy_mr_whale_oil_0
wh2_main_skv_port_3	derpy_effect_region_resource_whale_oil_production	building_to_building_own	12.0000	6.0000	0.0000	derpy_mr_whale_oil_0
wh2_main_special_lothern_port_1	derpy_effect_region_resource_whale_oil_production	building_to_building_own	6.0000	3.0000	0.0000	derpy_mr_whale_oil_0
wh2_main_special_lothern_port_2	derpy_effect_region_resource_whale_oil_production	building_to_building_own	8.0000	4.0000	0.0000	derpy_mr_whale_oil_0
wh2_main_special_lothern_port_3	derpy_effect_region_resource_whale_oil_production	building_to_building_own	12.0000	6.0000	0.0000	derpy_mr_whale_oil_0
wh2_main_special_lothern_port_norsca_1	derpy_effect_region_resource_whale_oil_production	building_to_building_own	6.0000	3.0000	0.0000	derpy_mr_whale_oil_0
wh2_main_special_lothern_port_other_1	derpy_effect_region_resource_whale_oil_production	building_to_building_own	6.0000	3.0000	0.0000	derpy_mr_whale_oil_0
wh2_main_special_lothern_port_other_2	derpy_effect_region_resource_whale_oil_production	building_to_building_own	8.0000	4.0000	0.0000	derpy_mr_whale_oil_0
wh2_main_special_lothern_port_other_3	derpy_effect_region_resource_whale_oil_production	building_to_building_own	12.0000	6.0000	0.0000	derpy_mr_whale_oil_0
wh3_dlc23_chd_tower_port_1	derpy_effect_region_resource_whale_oil_production	building_to_building_own	6.0000	3.0000	0.0000	derpy_mr_whale_oil_0
wh3_dlc23_chd_tower_port_2	derpy_effect_region_resource_whale_oil_production	building_to_building_own	8.0000	4.0000	0.0000	derpy_mr_whale_oil_0
wh3_dlc23_chd_tower_port_3	derpy_effect_region_resource_whale_oil_production	building_to_building_own	12.0000	6.0000	0.0000	derpy_mr_whale_oil_0
wh3_dlc23_special_fortress_of_dawn_dawns_harbour_1	derpy_effect_region_resource_whale_oil_production	building_to_building_own	6.0000	3.0000	0.0000	derpy_mr_whale_oil_0
wh3_dlc23_special_fortress_of_dawn_dawns_harbour_2	derpy_effect_region_resource_whale_oil_production	building_to_building_own	8.0000	4.0000	0.0000	derpy_mr_whale_oil_0
wh3_dlc23_special_fortress_of_dawn_dawns_harbour_3	derpy_effect_region_resource_whale_oil_production	building_to_building_own	12.0000	6.0000	0.0000	derpy_mr_whale_oil_0
wh3_dlc23_special_fortress_of_dawn_dawns_harbour_chd_1	derpy_effect_region_resource_whale_oil_production	building_to_building_own	6.0000	3.0000	0.0000	derpy_mr_whale_oil_0
wh3_dlc23_special_fortress_of_dawn_dawns_harbour_chd_2	derpy_effect_region_resource_whale_oil_production	building_to_building_own	8.0000	4.0000	0.0000	derpy_mr_whale_oil_0
wh3_dlc23_special_fortress_of_dawn_dawns_harbour_chd_3	derpy_effect_region_resource_whale_oil_production	building_to_building_own	12.0000	6.0000	0.0000	derpy_mr_whale_oil_0
wh3_dlc23_special_fortress_of_dawn_dawns_harbour_def_1	derpy_effect_region_resource_whale_oil_production	building_to_building_own	6.0000	3.0000	0.0000	derpy_mr_whale_oil_0
wh3_dlc23_special_fortress_of_dawn_dawns_harbour_def_2	derpy_effect_region_resource_whale_oil_production	building_to_building_own	8.0000	4.0000	0.0000	derpy_mr_whale_oil_0
wh3_dlc23_special_fortress_of_dawn_dawns_harbour_def_3	derpy_effect_region_resource_whale_oil_production	building_to_building_own	12.0000	6.0000	0.0000	derpy_mr_whale_oil_0
wh3_dlc23_special_fortress_of_dawn_dawns_harbour_hef_1	derpy_effect_region_resource_whale_oil_production	building_to_building_own	6.0000	3.0000	0.0000	derpy_mr_whale_oil_0
wh3_dlc23_special_fortress_of_dawn_dawns_harbour_hef_2	derpy_effect_region_resource_whale_oil_production	building_to_building_own	8.0000	4.0000	0.0000	derpy_mr_whale_oil_0
wh3_dlc23_special_fortress_of_dawn_dawns_harbour_hef_3	derpy_effect_region_resource_whale_oil_production	building_to_building_own	12.0000	6.0000	0.0000	derpy_mr_whale_oil_0
wh3_dlc24_special_fu_chow_port_1	derpy_effect_region_resource_whale_oil_production	building_to_building_own	6.0000	3.0000	0.0000	derpy_mr_whale_oil_0
wh3_dlc24_special_fu_chow_port_2	derpy_effect_region_resource_whale_oil_production	building_to_building_own	8.0000	4.0000	0.0000	derpy_mr_whale_oil_0
wh3_dlc24_special_fu_chow_port_3	derpy_effect_region_resource_whale_oil_production	building_to_building_own	12.0000	6.0000	0.0000	derpy_mr_whale_oil_0
wh3_dlc27_hef_colony_port_1	derpy_effect_region_resource_whale_oil_production	building_to_building_own	6.0000	3.0000	0.0000	derpy_mr_whale_oil_0
wh3_dlc27_hef_colony_port_2	derpy_effect_region_resource_whale_oil_production	building_to_building_own	8.0000	4.0000	0.0000	derpy_mr_whale_oil_0
wh3_dlc27_hef_colony_port_3	derpy_effect_region_resource_whale_oil_production	building_to_building_own	12.0000	6.0000	0.0000	derpy_mr_whale_oil_0
wh3_dlc27_nor_port_altar_1	derpy_effect_region_resource_whale_oil_production	building_to_building_own	6.0000	3.0000	0.0000	derpy_mr_whale_oil_0
wh3_dlc29_special_marienburg_port_chs_1	derpy_effect_region_resource_whale_oil_production	building_to_building_own	6.0000	3.0000	0.0000	derpy_mr_whale_oil_0
wh3_dlc29_special_marienburg_port_chs_2	derpy_effect_region_resource_whale_oil_production	building_to_building_own	8.0000	4.0000	0.0000	derpy_mr_whale_oil_0
wh3_dlc29_special_marienburg_port_chs_3	derpy_effect_region_resource_whale_oil_production	building_to_building_own	12.0000	6.0000	0.0000	derpy_mr_whale_oil_0
wh3_main_cth_port_1	derpy_effect_region_resource_whale_oil_production	building_to_building_own	6.0000	3.0000	0.0000	derpy_mr_whale_oil_0
wh3_main_cth_port_2	derpy_effect_region_resource_whale_oil_production	building_to_building_own	8.0000	4.0000	0.0000	derpy_mr_whale_oil_0
wh3_main_cth_port_3	derpy_effect_region_resource_whale_oil_production	building_to_building_own	12.0000	6.0000	0.0000	derpy_mr_whale_oil_0
wh3_main_ksl_port_1	derpy_effect_region_resource_whale_oil_production	building_to_building_own	6.0000	3.0000	0.0000	derpy_mr_whale_oil_0
wh3_main_ksl_port_2	derpy_effect_region_resource_whale_oil_production	building_to_building_own	8.0000	4.0000	0.0000	derpy_mr_whale_oil_0
wh3_main_ksl_port_3	derpy_effect_region_resource_whale_oil_production	building_to_building_own	12.0000	6.0000	0.0000	derpy_mr_whale_oil_0
wh3_main_ogr_port_1	derpy_effect_region_resource_whale_oil_production	building_to_building_own	6.0000	3.0000	0.0000	derpy_mr_whale_oil_0
wh3_main_ogr_port_2	derpy_effect_region_resource_whale_oil_production	building_to_building_own	8.0000	4.0000	0.0000	derpy_mr_whale_oil_0
wh3_main_special_ksl_erengrad_3_1	derpy_effect_region_resource_whale_oil_production	building_to_building_own	6.0000	3.0000	0.0000	derpy_mr_whale_oil_0
wh3_main_special_ksl_erengrad_3_2	derpy_effect_region_resource_whale_oil_production	building_to_building_own	8.0000	4.0000	0.0000	derpy_mr_whale_oil_0
wh3_main_special_ksl_erengrad_3_3	derpy_effect_region_resource_whale_oil_production	building_to_building_own	12.0000	6.0000	0.0000	derpy_mr_whale_oil_0
wh3_main_special_ksl_erengrad_3_4	derpy_effect_region_resource_whale_oil_production	building_to_building_own	12.0000	6.0000	0.0000	derpy_mr_whale_oil_0
wh3_main_special_ksl_erengrad_3_5	derpy_effect_region_resource_whale_oil_production	building_to_building_own	12.0000	6.0000	0.0000	derpy_mr_whale_oil_0
wh_dlc05_special_bordeleaux_port_wef_1	derpy_effect_region_resource_whale_oil_production	building_to_building_own	6.0000	3.0000	0.0000	derpy_mr_whale_oil_0
wh_dlc05_special_erengrad_port_wef_1	derpy_effect_region_resource_whale_oil_production	building_to_building_own	6.0000	3.0000	0.0000	derpy_mr_whale_oil_0
wh_dlc05_special_marienburg_port_wef_1	derpy_effect_region_resource_whale_oil_production	building_to_building_own	6.0000	3.0000	0.0000	derpy_mr_whale_oil_0
wh_dlc05_wef_port_1	derpy_effect_region_resource_whale_oil_production	building_to_building_own	6.0000	3.0000	0.0000	derpy_mr_whale_oil_0
wh_main_brt_port_1	derpy_effect_region_resource_whale_oil_production	building_to_building_own	6.0000	3.0000	0.0000	derpy_mr_whale_oil_0
wh_main_brt_port_2	derpy_effect_region_resource_whale_oil_production	building_to_building_own	8.0000	4.0000	0.0000	derpy_mr_whale_oil_0
wh_main_brt_port_3	derpy_effect_region_resource_whale_oil_production	building_to_building_own	12.0000	6.0000	0.0000	derpy_mr_whale_oil_0
wh_main_chs_port_1	derpy_effect_region_resource_whale_oil_production	building_to_building_own	6.0000	3.0000	0.0000	derpy_mr_whale_oil_0
wh_main_chs_port_2	derpy_effect_region_resource_whale_oil_production	building_to_building_own	8.0000	4.0000	0.0000	derpy_mr_whale_oil_0
wh_main_chs_port_3	derpy_effect_region_resource_whale_oil_production	building_to_building_own	12.0000	6.0000	0.0000	derpy_mr_whale_oil_0
wh_main_dwf_port_1	derpy_effect_region_resource_whale_oil_production	building_to_building_own	6.0000	3.0000	0.0000	derpy_mr_whale_oil_0
wh_main_dwf_port_2	derpy_effect_region_resource_whale_oil_production	building_to_building_own	8.0000	4.0000	0.0000	derpy_mr_whale_oil_0
wh_main_dwf_port_3	derpy_effect_region_resource_whale_oil_production	building_to_building_own	12.0000	6.0000	0.0000	derpy_mr_whale_oil_0
wh_main_emp_port_1	derpy_effect_region_resource_whale_oil_production	building_to_building_own	6.0000	3.0000	0.0000	derpy_mr_whale_oil_0
wh_main_emp_port_2	derpy_effect_region_resource_whale_oil_production	building_to_building_own	8.0000	4.0000	0.0000	derpy_mr_whale_oil_0
wh_main_emp_port_3	derpy_effect_region_resource_whale_oil_production	building_to_building_own	12.0000	6.0000	0.0000	derpy_mr_whale_oil_0
wh_main_grn_port_1	derpy_effect_region_resource_whale_oil_production	building_to_building_own	6.0000	3.0000	0.0000	derpy_mr_whale_oil_0
wh_main_grn_port_2	derpy_effect_region_resource_whale_oil_production	building_to_building_own	8.0000	4.0000	0.0000	derpy_mr_whale_oil_0
wh_main_grn_port_3	derpy_effect_region_resource_whale_oil_production	building_to_building_own	12.0000	6.0000	0.0000	derpy_mr_whale_oil_0
wh_main_nor_port_1	derpy_effect_region_resource_whale_oil_production	building_to_building_own	6.0000	3.0000	0.0000	derpy_mr_whale_oil_0
wh_main_nor_port_2	derpy_effect_region_resource_whale_oil_production	building_to_building_own	8.0000	4.0000	0.0000	derpy_mr_whale_oil_0
wh_main_nor_port_3	derpy_effect_region_resource_whale_oil_production	building_to_building_own	12.0000	6.0000	0.0000	derpy_mr_whale_oil_0
wh_main_teb_port_1	derpy_effect_region_resource_whale_oil_production	building_to_building_own	6.0000	3.0000	0.0000	derpy_mr_whale_oil_0
wh_main_teb_port_2	derpy_effect_region_resource_whale_oil_production	building_to_building_own	8.0000	4.0000	0.0000	derpy_mr_whale_oil_0
wh_main_teb_port_3	derpy_effect_region_resource_whale_oil_production	building_to_building_own	12.0000	6.0000	0.0000	derpy_mr_whale_oil_0
wh_main_vmp_port_1	derpy_effect_region_resource_whale_oil_production	building_to_building_own	6.0000	3.0000	0.0000	derpy_mr_whale_oil_0
wh_main_vmp_port_2	derpy_effect_region_resource_whale_oil_production	building_to_building_own	8.0000	4.0000	0.0000	derpy_mr_whale_oil_0
wh_main_vmp_port_3	derpy_effect_region_resource_whale_oil_production	building_to_building_own	12.0000	6.0000	0.0000	derpy_mr_whale_oil_0
wh_main_brt_legendary_port_1	derpy_effect_region_resource_whale_oil_production	building_to_building_own	6.0000	3.0000	0.0000	derpy_mr_whale_oil_0
wh_main_brt_legendary_port_2	derpy_effect_region_resource_whale_oil_production	building_to_building_own	8.0000	4.0000	0.0000	derpy_mr_whale_oil_0
wh_main_brt_legendary_port_3	derpy_effect_region_resource_whale_oil_production	building_to_building_own	12.0000	6.0000	0.0000	derpy_mr_whale_oil_0
wh_main_special_erengrad_port_1	derpy_effect_region_resource_whale_oil_production	building_to_building_own	6.0000	3.0000	0.0000	derpy_mr_whale_oil_0
wh_main_special_erengrad_port_2	derpy_effect_region_resource_whale_oil_production	building_to_building_own	8.0000	4.0000	0.0000	derpy_mr_whale_oil_0
wh_main_special_erengrad_port_3	derpy_effect_region_resource_whale_oil_production	building_to_building_own	12.0000	6.0000	0.0000	derpy_mr_whale_oil_0
wh_main_special_marienburg_port_1	derpy_effect_region_resource_whale_oil_production	building_to_building_own	6.0000	3.0000	0.0000	derpy_mr_whale_oil_0
wh_main_special_marienburg_port_2	derpy_effect_region_resource_whale_oil_production	building_to_building_own	8.0000	4.0000	0.0000	derpy_mr_whale_oil_0
wh_main_special_marienburg_port_3	derpy_effect_region_resource_whale_oil_production	building_to_building_own	12.0000	6.0000	0.0000	derpy_mr_whale_oil_0
wh_twa03_special_albion_port_def_1	derpy_effect_region_resource_whale_oil_production	building_to_building_own	6.0000	3.0000	0.0000	derpy_mr_whale_oil_0
wh_twa03_special_albion_port_def_2	derpy_effect_region_resource_whale_oil_production	building_to_building_own	8.0000	4.0000	0.0000	derpy_mr_whale_oil_0
wh2_dlc11_vampirecoast_port_1	derpy_effect_region_resource_sea_dragon_hide_production	building_to_building_own	3.0000	2.0000	0.0000	derpy_mr_sea_dragon_hide_0
wh2_dlc11_vampirecoast_port_2	derpy_effect_region_resource_sea_dragon_hide_production	building_to_building_own	4.0000	2.0000	0.0000	derpy_mr_sea_dragon_hide_0
wh2_dlc11_vampirecoast_port_3	derpy_effect_region_resource_sea_dragon_hide_production	building_to_building_own	6.0000	3.0000	0.0000	derpy_mr_sea_dragon_hide_0
wh2_dlc14_special_copher_port_1	derpy_effect_region_resource_sea_dragon_hide_production	building_to_building_own	3.0000	2.0000	0.0000	derpy_mr_sea_dragon_hide_0
wh2_dlc14_special_copher_port_2	derpy_effect_region_resource_sea_dragon_hide_production	building_to_building_own	4.0000	2.0000	0.0000	derpy_mr_sea_dragon_hide_0
wh2_dlc14_special_copher_port_1_brettonia	derpy_effect_region_resource_sea_dragon_hide_production	building_to_building_own	3.0000	2.0000	0.0000	derpy_mr_sea_dragon_hide_0
wh2_dlc14_special_copher_port_2_bretonnia	derpy_effect_region_resource_sea_dragon_hide_production	building_to_building_own	4.0000	2.0000	0.0000	derpy_mr_sea_dragon_hide_0
wh2_dlc14_special_dragon_isle_port_1	derpy_effect_region_resource_sea_dragon_hide_production	building_to_building_own	3.0000	2.0000	0.0000	derpy_mr_sea_dragon_hide_0
wh2_dlc14_special_dragon_isle_port_2	derpy_effect_region_resource_sea_dragon_hide_production	building_to_building_own	4.0000	2.0000	0.0000	derpy_mr_sea_dragon_hide_0
wh2_dlc14_special_dragon_isle_port_3	derpy_effect_region_resource_sea_dragon_hide_production	building_to_building_own	6.0000	3.0000	0.0000	derpy_mr_sea_dragon_hide_0
wh2_dlc14_special_dragon_isle_port_1_grn	derpy_effect_region_resource_sea_dragon_hide_production	building_to_building_own	3.0000	2.0000	0.0000	derpy_mr_sea_dragon_hide_0
wh2_dlc14_special_dragon_isle_port_2_grn	derpy_effect_region_resource_sea_dragon_hide_production	building_to_building_own	4.0000	2.0000	0.0000	derpy_mr_sea_dragon_hide_0
wh2_dlc14_special_dragon_isle_port_3_grn	derpy_effect_region_resource_sea_dragon_hide_production	building_to_building_own	6.0000	3.0000	0.0000	derpy_mr_sea_dragon_hide_0
wh2_main_def_port_1	derpy_effect_region_resource_sea_dragon_hide_production	building_to_building_own	3.0000	2.0000	0.0000	derpy_mr_sea_dragon_hide_0
wh2_main_def_port_2	derpy_effect_region_resource_sea_dragon_hide_production	building_to_building_own	4.0000	2.0000	0.0000	derpy_mr_sea_dragon_hide_0
wh2_main_def_port_3	derpy_effect_region_resource_sea_dragon_hide_production	building_to_building_own	6.0000	3.0000	0.0000	derpy_mr_sea_dragon_hide_0
wh2_main_hef_port_1	derpy_effect_region_resource_sea_dragon_hide_production	building_to_building_own	3.0000	2.0000	0.0000	derpy_mr_sea_dragon_hide_0
wh2_main_hef_port_2	derpy_effect_region_resource_sea_dragon_hide_production	building_to_building_own	4.0000	2.0000	0.0000	derpy_mr_sea_dragon_hide_0
wh2_main_hef_port_3	derpy_effect_region_resource_sea_dragon_hide_production	building_to_building_own	6.0000	3.0000	0.0000	derpy_mr_sea_dragon_hide_0
wh2_main_lzd_port_1	derpy_effect_region_resource_sea_dragon_hide_production	building_to_building_own	3.0000	2.0000	0.0000	derpy_mr_sea_dragon_hide_0
wh2_main_lzd_port_2	derpy_effect_region_resource_sea_dragon_hide_production	building_to_building_own	4.0000	2.0000	0.0000	derpy_mr_sea_dragon_hide_0
wh2_main_lzd_port_3	derpy_effect_region_resource_sea_dragon_hide_production	building_to_building_own	6.0000	3.0000	0.0000	derpy_mr_sea_dragon_hide_0
wh2_main_rogue_port_1	derpy_effect_region_resource_sea_dragon_hide_production	building_to_building_own	3.0000	2.0000	0.0000	derpy_mr_sea_dragon_hide_0
wh2_main_rogue_port_2	derpy_effect_region_resource_sea_dragon_hide_production	building_to_building_own	4.0000	2.0000	0.0000	derpy_mr_sea_dragon_hide_0
wh2_main_skv_port_1	derpy_effect_region_resource_sea_dragon_hide_production	building_to_building_own	3.0000	2.0000	0.0000	derpy_mr_sea_dragon_hide_0
wh2_main_skv_port_2	derpy_effect_region_resource_sea_dragon_hide_production	building_to_building_own	4.0000	2.0000	0.0000	derpy_mr_sea_dragon_hide_0
wh2_main_skv_port_3	derpy_effect_region_resource_sea_dragon_hide_production	building_to_building_own	6.0000	3.0000	0.0000	derpy_mr_sea_dragon_hide_0
wh2_main_special_lothern_port_1	derpy_effect_region_resource_sea_dragon_hide_production	building_to_building_own	3.0000	2.0000	0.0000	derpy_mr_sea_dragon_hide_0
wh2_main_special_lothern_port_2	derpy_effect_region_resource_sea_dragon_hide_production	building_to_building_own	4.0000	2.0000	0.0000	derpy_mr_sea_dragon_hide_0
wh2_main_special_lothern_port_3	derpy_effect_region_resource_sea_dragon_hide_production	building_to_building_own	6.0000	3.0000	0.0000	derpy_mr_sea_dragon_hide_0
wh2_main_special_lothern_port_norsca_1	derpy_effect_region_resource_sea_dragon_hide_production	building_to_building_own	3.0000	2.0000	0.0000	derpy_mr_sea_dragon_hide_0
wh2_main_special_lothern_port_other_1	derpy_effect_region_resource_sea_dragon_hide_production	building_to_building_own	3.0000	2.0000	0.0000	derpy_mr_sea_dragon_hide_0
wh2_main_special_lothern_port_other_2	derpy_effect_region_resource_sea_dragon_hide_production	building_to_building_own	4.0000	2.0000	0.0000	derpy_mr_sea_dragon_hide_0
wh2_main_special_lothern_port_other_3	derpy_effect_region_resource_sea_dragon_hide_production	building_to_building_own	6.0000	3.0000	0.0000	derpy_mr_sea_dragon_hide_0
wh3_dlc23_chd_tower_port_1	derpy_effect_region_resource_sea_dragon_hide_production	building_to_building_own	3.0000	2.0000	0.0000	derpy_mr_sea_dragon_hide_0
wh3_dlc23_chd_tower_port_2	derpy_effect_region_resource_sea_dragon_hide_production	building_to_building_own	4.0000	2.0000	0.0000	derpy_mr_sea_dragon_hide_0
wh3_dlc23_chd_tower_port_3	derpy_effect_region_resource_sea_dragon_hide_production	building_to_building_own	6.0000	3.0000	0.0000	derpy_mr_sea_dragon_hide_0
wh3_dlc23_special_fortress_of_dawn_dawns_harbour_1	derpy_effect_region_resource_sea_dragon_hide_production	building_to_building_own	3.0000	2.0000	0.0000	derpy_mr_sea_dragon_hide_0
wh3_dlc23_special_fortress_of_dawn_dawns_harbour_2	derpy_effect_region_resource_sea_dragon_hide_production	building_to_building_own	4.0000	2.0000	0.0000	derpy_mr_sea_dragon_hide_0
wh3_dlc23_special_fortress_of_dawn_dawns_harbour_3	derpy_effect_region_resource_sea_dragon_hide_production	building_to_building_own	6.0000	3.0000	0.0000	derpy_mr_sea_dragon_hide_0
wh3_dlc23_special_fortress_of_dawn_dawns_harbour_chd_1	derpy_effect_region_resource_sea_dragon_hide_production	building_to_building_own	3.0000	2.0000	0.0000	derpy_mr_sea_dragon_hide_0
wh3_dlc23_special_fortress_of_dawn_dawns_harbour_chd_2	derpy_effect_region_resource_sea_dragon_hide_production	building_to_building_own	4.0000	2.0000	0.0000	derpy_mr_sea_dragon_hide_0
wh3_dlc23_special_fortress_of_dawn_dawns_harbour_chd_3	derpy_effect_region_resource_sea_dragon_hide_production	building_to_building_own	6.0000	3.0000	0.0000	derpy_mr_sea_dragon_hide_0
wh3_dlc23_special_fortress_of_dawn_dawns_harbour_def_1	derpy_effect_region_resource_sea_dragon_hide_production	building_to_building_own	3.0000	2.0000	0.0000	derpy_mr_sea_dragon_hide_0
wh3_dlc23_special_fortress_of_dawn_dawns_harbour_def_2	derpy_effect_region_resource_sea_dragon_hide_production	building_to_building_own	4.0000	2.0000	0.0000	derpy_mr_sea_dragon_hide_0
wh3_dlc23_special_fortress_of_dawn_dawns_harbour_def_3	derpy_effect_region_resource_sea_dragon_hide_production	building_to_building_own	6.0000	3.0000	0.0000	derpy_mr_sea_dragon_hide_0
wh3_dlc23_special_fortress_of_dawn_dawns_harbour_hef_1	derpy_effect_region_resource_sea_dragon_hide_production	building_to_building_own	3.0000	2.0000	0.0000	derpy_mr_sea_dragon_hide_0
wh3_dlc23_special_fortress_of_dawn_dawns_harbour_hef_2	derpy_effect_region_resource_sea_dragon_hide_production	building_to_building_own	4.0000	2.0000	0.0000	derpy_mr_sea_dragon_hide_0
wh3_dlc23_special_fortress_of_dawn_dawns_harbour_hef_3	derpy_effect_region_resource_sea_dragon_hide_production	building_to_building_own	6.0000	3.0000	0.0000	derpy_mr_sea_dragon_hide_0
wh3_dlc24_special_fu_chow_port_1	derpy_effect_region_resource_sea_dragon_hide_production	building_to_building_own	3.0000	2.0000	0.0000	derpy_mr_sea_dragon_hide_0
wh3_dlc24_special_fu_chow_port_2	derpy_effect_region_resource_sea_dragon_hide_production	building_to_building_own	4.0000	2.0000	0.0000	derpy_mr_sea_dragon_hide_0
wh3_dlc24_special_fu_chow_port_3	derpy_effect_region_resource_sea_dragon_hide_production	building_to_building_own	6.0000	3.0000	0.0000	derpy_mr_sea_dragon_hide_0
wh3_dlc27_hef_colony_port_1	derpy_effect_region_resource_sea_dragon_hide_production	building_to_building_own	3.0000	2.0000	0.0000	derpy_mr_sea_dragon_hide_0
wh3_dlc27_hef_colony_port_2	derpy_effect_region_resource_sea_dragon_hide_production	building_to_building_own	4.0000	2.0000	0.0000	derpy_mr_sea_dragon_hide_0
wh3_dlc27_hef_colony_port_3	derpy_effect_region_resource_sea_dragon_hide_production	building_to_building_own	6.0000	3.0000	0.0000	derpy_mr_sea_dragon_hide_0
wh3_dlc27_nor_port_altar_1	derpy_effect_region_resource_sea_dragon_hide_production	building_to_building_own	3.0000	2.0000	0.0000	derpy_mr_sea_dragon_hide_0
wh3_dlc29_special_marienburg_port_chs_1	derpy_effect_region_resource_sea_dragon_hide_production	building_to_building_own	3.0000	2.0000	0.0000	derpy_mr_sea_dragon_hide_0
wh3_dlc29_special_marienburg_port_chs_2	derpy_effect_region_resource_sea_dragon_hide_production	building_to_building_own	4.0000	2.0000	0.0000	derpy_mr_sea_dragon_hide_0
wh3_dlc29_special_marienburg_port_chs_3	derpy_effect_region_resource_sea_dragon_hide_production	building_to_building_own	6.0000	3.0000	0.0000	derpy_mr_sea_dragon_hide_0
wh3_main_cth_port_1	derpy_effect_region_resource_sea_dragon_hide_production	building_to_building_own	3.0000	2.0000	0.0000	derpy_mr_sea_dragon_hide_0
wh3_main_cth_port_2	derpy_effect_region_resource_sea_dragon_hide_production	building_to_building_own	4.0000	2.0000	0.0000	derpy_mr_sea_dragon_hide_0
wh3_main_cth_port_3	derpy_effect_region_resource_sea_dragon_hide_production	building_to_building_own	6.0000	3.0000	0.0000	derpy_mr_sea_dragon_hide_0
wh3_main_ksl_port_1	derpy_effect_region_resource_sea_dragon_hide_production	building_to_building_own	3.0000	2.0000	0.0000	derpy_mr_sea_dragon_hide_0
wh3_main_ksl_port_2	derpy_effect_region_resource_sea_dragon_hide_production	building_to_building_own	4.0000	2.0000	0.0000	derpy_mr_sea_dragon_hide_0
wh3_main_ksl_port_3	derpy_effect_region_resource_sea_dragon_hide_production	building_to_building_own	6.0000	3.0000	0.0000	derpy_mr_sea_dragon_hide_0
wh3_main_ogr_port_1	derpy_effect_region_resource_sea_dragon_hide_production	building_to_building_own	3.0000	2.0000	0.0000	derpy_mr_sea_dragon_hide_0
wh3_main_ogr_port_2	derpy_effect_region_resource_sea_dragon_hide_production	building_to_building_own	4.0000	2.0000	0.0000	derpy_mr_sea_dragon_hide_0
wh3_main_special_ksl_erengrad_3_1	derpy_effect_region_resource_sea_dragon_hide_production	building_to_building_own	3.0000	2.0000	0.0000	derpy_mr_sea_dragon_hide_0
wh3_main_special_ksl_erengrad_3_2	derpy_effect_region_resource_sea_dragon_hide_production	building_to_building_own	4.0000	2.0000	0.0000	derpy_mr_sea_dragon_hide_0
wh3_main_special_ksl_erengrad_3_3	derpy_effect_region_resource_sea_dragon_hide_production	building_to_building_own	6.0000	3.0000	0.0000	derpy_mr_sea_dragon_hide_0
wh3_main_special_ksl_erengrad_3_4	derpy_effect_region_resource_sea_dragon_hide_production	building_to_building_own	6.0000	3.0000	0.0000	derpy_mr_sea_dragon_hide_0
wh3_main_special_ksl_erengrad_3_5	derpy_effect_region_resource_sea_dragon_hide_production	building_to_building_own	6.0000	3.0000	0.0000	derpy_mr_sea_dragon_hide_0
wh_dlc05_special_bordeleaux_port_wef_1	derpy_effect_region_resource_sea_dragon_hide_production	building_to_building_own	3.0000	2.0000	0.0000	derpy_mr_sea_dragon_hide_0
wh_dlc05_special_erengrad_port_wef_1	derpy_effect_region_resource_sea_dragon_hide_production	building_to_building_own	3.0000	2.0000	0.0000	derpy_mr_sea_dragon_hide_0
wh_dlc05_special_marienburg_port_wef_1	derpy_effect_region_resource_sea_dragon_hide_production	building_to_building_own	3.0000	2.0000	0.0000	derpy_mr_sea_dragon_hide_0
wh_dlc05_wef_port_1	derpy_effect_region_resource_sea_dragon_hide_production	building_to_building_own	3.0000	2.0000	0.0000	derpy_mr_sea_dragon_hide_0
wh_main_brt_port_1	derpy_effect_region_resource_sea_dragon_hide_production	building_to_building_own	3.0000	2.0000	0.0000	derpy_mr_sea_dragon_hide_0
wh_main_brt_port_2	derpy_effect_region_resource_sea_dragon_hide_production	building_to_building_own	4.0000	2.0000	0.0000	derpy_mr_sea_dragon_hide_0
wh_main_brt_port_3	derpy_effect_region_resource_sea_dragon_hide_production	building_to_building_own	6.0000	3.0000	0.0000	derpy_mr_sea_dragon_hide_0
wh_main_chs_port_1	derpy_effect_region_resource_sea_dragon_hide_production	building_to_building_own	3.0000	2.0000	0.0000	derpy_mr_sea_dragon_hide_0
wh_main_chs_port_2	derpy_effect_region_resource_sea_dragon_hide_production	building_to_building_own	4.0000	2.0000	0.0000	derpy_mr_sea_dragon_hide_0
wh_main_chs_port_3	derpy_effect_region_resource_sea_dragon_hide_production	building_to_building_own	6.0000	3.0000	0.0000	derpy_mr_sea_dragon_hide_0
wh_main_dwf_port_1	derpy_effect_region_resource_sea_dragon_hide_production	building_to_building_own	3.0000	2.0000	0.0000	derpy_mr_sea_dragon_hide_0
wh_main_dwf_port_2	derpy_effect_region_resource_sea_dragon_hide_production	building_to_building_own	4.0000	2.0000	0.0000	derpy_mr_sea_dragon_hide_0
wh_main_dwf_port_3	derpy_effect_region_resource_sea_dragon_hide_production	building_to_building_own	6.0000	3.0000	0.0000	derpy_mr_sea_dragon_hide_0
wh_main_emp_port_1	derpy_effect_region_resource_sea_dragon_hide_production	building_to_building_own	3.0000	2.0000	0.0000	derpy_mr_sea_dragon_hide_0
wh_main_emp_port_2	derpy_effect_region_resource_sea_dragon_hide_production	building_to_building_own	4.0000	2.0000	0.0000	derpy_mr_sea_dragon_hide_0
wh_main_emp_port_3	derpy_effect_region_resource_sea_dragon_hide_production	building_to_building_own	6.0000	3.0000	0.0000	derpy_mr_sea_dragon_hide_0
wh_main_grn_port_1	derpy_effect_region_resource_sea_dragon_hide_production	building_to_building_own	3.0000	2.0000	0.0000	derpy_mr_sea_dragon_hide_0
wh_main_grn_port_2	derpy_effect_region_resource_sea_dragon_hide_production	building_to_building_own	4.0000	2.0000	0.0000	derpy_mr_sea_dragon_hide_0
wh_main_grn_port_3	derpy_effect_region_resource_sea_dragon_hide_production	building_to_building_own	6.0000	3.0000	0.0000	derpy_mr_sea_dragon_hide_0
wh_main_nor_port_1	derpy_effect_region_resource_sea_dragon_hide_production	building_to_building_own	3.0000	2.0000	0.0000	derpy_mr_sea_dragon_hide_0
wh_main_nor_port_2	derpy_effect_region_resource_sea_dragon_hide_production	building_to_building_own	4.0000	2.0000	0.0000	derpy_mr_sea_dragon_hide_0
wh_main_nor_port_3	derpy_effect_region_resource_sea_dragon_hide_production	building_to_building_own	6.0000	3.0000	0.0000	derpy_mr_sea_dragon_hide_0
wh_main_teb_port_1	derpy_effect_region_resource_sea_dragon_hide_production	building_to_building_own	3.0000	2.0000	0.0000	derpy_mr_sea_dragon_hide_0
wh_main_teb_port_2	derpy_effect_region_resource_sea_dragon_hide_production	building_to_building_own	4.0000	2.0000	0.0000	derpy_mr_sea_dragon_hide_0
wh_main_teb_port_3	derpy_effect_region_resource_sea_dragon_hide_production	building_to_building_own	6.0000	3.0000	0.0000	derpy_mr_sea_dragon_hide_0
wh_main_vmp_port_1	derpy_effect_region_resource_sea_dragon_hide_production	building_to_building_own	3.0000	2.0000	0.0000	derpy_mr_sea_dragon_hide_0
wh_main_vmp_port_2	derpy_effect_region_resource_sea_dragon_hide_production	building_to_building_own	4.0000	2.0000	0.0000	derpy_mr_sea_dragon_hide_0
wh_main_vmp_port_3	derpy_effect_region_resource_sea_dragon_hide_production	building_to_building_own	6.0000	3.0000	0.0000	derpy_mr_sea_dragon_hide_0
wh_main_brt_legendary_port_1	derpy_effect_region_resource_sea_dragon_hide_production	building_to_building_own	3.0000	2.0000	0.0000	derpy_mr_sea_dragon_hide_0
wh_main_brt_legendary_port_2	derpy_effect_region_resource_sea_dragon_hide_production	building_to_building_own	4.0000	2.0000	0.0000	derpy_mr_sea_dragon_hide_0
wh_main_brt_legendary_port_3	derpy_effect_region_resource_sea_dragon_hide_production	building_to_building_own	6.0000	3.0000	0.0000	derpy_mr_sea_dragon_hide_0
wh_main_special_erengrad_port_1	derpy_effect_region_resource_sea_dragon_hide_production	building_to_building_own	3.0000	2.0000	0.0000	derpy_mr_sea_dragon_hide_0
wh_main_special_erengrad_port_2	derpy_effect_region_resource_sea_dragon_hide_production	building_to_building_own	4.0000	2.0000	0.0000	derpy_mr_sea_dragon_hide_0
wh_main_special_erengrad_port_3	derpy_effect_region_resource_sea_dragon_hide_production	building_to_building_own	6.0000	3.0000	0.0000	derpy_mr_sea_dragon_hide_0
wh_main_special_marienburg_port_1	derpy_effect_region_resource_sea_dragon_hide_production	building_to_building_own	3.0000	2.0000	0.0000	derpy_mr_sea_dragon_hide_0
wh_main_special_marienburg_port_2	derpy_effect_region_resource_sea_dragon_hide_production	building_to_building_own	4.0000	2.0000	0.0000	derpy_mr_sea_dragon_hide_0
wh_main_special_marienburg_port_3	derpy_effect_region_resource_sea_dragon_hide_production	building_to_building_own	6.0000	3.0000	0.0000	derpy_mr_sea_dragon_hide_0
wh_twa03_special_albion_port_def_1	derpy_effect_region_resource_sea_dragon_hide_production	building_to_building_own	3.0000	2.0000	0.0000	derpy_mr_sea_dragon_hide_0
wh_twa03_special_albion_port_def_2	derpy_effect_region_resource_sea_dragon_hide_production	building_to_building_own	4.0000	2.0000	0.0000	derpy_mr_sea_dragon_hide_0
wh2_dlc11_vampirecoast_port_1	derpy_effect_region_resource_rum_production	building_to_building_own	6.0000	3.0000	0.0000	derpy_mr_rum_0
wh2_dlc11_vampirecoast_port_2	derpy_effect_region_resource_rum_production	building_to_building_own	8.0000	4.0000	0.0000	derpy_mr_rum_0
wh2_dlc11_vampirecoast_port_3	derpy_effect_region_resource_rum_production	building_to_building_own	12.0000	6.0000	0.0000	derpy_mr_rum_0
wh2_dlc14_special_copher_port_1	derpy_effect_region_resource_rum_production	building_to_building_own	6.0000	3.0000	0.0000	derpy_mr_rum_0
wh2_dlc14_special_copher_port_2	derpy_effect_region_resource_rum_production	building_to_building_own	8.0000	4.0000	0.0000	derpy_mr_rum_0
wh2_dlc14_special_copher_port_1_brettonia	derpy_effect_region_resource_rum_production	building_to_building_own	6.0000	3.0000	0.0000	derpy_mr_rum_0
wh2_dlc14_special_copher_port_2_bretonnia	derpy_effect_region_resource_rum_production	building_to_building_own	8.0000	4.0000	0.0000	derpy_mr_rum_0
wh2_dlc14_special_dragon_isle_port_1	derpy_effect_region_resource_rum_production	building_to_building_own	6.0000	3.0000	0.0000	derpy_mr_rum_0
wh2_dlc14_special_dragon_isle_port_2	derpy_effect_region_resource_rum_production	building_to_building_own	8.0000	4.0000	0.0000	derpy_mr_rum_0
wh2_dlc14_special_dragon_isle_port_3	derpy_effect_region_resource_rum_production	building_to_building_own	12.0000	6.0000	0.0000	derpy_mr_rum_0
wh2_dlc14_special_dragon_isle_port_1_grn	derpy_effect_region_resource_rum_production	building_to_building_own	6.0000	3.0000	0.0000	derpy_mr_rum_0
wh2_dlc14_special_dragon_isle_port_2_grn	derpy_effect_region_resource_rum_production	building_to_building_own	8.0000	4.0000	0.0000	derpy_mr_rum_0
wh2_dlc14_special_dragon_isle_port_3_grn	derpy_effect_region_resource_rum_production	building_to_building_own	12.0000	6.0000	0.0000	derpy_mr_rum_0
wh2_main_def_port_1	derpy_effect_region_resource_rum_production	building_to_building_own	6.0000	3.0000	0.0000	derpy_mr_rum_0
wh2_main_def_port_2	derpy_effect_region_resource_rum_production	building_to_building_own	8.0000	4.0000	0.0000	derpy_mr_rum_0
wh2_main_def_port_3	derpy_effect_region_resource_rum_production	building_to_building_own	12.0000	6.0000	0.0000	derpy_mr_rum_0
wh2_main_hef_port_1	derpy_effect_region_resource_rum_production	building_to_building_own	6.0000	3.0000	0.0000	derpy_mr_rum_0
wh2_main_hef_port_2	derpy_effect_region_resource_rum_production	building_to_building_own	8.0000	4.0000	0.0000	derpy_mr_rum_0
wh2_main_hef_port_3	derpy_effect_region_resource_rum_production	building_to_building_own	12.0000	6.0000	0.0000	derpy_mr_rum_0
wh2_main_lzd_port_1	derpy_effect_region_resource_rum_production	building_to_building_own	6.0000	3.0000	0.0000	derpy_mr_rum_0
wh2_main_lzd_port_2	derpy_effect_region_resource_rum_production	building_to_building_own	8.0000	4.0000	0.0000	derpy_mr_rum_0
wh2_main_lzd_port_3	derpy_effect_region_resource_rum_production	building_to_building_own	12.0000	6.0000	0.0000	derpy_mr_rum_0
wh2_main_rogue_port_1	derpy_effect_region_resource_rum_production	building_to_building_own	6.0000	3.0000	0.0000	derpy_mr_rum_0
wh2_main_rogue_port_2	derpy_effect_region_resource_rum_production	building_to_building_own	8.0000	4.0000	0.0000	derpy_mr_rum_0
wh2_main_skv_port_1	derpy_effect_region_resource_rum_production	building_to_building_own	6.0000	3.0000	0.0000	derpy_mr_rum_0
wh2_main_skv_port_2	derpy_effect_region_resource_rum_production	building_to_building_own	8.0000	4.0000	0.0000	derpy_mr_rum_0
wh2_main_skv_port_3	derpy_effect_region_resource_rum_production	building_to_building_own	12.0000	6.0000	0.0000	derpy_mr_rum_0
wh2_main_special_lothern_port_1	derpy_effect_region_resource_rum_production	building_to_building_own	6.0000	3.0000	0.0000	derpy_mr_rum_0
wh2_main_special_lothern_port_2	derpy_effect_region_resource_rum_production	building_to_building_own	8.0000	4.0000	0.0000	derpy_mr_rum_0
wh2_main_special_lothern_port_3	derpy_effect_region_resource_rum_production	building_to_building_own	12.0000	6.0000	0.0000	derpy_mr_rum_0
wh2_main_special_lothern_port_norsca_1	derpy_effect_region_resource_rum_production	building_to_building_own	6.0000	3.0000	0.0000	derpy_mr_rum_0
wh2_main_special_lothern_port_other_1	derpy_effect_region_resource_rum_production	building_to_building_own	6.0000	3.0000	0.0000	derpy_mr_rum_0
wh2_main_special_lothern_port_other_2	derpy_effect_region_resource_rum_production	building_to_building_own	8.0000	4.0000	0.0000	derpy_mr_rum_0
wh2_main_special_lothern_port_other_3	derpy_effect_region_resource_rum_production	building_to_building_own	12.0000	6.0000	0.0000	derpy_mr_rum_0
wh3_dlc23_chd_tower_port_1	derpy_effect_region_resource_rum_production	building_to_building_own	6.0000	3.0000	0.0000	derpy_mr_rum_0
wh3_dlc23_chd_tower_port_2	derpy_effect_region_resource_rum_production	building_to_building_own	8.0000	4.0000	0.0000	derpy_mr_rum_0
wh3_dlc23_chd_tower_port_3	derpy_effect_region_resource_rum_production	building_to_building_own	12.0000	6.0000	0.0000	derpy_mr_rum_0
wh3_dlc23_special_fortress_of_dawn_dawns_harbour_1	derpy_effect_region_resource_rum_production	building_to_building_own	6.0000	3.0000	0.0000	derpy_mr_rum_0
wh3_dlc23_special_fortress_of_dawn_dawns_harbour_2	derpy_effect_region_resource_rum_production	building_to_building_own	8.0000	4.0000	0.0000	derpy_mr_rum_0
wh3_dlc23_special_fortress_of_dawn_dawns_harbour_3	derpy_effect_region_resource_rum_production	building_to_building_own	12.0000	6.0000	0.0000	derpy_mr_rum_0
wh3_dlc23_special_fortress_of_dawn_dawns_harbour_chd_1	derpy_effect_region_resource_rum_production	building_to_building_own	6.0000	3.0000	0.0000	derpy_mr_rum_0
wh3_dlc23_special_fortress_of_dawn_dawns_harbour_chd_2	derpy_effect_region_resource_rum_production	building_to_building_own	8.0000	4.0000	0.0000	derpy_mr_rum_0
wh3_dlc23_special_fortress_of_dawn_dawns_harbour_chd_3	derpy_effect_region_resource_rum_production	building_to_building_own	12.0000	6.0000	0.0000	derpy_mr_rum_0
wh3_dlc23_special_fortress_of_dawn_dawns_harbour_def_1	derpy_effect_region_resource_rum_production	building_to_building_own	6.0000	3.0000	0.0000	derpy_mr_rum_0
wh3_dlc23_special_fortress_of_dawn_dawns_harbour_def_2	derpy_effect_region_resource_rum_production	building_to_building_own	8.0000	4.0000	0.0000	derpy_mr_rum_0
wh3_dlc23_special_fortress_of_dawn_dawns_harbour_def_3	derpy_effect_region_resource_rum_production	building_to_building_own	12.0000	6.0000	0.0000	derpy_mr_rum_0
wh3_dlc23_special_fortress_of_dawn_dawns_harbour_hef_1	derpy_effect_region_resource_rum_production	building_to_building_own	6.0000	3.0000	0.0000	derpy_mr_rum_0
wh3_dlc23_special_fortress_of_dawn_dawns_harbour_hef_2	derpy_effect_region_resource_rum_production	building_to_building_own	8.0000	4.0000	0.0000	derpy_mr_rum_0
wh3_dlc23_special_fortress_of_dawn_dawns_harbour_hef_3	derpy_effect_region_resource_rum_production	building_to_building_own	12.0000	6.0000	0.0000	derpy_mr_rum_0
wh3_dlc24_special_fu_chow_port_1	derpy_effect_region_resource_rum_production	building_to_building_own	6.0000	3.0000	0.0000	derpy_mr_rum_0
wh3_dlc24_special_fu_chow_port_2	derpy_effect_region_resource_rum_production	building_to_building_own	8.0000	4.0000	0.0000	derpy_mr_rum_0
wh3_dlc24_special_fu_chow_port_3	derpy_effect_region_resource_rum_production	building_to_building_own	12.0000	6.0000	0.0000	derpy_mr_rum_0
wh3_dlc27_hef_colony_port_1	derpy_effect_region_resource_rum_production	building_to_building_own	6.0000	3.0000	0.0000	derpy_mr_rum_0
wh3_dlc27_hef_colony_port_2	derpy_effect_region_resource_rum_production	building_to_building_own	8.0000	4.0000	0.0000	derpy_mr_rum_0
wh3_dlc27_hef_colony_port_3	derpy_effect_region_resource_rum_production	building_to_building_own	12.0000	6.0000	0.0000	derpy_mr_rum_0
wh3_dlc27_nor_port_altar_1	derpy_effect_region_resource_rum_production	building_to_building_own	6.0000	3.0000	0.0000	derpy_mr_rum_0
wh3_dlc29_special_marienburg_port_chs_1	derpy_effect_region_resource_rum_production	building_to_building_own	6.0000	3.0000	0.0000	derpy_mr_rum_0
wh3_dlc29_special_marienburg_port_chs_2	derpy_effect_region_resource_rum_production	building_to_building_own	8.0000	4.0000	0.0000	derpy_mr_rum_0
wh3_dlc29_special_marienburg_port_chs_3	derpy_effect_region_resource_rum_production	building_to_building_own	12.0000	6.0000	0.0000	derpy_mr_rum_0
wh3_main_cth_port_1	derpy_effect_region_resource_rum_production	building_to_building_own	6.0000	3.0000	0.0000	derpy_mr_rum_0
wh3_main_cth_port_2	derpy_effect_region_resource_rum_production	building_to_building_own	8.0000	4.0000	0.0000	derpy_mr_rum_0
wh3_main_cth_port_3	derpy_effect_region_resource_rum_production	building_to_building_own	12.0000	6.0000	0.0000	derpy_mr_rum_0
wh3_main_ksl_port_1	derpy_effect_region_resource_rum_production	building_to_building_own	6.0000	3.0000	0.0000	derpy_mr_rum_0
wh3_main_ksl_port_2	derpy_effect_region_resource_rum_production	building_to_building_own	8.0000	4.0000	0.0000	derpy_mr_rum_0
wh3_main_ksl_port_3	derpy_effect_region_resource_rum_production	building_to_building_own	12.0000	6.0000	0.0000	derpy_mr_rum_0
wh3_main_ogr_port_1	derpy_effect_region_resource_rum_production	building_to_building_own	6.0000	3.0000	0.0000	derpy_mr_rum_0
wh3_main_ogr_port_2	derpy_effect_region_resource_rum_production	building_to_building_own	8.0000	4.0000	0.0000	derpy_mr_rum_0
wh3_main_special_ksl_erengrad_3_1	derpy_effect_region_resource_rum_production	building_to_building_own	6.0000	3.0000	0.0000	derpy_mr_rum_0
wh3_main_special_ksl_erengrad_3_2	derpy_effect_region_resource_rum_production	building_to_building_own	8.0000	4.0000	0.0000	derpy_mr_rum_0
wh3_main_special_ksl_erengrad_3_3	derpy_effect_region_resource_rum_production	building_to_building_own	12.0000	6.0000	0.0000	derpy_mr_rum_0
wh3_main_special_ksl_erengrad_3_4	derpy_effect_region_resource_rum_production	building_to_building_own	12.0000	6.0000	0.0000	derpy_mr_rum_0
wh3_main_special_ksl_erengrad_3_5	derpy_effect_region_resource_rum_production	building_to_building_own	12.0000	6.0000	0.0000	derpy_mr_rum_0
wh_dlc05_special_bordeleaux_port_wef_1	derpy_effect_region_resource_rum_production	building_to_building_own	6.0000	3.0000	0.0000	derpy_mr_rum_0
wh_dlc05_special_erengrad_port_wef_1	derpy_effect_region_resource_rum_production	building_to_building_own	6.0000	3.0000	0.0000	derpy_mr_rum_0
wh_dlc05_special_marienburg_port_wef_1	derpy_effect_region_resource_rum_production	building_to_building_own	6.0000	3.0000	0.0000	derpy_mr_rum_0
wh_dlc05_wef_port_1	derpy_effect_region_resource_rum_production	building_to_building_own	6.0000	3.0000	0.0000	derpy_mr_rum_0
wh_main_brt_port_1	derpy_effect_region_resource_rum_production	building_to_building_own	6.0000	3.0000	0.0000	derpy_mr_rum_0
wh_main_brt_port_2	derpy_effect_region_resource_rum_production	building_to_building_own	8.0000	4.0000	0.0000	derpy_mr_rum_0
wh_main_brt_port_3	derpy_effect_region_resource_rum_production	building_to_building_own	12.0000	6.0000	0.0000	derpy_mr_rum_0
wh_main_chs_port_1	derpy_effect_region_resource_rum_production	building_to_building_own	6.0000	3.0000	0.0000	derpy_mr_rum_0
wh_main_chs_port_2	derpy_effect_region_resource_rum_production	building_to_building_own	8.0000	4.0000	0.0000	derpy_mr_rum_0
wh_main_chs_port_3	derpy_effect_region_resource_rum_production	building_to_building_own	12.0000	6.0000	0.0000	derpy_mr_rum_0
wh_main_dwf_port_1	derpy_effect_region_resource_rum_production	building_to_building_own	6.0000	3.0000	0.0000	derpy_mr_rum_0
wh_main_dwf_port_2	derpy_effect_region_resource_rum_production	building_to_building_own	8.0000	4.0000	0.0000	derpy_mr_rum_0
wh_main_dwf_port_3	derpy_effect_region_resource_rum_production	building_to_building_own	12.0000	6.0000	0.0000	derpy_mr_rum_0
wh_main_emp_port_1	derpy_effect_region_resource_rum_production	building_to_building_own	6.0000	3.0000	0.0000	derpy_mr_rum_0
wh_main_emp_port_2	derpy_effect_region_resource_rum_production	building_to_building_own	8.0000	4.0000	0.0000	derpy_mr_rum_0
wh_main_emp_port_3	derpy_effect_region_resource_rum_production	building_to_building_own	12.0000	6.0000	0.0000	derpy_mr_rum_0
wh_main_grn_port_1	derpy_effect_region_resource_rum_production	building_to_building_own	6.0000	3.0000	0.0000	derpy_mr_rum_0
wh_main_grn_port_2	derpy_effect_region_resource_rum_production	building_to_building_own	8.0000	4.0000	0.0000	derpy_mr_rum_0
wh_main_grn_port_3	derpy_effect_region_resource_rum_production	building_to_building_own	12.0000	6.0000	0.0000	derpy_mr_rum_0
wh_main_nor_port_1	derpy_effect_region_resource_rum_production	building_to_building_own	6.0000	3.0000	0.0000	derpy_mr_rum_0
wh_main_nor_port_2	derpy_effect_region_resource_rum_production	building_to_building_own	8.0000	4.0000	0.0000	derpy_mr_rum_0
wh_main_nor_port_3	derpy_effect_region_resource_rum_production	building_to_building_own	12.0000	6.0000	0.0000	derpy_mr_rum_0
wh_main_teb_port_1	derpy_effect_region_resource_rum_production	building_to_building_own	6.0000	3.0000	0.0000	derpy_mr_rum_0
wh_main_teb_port_2	derpy_effect_region_resource_rum_production	building_to_building_own	8.0000	4.0000	0.0000	derpy_mr_rum_0
wh_main_teb_port_3	derpy_effect_region_resource_rum_production	building_to_building_own	12.0000	6.0000	0.0000	derpy_mr_rum_0
wh_main_vmp_port_1	derpy_effect_region_resource_rum_production	building_to_building_own	6.0000	3.0000	0.0000	derpy_mr_rum_0
wh_main_vmp_port_2	derpy_effect_region_resource_rum_production	building_to_building_own	8.0000	4.0000	0.0000	derpy_mr_rum_0
wh_main_vmp_port_3	derpy_effect_region_resource_rum_production	building_to_building_own	12.0000	6.0000	0.0000	derpy_mr_rum_0
wh_main_brt_legendary_port_1	derpy_effect_region_resource_rum_production	building_to_building_own	6.0000	3.0000	0.0000	derpy_mr_rum_0
wh_main_brt_legendary_port_2	derpy_effect_region_resource_rum_production	building_to_building_own	8.0000	4.0000	0.0000	derpy_mr_rum_0
wh_main_brt_legendary_port_3	derpy_effect_region_resource_rum_production	building_to_building_own	12.0000	6.0000	0.0000	derpy_mr_rum_0
wh_main_special_erengrad_port_1	derpy_effect_region_resource_rum_production	building_to_building_own	6.0000	3.0000	0.0000	derpy_mr_rum_0
wh_main_special_erengrad_port_2	derpy_effect_region_resource_rum_production	building_to_building_own	8.0000	4.0000	0.0000	derpy_mr_rum_0
wh_main_special_erengrad_port_3	derpy_effect_region_resource_rum_production	building_to_building_own	12.0000	6.0000	0.0000	derpy_mr_rum_0
wh_main_special_marienburg_port_1	derpy_effect_region_resource_rum_production	building_to_building_own	6.0000	3.0000	0.0000	derpy_mr_rum_0
wh_main_special_marienburg_port_2	derpy_effect_region_resource_rum_production	building_to_building_own	8.0000	4.0000	0.0000	derpy_mr_rum_0
wh_main_special_marienburg_port_3	derpy_effect_region_resource_rum_production	building_to_building_own	12.0000	6.0000	0.0000	derpy_mr_rum_0
wh_twa03_special_albion_port_def_1	derpy_effect_region_resource_rum_production	building_to_building_own	6.0000	3.0000	0.0000	derpy_mr_rum_0
wh_twa03_special_albion_port_def_2	derpy_effect_region_resource_rum_production	building_to_building_own	8.0000	4.0000	0.0000	derpy_mr_rum_0
wh2_dlc11_vampirecoast_port_1	derpy_effect_region_resource_amber_production	building_to_building_own	6.0000	3.0000	0.0000	derpy_mr_amber_0
wh2_dlc11_vampirecoast_port_2	derpy_effect_region_resource_amber_production	building_to_building_own	8.0000	4.0000	0.0000	derpy_mr_amber_0
wh2_dlc11_vampirecoast_port_3	derpy_effect_region_resource_amber_production	building_to_building_own	12.0000	6.0000	0.0000	derpy_mr_amber_0
wh2_dlc14_special_copher_port_1	derpy_effect_region_resource_amber_production	building_to_building_own	6.0000	3.0000	0.0000	derpy_mr_amber_0
wh2_dlc14_special_copher_port_2	derpy_effect_region_resource_amber_production	building_to_building_own	8.0000	4.0000	0.0000	derpy_mr_amber_0
wh2_dlc14_special_copher_port_1_brettonia	derpy_effect_region_resource_amber_production	building_to_building_own	6.0000	3.0000	0.0000	derpy_mr_amber_0
wh2_dlc14_special_copher_port_2_bretonnia	derpy_effect_region_resource_amber_production	building_to_building_own	8.0000	4.0000	0.0000	derpy_mr_amber_0
wh2_dlc14_special_dragon_isle_port_1	derpy_effect_region_resource_amber_production	building_to_building_own	6.0000	3.0000	0.0000	derpy_mr_amber_0
wh2_dlc14_special_dragon_isle_port_2	derpy_effect_region_resource_amber_production	building_to_building_own	8.0000	4.0000	0.0000	derpy_mr_amber_0
wh2_dlc14_special_dragon_isle_port_3	derpy_effect_region_resource_amber_production	building_to_building_own	12.0000	6.0000	0.0000	derpy_mr_amber_0
wh2_dlc14_special_dragon_isle_port_1_grn	derpy_effect_region_resource_amber_production	building_to_building_own	6.0000	3.0000	0.0000	derpy_mr_amber_0
wh2_dlc14_special_dragon_isle_port_2_grn	derpy_effect_region_resource_amber_production	building_to_building_own	8.0000	4.0000	0.0000	derpy_mr_amber_0
wh2_dlc14_special_dragon_isle_port_3_grn	derpy_effect_region_resource_amber_production	building_to_building_own	12.0000	6.0000	0.0000	derpy_mr_amber_0
wh2_main_def_port_1	derpy_effect_region_resource_amber_production	building_to_building_own	6.0000	3.0000	0.0000	derpy_mr_amber_0
wh2_main_def_port_2	derpy_effect_region_resource_amber_production	building_to_building_own	8.0000	4.0000	0.0000	derpy_mr_amber_0
wh2_main_def_port_3	derpy_effect_region_resource_amber_production	building_to_building_own	12.0000	6.0000	0.0000	derpy_mr_amber_0
wh2_main_hef_port_1	derpy_effect_region_resource_amber_production	building_to_building_own	6.0000	3.0000	0.0000	derpy_mr_amber_0
wh2_main_hef_port_2	derpy_effect_region_resource_amber_production	building_to_building_own	8.0000	4.0000	0.0000	derpy_mr_amber_0
wh2_main_hef_port_3	derpy_effect_region_resource_amber_production	building_to_building_own	12.0000	6.0000	0.0000	derpy_mr_amber_0
wh2_main_lzd_port_1	derpy_effect_region_resource_amber_production	building_to_building_own	6.0000	3.0000	0.0000	derpy_mr_amber_0
wh2_main_lzd_port_2	derpy_effect_region_resource_amber_production	building_to_building_own	8.0000	4.0000	0.0000	derpy_mr_amber_0
wh2_main_lzd_port_3	derpy_effect_region_resource_amber_production	building_to_building_own	12.0000	6.0000	0.0000	derpy_mr_amber_0
wh2_main_rogue_port_1	derpy_effect_region_resource_amber_production	building_to_building_own	6.0000	3.0000	0.0000	derpy_mr_amber_0
wh2_main_rogue_port_2	derpy_effect_region_resource_amber_production	building_to_building_own	8.0000	4.0000	0.0000	derpy_mr_amber_0
wh2_main_skv_port_1	derpy_effect_region_resource_amber_production	building_to_building_own	6.0000	3.0000	0.0000	derpy_mr_amber_0
wh2_main_skv_port_2	derpy_effect_region_resource_amber_production	building_to_building_own	8.0000	4.0000	0.0000	derpy_mr_amber_0
wh2_main_skv_port_3	derpy_effect_region_resource_amber_production	building_to_building_own	12.0000	6.0000	0.0000	derpy_mr_amber_0
wh2_main_special_lothern_port_1	derpy_effect_region_resource_amber_production	building_to_building_own	6.0000	3.0000	0.0000	derpy_mr_amber_0
wh2_main_special_lothern_port_2	derpy_effect_region_resource_amber_production	building_to_building_own	8.0000	4.0000	0.0000	derpy_mr_amber_0
wh2_main_special_lothern_port_3	derpy_effect_region_resource_amber_production	building_to_building_own	12.0000	6.0000	0.0000	derpy_mr_amber_0
wh2_main_special_lothern_port_norsca_1	derpy_effect_region_resource_amber_production	building_to_building_own	6.0000	3.0000	0.0000	derpy_mr_amber_0
wh2_main_special_lothern_port_other_1	derpy_effect_region_resource_amber_production	building_to_building_own	6.0000	3.0000	0.0000	derpy_mr_amber_0
wh2_main_special_lothern_port_other_2	derpy_effect_region_resource_amber_production	building_to_building_own	8.0000	4.0000	0.0000	derpy_mr_amber_0
wh2_main_special_lothern_port_other_3	derpy_effect_region_resource_amber_production	building_to_building_own	12.0000	6.0000	0.0000	derpy_mr_amber_0
wh3_dlc23_chd_tower_port_1	derpy_effect_region_resource_amber_production	building_to_building_own	6.0000	3.0000	0.0000	derpy_mr_amber_0
wh3_dlc23_chd_tower_port_2	derpy_effect_region_resource_amber_production	building_to_building_own	8.0000	4.0000	0.0000	derpy_mr_amber_0
wh3_dlc23_chd_tower_port_3	derpy_effect_region_resource_amber_production	building_to_building_own	12.0000	6.0000	0.0000	derpy_mr_amber_0
wh3_dlc23_special_fortress_of_dawn_dawns_harbour_1	derpy_effect_region_resource_amber_production	building_to_building_own	6.0000	3.0000	0.0000	derpy_mr_amber_0
wh3_dlc23_special_fortress_of_dawn_dawns_harbour_2	derpy_effect_region_resource_amber_production	building_to_building_own	8.0000	4.0000	0.0000	derpy_mr_amber_0
wh3_dlc23_special_fortress_of_dawn_dawns_harbour_3	derpy_effect_region_resource_amber_production	building_to_building_own	12.0000	6.0000	0.0000	derpy_mr_amber_0
wh3_dlc23_special_fortress_of_dawn_dawns_harbour_chd_1	derpy_effect_region_resource_amber_production	building_to_building_own	6.0000	3.0000	0.0000	derpy_mr_amber_0
wh3_dlc23_special_fortress_of_dawn_dawns_harbour_chd_2	derpy_effect_region_resource_amber_production	building_to_building_own	8.0000	4.0000	0.0000	derpy_mr_amber_0
wh3_dlc23_special_fortress_of_dawn_dawns_harbour_chd_3	derpy_effect_region_resource_amber_production	building_to_building_own	12.0000	6.0000	0.0000	derpy_mr_amber_0
wh3_dlc23_special_fortress_of_dawn_dawns_harbour_def_1	derpy_effect_region_resource_amber_production	building_to_building_own	6.0000	3.0000	0.0000	derpy_mr_amber_0
wh3_dlc23_special_fortress_of_dawn_dawns_harbour_def_2	derpy_effect_region_resource_amber_production	building_to_building_own	8.0000	4.0000	0.0000	derpy_mr_amber_0
wh3_dlc23_special_fortress_of_dawn_dawns_harbour_def_3	derpy_effect_region_resource_amber_production	building_to_building_own	12.0000	6.0000	0.0000	derpy_mr_amber_0
wh3_dlc23_special_fortress_of_dawn_dawns_harbour_hef_1	derpy_effect_region_resource_amber_production	building_to_building_own	6.0000	3.0000	0.0000	derpy_mr_amber_0
wh3_dlc23_special_fortress_of_dawn_dawns_harbour_hef_2	derpy_effect_region_resource_amber_production	building_to_building_own	8.0000	4.0000	0.0000	derpy_mr_amber_0
wh3_dlc23_special_fortress_of_dawn_dawns_harbour_hef_3	derpy_effect_region_resource_amber_production	building_to_building_own	12.0000	6.0000	0.0000	derpy_mr_amber_0
wh3_dlc24_special_fu_chow_port_1	derpy_effect_region_resource_amber_production	building_to_building_own	6.0000	3.0000	0.0000	derpy_mr_amber_0
wh3_dlc24_special_fu_chow_port_2	derpy_effect_region_resource_amber_production	building_to_building_own	8.0000	4.0000	0.0000	derpy_mr_amber_0
wh3_dlc24_special_fu_chow_port_3	derpy_effect_region_resource_amber_production	building_to_building_own	12.0000	6.0000	0.0000	derpy_mr_amber_0
wh3_dlc27_hef_colony_port_1	derpy_effect_region_resource_amber_production	building_to_building_own	6.0000	3.0000	0.0000	derpy_mr_amber_0
wh3_dlc27_hef_colony_port_2	derpy_effect_region_resource_amber_production	building_to_building_own	8.0000	4.0000	0.0000	derpy_mr_amber_0
wh3_dlc27_hef_colony_port_3	derpy_effect_region_resource_amber_production	building_to_building_own	12.0000	6.0000	0.0000	derpy_mr_amber_0
wh3_dlc27_nor_port_altar_1	derpy_effect_region_resource_amber_production	building_to_building_own	6.0000	3.0000	0.0000	derpy_mr_amber_0
wh3_dlc29_special_marienburg_port_chs_1	derpy_effect_region_resource_amber_production	building_to_building_own	6.0000	3.0000	0.0000	derpy_mr_amber_0
wh3_dlc29_special_marienburg_port_chs_2	derpy_effect_region_resource_amber_production	building_to_building_own	8.0000	4.0000	0.0000	derpy_mr_amber_0
wh3_dlc29_special_marienburg_port_chs_3	derpy_effect_region_resource_amber_production	building_to_building_own	12.0000	6.0000	0.0000	derpy_mr_amber_0
wh3_main_cth_port_1	derpy_effect_region_resource_amber_production	building_to_building_own	6.0000	3.0000	0.0000	derpy_mr_amber_0
wh3_main_cth_port_2	derpy_effect_region_resource_amber_production	building_to_building_own	8.0000	4.0000	0.0000	derpy_mr_amber_0
wh3_main_cth_port_3	derpy_effect_region_resource_amber_production	building_to_building_own	12.0000	6.0000	0.0000	derpy_mr_amber_0
wh3_main_ksl_port_1	derpy_effect_region_resource_amber_production	building_to_building_own	6.0000	3.0000	0.0000	derpy_mr_amber_0
wh3_main_ksl_port_2	derpy_effect_region_resource_amber_production	building_to_building_own	8.0000	4.0000	0.0000	derpy_mr_amber_0
wh3_main_ksl_port_3	derpy_effect_region_resource_amber_production	building_to_building_own	12.0000	6.0000	0.0000	derpy_mr_amber_0
wh3_main_ogr_port_1	derpy_effect_region_resource_amber_production	building_to_building_own	6.0000	3.0000	0.0000	derpy_mr_amber_0
wh3_main_ogr_port_2	derpy_effect_region_resource_amber_production	building_to_building_own	8.0000	4.0000	0.0000	derpy_mr_amber_0
wh3_main_special_ksl_erengrad_3_1	derpy_effect_region_resource_amber_production	building_to_building_own	6.0000	3.0000	0.0000	derpy_mr_amber_0
wh3_main_special_ksl_erengrad_3_2	derpy_effect_region_resource_amber_production	building_to_building_own	8.0000	4.0000	0.0000	derpy_mr_amber_0
wh3_main_special_ksl_erengrad_3_3	derpy_effect_region_resource_amber_production	building_to_building_own	12.0000	6.0000	0.0000	derpy_mr_amber_0
wh3_main_special_ksl_erengrad_3_4	derpy_effect_region_resource_amber_production	building_to_building_own	12.0000	6.0000	0.0000	derpy_mr_amber_0
wh3_main_special_ksl_erengrad_3_5	derpy_effect_region_resource_amber_production	building_to_building_own	12.0000	6.0000	0.0000	derpy_mr_amber_0
wh_dlc05_special_bordeleaux_port_wef_1	derpy_effect_region_resource_amber_production	building_to_building_own	6.0000	3.0000	0.0000	derpy_mr_amber_0
wh_dlc05_special_erengrad_port_wef_1	derpy_effect_region_resource_amber_production	building_to_building_own	6.0000	3.0000	0.0000	derpy_mr_amber_0
wh_dlc05_special_marienburg_port_wef_1	derpy_effect_region_resource_amber_production	building_to_building_own	6.0000	3.0000	0.0000	derpy_mr_amber_0
wh_dlc05_wef_port_1	derpy_effect_region_resource_amber_production	building_to_building_own	6.0000	3.0000	0.0000	derpy_mr_amber_0
wh_main_brt_port_1	derpy_effect_region_resource_amber_production	building_to_building_own	6.0000	3.0000	0.0000	derpy_mr_amber_0
wh_main_brt_port_2	derpy_effect_region_resource_amber_production	building_to_building_own	8.0000	4.0000	0.0000	derpy_mr_amber_0
wh_main_brt_port_3	derpy_effect_region_resource_amber_production	building_to_building_own	12.0000	6.0000	0.0000	derpy_mr_amber_0
wh_main_chs_port_1	derpy_effect_region_resource_amber_production	building_to_building_own	6.0000	3.0000	0.0000	derpy_mr_amber_0
wh_main_chs_port_2	derpy_effect_region_resource_amber_production	building_to_building_own	8.0000	4.0000	0.0000	derpy_mr_amber_0
wh_main_chs_port_3	derpy_effect_region_resource_amber_production	building_to_building_own	12.0000	6.0000	0.0000	derpy_mr_amber_0
wh_main_dwf_port_1	derpy_effect_region_resource_amber_production	building_to_building_own	6.0000	3.0000	0.0000	derpy_mr_amber_0
wh_main_dwf_port_2	derpy_effect_region_resource_amber_production	building_to_building_own	8.0000	4.0000	0.0000	derpy_mr_amber_0
wh_main_dwf_port_3	derpy_effect_region_resource_amber_production	building_to_building_own	12.0000	6.0000	0.0000	derpy_mr_amber_0
wh_main_emp_port_1	derpy_effect_region_resource_amber_production	building_to_building_own	6.0000	3.0000	0.0000	derpy_mr_amber_0
wh_main_emp_port_2	derpy_effect_region_resource_amber_production	building_to_building_own	8.0000	4.0000	0.0000	derpy_mr_amber_0
wh_main_emp_port_3	derpy_effect_region_resource_amber_production	building_to_building_own	12.0000	6.0000	0.0000	derpy_mr_amber_0
wh_main_grn_port_1	derpy_effect_region_resource_amber_production	building_to_building_own	6.0000	3.0000	0.0000	derpy_mr_amber_0
wh_main_grn_port_2	derpy_effect_region_resource_amber_production	building_to_building_own	8.0000	4.0000	0.0000	derpy_mr_amber_0
wh_main_grn_port_3	derpy_effect_region_resource_amber_production	building_to_building_own	12.0000	6.0000	0.0000	derpy_mr_amber_0
wh_main_nor_port_1	derpy_effect_region_resource_amber_production	building_to_building_own	6.0000	3.0000	0.0000	derpy_mr_amber_0
wh_main_nor_port_2	derpy_effect_region_resource_amber_production	building_to_building_own	8.0000	4.0000	0.0000	derpy_mr_amber_0
wh_main_nor_port_3	derpy_effect_region_resource_amber_production	building_to_building_own	12.0000	6.0000	0.0000	derpy_mr_amber_0
wh_main_teb_port_1	derpy_effect_region_resource_amber_production	building_to_building_own	6.0000	3.0000	0.0000	derpy_mr_amber_0
wh_main_teb_port_2	derpy_effect_region_resource_amber_production	building_to_building_own	8.0000	4.0000	0.0000	derpy_mr_amber_0
wh_main_teb_port_3	derpy_effect_region_resource_amber_production	building_to_building_own	12.0000	6.0000	0.0000	derpy_mr_amber_0
wh_main_vmp_port_1	derpy_effect_region_resource_amber_production	building_to_building_own	6.0000	3.0000	0.0000	derpy_mr_amber_0
wh_main_vmp_port_2	derpy_effect_region_resource_amber_production	building_to_building_own	8.0000	4.0000	0.0000	derpy_mr_amber_0
wh_main_vmp_port_3	derpy_effect_region_resource_amber_production	building_to_building_own	12.0000	6.0000	0.0000	derpy_mr_amber_0
wh_main_brt_legendary_port_1	derpy_effect_region_resource_amber_production	building_to_building_own	6.0000	3.0000	0.0000	derpy_mr_amber_0
wh_main_brt_legendary_port_2	derpy_effect_region_resource_amber_production	building_to_building_own	8.0000	4.0000	0.0000	derpy_mr_amber_0
wh_main_brt_legendary_port_3	derpy_effect_region_resource_amber_production	building_to_building_own	12.0000	6.0000	0.0000	derpy_mr_amber_0
wh_main_special_erengrad_port_1	derpy_effect_region_resource_amber_production	building_to_building_own	6.0000	3.0000	0.0000	derpy_mr_amber_0
wh_main_special_erengrad_port_2	derpy_effect_region_resource_amber_production	building_to_building_own	8.0000	4.0000	0.0000	derpy_mr_amber_0
wh_main_special_erengrad_port_3	derpy_effect_region_resource_amber_production	building_to_building_own	12.0000	6.0000	0.0000	derpy_mr_amber_0
wh_main_special_marienburg_port_1	derpy_effect_region_resource_amber_production	building_to_building_own	6.0000	3.0000	0.0000	derpy_mr_amber_0
wh_main_special_marienburg_port_2	derpy_effect_region_resource_amber_production	building_to_building_own	8.0000	4.0000	0.0000	derpy_mr_amber_0
wh_main_special_marienburg_port_3	derpy_effect_region_resource_amber_production	building_to_building_own	12.0000	6.0000	0.0000	derpy_mr_amber_0
wh_twa03_special_albion_port_def_1	derpy_effect_region_resource_amber_production	building_to_building_own	6.0000	3.0000	0.0000	derpy_mr_amber_0
wh_twa03_special_albion_port_def_2	derpy_effect_region_resource_amber_production	building_to_building_own	8.0000	4.0000	0.0000	derpy_mr_amber_0
wh2_main_def_farm_1	derpy_effect_region_resource_grain_production	building_to_building_own	6.0000	3.0000	0.0000	derpy_mr_grain_0
wh2_main_def_farm_2	derpy_effect_region_resource_grain_production	building_to_building_own	8.0000	4.0000	0.0000	derpy_mr_grain_0
wh2_main_def_farm_3	derpy_effect_region_resource_grain_production	building_to_building_own	12.0000	6.0000	0.0000	derpy_mr_grain_0
wh2_main_hef_farm_1	derpy_effect_region_resource_grain_production	building_to_building_own	6.0000	3.0000	0.0000	derpy_mr_grain_0
wh2_main_hef_farm_2	derpy_effect_region_resource_grain_production	building_to_building_own	8.0000	4.0000	0.0000	derpy_mr_grain_0
wh2_main_hef_farm_3	derpy_effect_region_resource_grain_production	building_to_building_own	12.0000	6.0000	0.0000	derpy_mr_grain_0
wh3_main_ksl_growth_xp_1	derpy_effect_region_resource_grain_production	building_to_building_own	6.0000	3.0000	0.0000	derpy_mr_grain_0
wh3_main_ksl_growth_xp_2	derpy_effect_region_resource_grain_production	building_to_building_own	8.0000	4.0000	0.0000	derpy_mr_grain_0
wh3_main_ksl_growth_xp_3	derpy_effect_region_resource_grain_production	building_to_building_own	12.0000	6.0000	0.0000	derpy_mr_grain_0
wh_main_brt_farm_1	derpy_effect_region_resource_grain_production	building_to_building_own	6.0000	3.0000	0.0000	derpy_mr_grain_0
wh_main_brt_farm_2	derpy_effect_region_resource_grain_production	building_to_building_own	8.0000	4.0000	0.0000	derpy_mr_grain_0
wh_main_brt_farm_3	derpy_effect_region_resource_grain_production	building_to_building_own	12.0000	6.0000	0.0000	derpy_mr_grain_0
wh_main_brt_farm_extra_1	derpy_effect_region_resource_grain_production	building_to_building_own	6.0000	3.0000	0.0000	derpy_mr_grain_0
wh_main_brt_farm_extra_2	derpy_effect_region_resource_grain_production	building_to_building_own	8.0000	4.0000	0.0000	derpy_mr_grain_0
wh_main_dwf_farm_1	derpy_effect_region_resource_grain_production	building_to_building_own	6.0000	3.0000	0.0000	derpy_mr_grain_0
wh_main_dwf_farm_2	derpy_effect_region_resource_grain_production	building_to_building_own	8.0000	4.0000	0.0000	derpy_mr_grain_0
wh_main_dwf_farm_3	derpy_effect_region_resource_grain_production	building_to_building_own	12.0000	6.0000	0.0000	derpy_mr_grain_0
wh_main_emp_farm_basic_1	derpy_effect_region_resource_grain_production	building_to_building_own	6.0000	3.0000	0.0000	derpy_mr_grain_0
wh_main_emp_farm_basic_2	derpy_effect_region_resource_grain_production	building_to_building_own	8.0000	4.0000	0.0000	derpy_mr_grain_0
wh_main_emp_farm_basic_3	derpy_effect_region_resource_grain_production	building_to_building_own	12.0000	6.0000	0.0000	derpy_mr_grain_0
wh2_main_hef_stables_1	derpy_effect_region_resource_warhorses_production	building_to_building_own	6.0000	3.0000	0.0000	derpy_mr_warhorses_0
wh2_main_hef_stables_2	derpy_effect_region_resource_warhorses_production	building_to_building_own	8.0000	4.0000	0.0000	derpy_mr_warhorses_0
wh3_main_ksl_growth_xp_1	derpy_effect_region_resource_warhorses_production	building_to_building_own	6.0000	3.0000	0.0000	derpy_mr_warhorses_0
wh3_main_ksl_growth_xp_2	derpy_effect_region_resource_warhorses_production	building_to_building_own	8.0000	4.0000	0.0000	derpy_mr_warhorses_0
wh3_main_ksl_growth_xp_3	derpy_effect_region_resource_warhorses_production	building_to_building_own	12.0000	6.0000	0.0000	derpy_mr_warhorses_0
wh_main_brt_stables_1	derpy_effect_region_resource_warhorses_production	building_to_building_own	6.0000	3.0000	0.0000	derpy_mr_warhorses_0
wh_main_brt_stables_2	derpy_effect_region_resource_warhorses_production	building_to_building_own	8.0000	4.0000	0.0000	derpy_mr_warhorses_0
wh_main_brt_stables_3	derpy_effect_region_resource_warhorses_production	building_to_building_own	12.0000	6.0000	0.0000	derpy_mr_warhorses_0
wh_main_brt_stables_4	derpy_effect_region_resource_warhorses_production	building_to_building_own	12.0000	6.0000	0.0000	derpy_mr_warhorses_0
wh_main_brt_stables_5	derpy_effect_region_resource_warhorses_production	building_to_building_own	12.0000	6.0000	0.0000	derpy_mr_warhorses_0
wh_main_emp_stables_1	derpy_effect_region_resource_warhorses_production	building_to_building_own	6.0000	3.0000	0.0000	derpy_mr_warhorses_0
wh_main_emp_stables_2	derpy_effect_region_resource_warhorses_production	building_to_building_own	8.0000	4.0000	0.0000	derpy_mr_warhorses_0
wh_main_emp_stables_3	derpy_effect_region_resource_warhorses_production	building_to_building_own	12.0000	6.0000	0.0000	derpy_mr_warhorses_0
wh_main_nor_stables_1	derpy_effect_region_resource_warhorses_production	building_to_building_own	6.0000	3.0000	0.0000	derpy_mr_warhorses_0
wh_main_nor_stables_2	derpy_effect_region_resource_warhorses_production	building_to_building_own	8.0000	4.0000	0.0000	derpy_mr_warhorses_0
wh_main_nor_stables_3	derpy_effect_region_resource_warhorses_production	building_to_building_own	12.0000	6.0000	0.0000	derpy_mr_warhorses_0
wh2_main_def_farm_1	derpy_effect_region_resource_pipeweed_production	building_to_building_own	12.0000	6.0000	0.0000	derpy_mr_pipeweed_0
wh2_main_def_farm_2	derpy_effect_region_resource_pipeweed_production	building_to_building_own	16.0000	8.0000	0.0000	derpy_mr_pipeweed_0
wh2_main_def_farm_3	derpy_effect_region_resource_pipeweed_production	building_to_building_own	24.0000	12.0000	0.0000	derpy_mr_pipeweed_0
wh2_main_hef_farm_1	derpy_effect_region_resource_pipeweed_production	building_to_building_own	12.0000	6.0000	0.0000	derpy_mr_pipeweed_0
wh2_main_hef_farm_2	derpy_effect_region_resource_pipeweed_production	building_to_building_own	16.0000	8.0000	0.0000	derpy_mr_pipeweed_0
wh2_main_hef_farm_3	derpy_effect_region_resource_pipeweed_production	building_to_building_own	24.0000	12.0000	0.0000	derpy_mr_pipeweed_0
wh3_main_ksl_growth_xp_1	derpy_effect_region_resource_pipeweed_production	building_to_building_own	12.0000	6.0000	0.0000	derpy_mr_pipeweed_0
wh3_main_ksl_growth_xp_2	derpy_effect_region_resource_pipeweed_production	building_to_building_own	16.0000	8.0000	0.0000	derpy_mr_pipeweed_0
wh3_main_ksl_growth_xp_3	derpy_effect_region_resource_pipeweed_production	building_to_building_own	24.0000	12.0000	0.0000	derpy_mr_pipeweed_0
wh_main_brt_farm_1	derpy_effect_region_resource_pipeweed_production	building_to_building_own	12.0000	6.0000	0.0000	derpy_mr_pipeweed_0
wh_main_brt_farm_2	derpy_effect_region_resource_pipeweed_production	building_to_building_own	16.0000	8.0000	0.0000	derpy_mr_pipeweed_0
wh_main_brt_farm_3	derpy_effect_region_resource_pipeweed_production	building_to_building_own	24.0000	12.0000	0.0000	derpy_mr_pipeweed_0
wh_main_brt_farm_extra_1	derpy_effect_region_resource_pipeweed_production	building_to_building_own	12.0000	6.0000	0.0000	derpy_mr_pipeweed_0
wh_main_brt_farm_extra_2	derpy_effect_region_resource_pipeweed_production	building_to_building_own	16.0000	8.0000	0.0000	derpy_mr_pipeweed_0
wh_main_dwf_farm_1	derpy_effect_region_resource_pipeweed_production	building_to_building_own	12.0000	6.0000	0.0000	derpy_mr_pipeweed_0
wh_main_dwf_farm_2	derpy_effect_region_resource_pipeweed_production	building_to_building_own	16.0000	8.0000	0.0000	derpy_mr_pipeweed_0
wh_main_dwf_farm_3	derpy_effect_region_resource_pipeweed_production	building_to_building_own	24.0000	12.0000	0.0000	derpy_mr_pipeweed_0
wh_main_emp_farm_basic_1	derpy_effect_region_resource_pipeweed_production	building_to_building_own	12.0000	6.0000	0.0000	derpy_mr_pipeweed_0
wh_main_emp_farm_basic_2	derpy_effect_region_resource_pipeweed_production	building_to_building_own	16.0000	8.0000	0.0000	derpy_mr_pipeweed_0
wh_main_emp_farm_basic_3	derpy_effect_region_resource_pipeweed_production	building_to_building_own	24.0000	12.0000	0.0000	derpy_mr_pipeweed_0
wh2_dlc11_special_settlement_galleons_graveyard_1	derpy_effect_region_resource_books_production	building_to_building_own	8.0000	4.0000	0.0000	derpy_mr_books_0
wh2_dlc11_special_settlement_galleons_graveyard_2	derpy_effect_region_resource_books_production	building_to_building_own	12.0000	6.0000	0.0000	derpy_mr_books_0
wh2_dlc11_special_settlement_galleons_graveyard_3	derpy_effect_region_resource_books_production	building_to_building_own	16.0000	8.0000	0.0000	derpy_mr_books_0
wh2_dlc11_special_settlement_galleons_graveyard_4	derpy_effect_region_resource_books_production	building_to_building_own	20.0000	10.0000	0.0000	derpy_mr_books_0
wh2_dlc11_special_settlement_galleons_graveyard_5	derpy_effect_region_resource_books_production	building_to_building_own	24.0000	12.0000	0.0000	derpy_mr_books_0
wh2_dlc11_special_settlement_galleons_graveyard_other_1	derpy_effect_region_resource_books_production	building_to_building_own	8.0000	4.0000	0.0000	derpy_mr_books_0
wh2_dlc11_vampirecoast_settlement_major_1	derpy_effect_region_resource_books_production	building_to_building_own	8.0000	4.0000	0.0000	derpy_mr_books_0
wh2_dlc11_vampirecoast_settlement_major_2	derpy_effect_region_resource_books_production	building_to_building_own	12.0000	6.0000	0.0000	derpy_mr_books_0
wh2_dlc11_vampirecoast_settlement_major_3	derpy_effect_region_resource_books_production	building_to_building_own	16.0000	8.0000	0.0000	derpy_mr_books_0
wh2_dlc11_vampirecoast_settlement_major_4	derpy_effect_region_resource_books_production	building_to_building_own	20.0000	10.0000	0.0000	derpy_mr_books_0
wh2_dlc11_vampirecoast_settlement_major_5	derpy_effect_region_resource_books_production	building_to_building_own	24.0000	12.0000	0.0000	derpy_mr_books_0
wh2_dlc11_vampirecoast_settlement_minor_1	derpy_effect_region_resource_books_production	building_to_building_own	8.0000	4.0000	0.0000	derpy_mr_books_0
wh2_dlc11_vampirecoast_settlement_minor_2	derpy_effect_region_resource_books_production	building_to_building_own	12.0000	6.0000	0.0000	derpy_mr_books_0
wh2_dlc11_vampirecoast_settlement_minor_3	derpy_effect_region_resource_books_production	building_to_building_own	16.0000	8.0000	0.0000	derpy_mr_books_0
wh2_dlc13_lzd_nakai_settlement_major_1	derpy_effect_region_resource_books_production	building_to_building_own	8.0000	4.0000	0.0000	derpy_mr_books_0
wh2_dlc13_lzd_nakai_settlement_minor_1	derpy_effect_region_resource_books_production	building_to_building_own	8.0000	4.0000	0.0000	derpy_mr_books_0
wh2_dlc15_special_settlement_massif_orcal_brt_1	derpy_effect_region_resource_books_production	building_to_building_own	8.0000	4.0000	0.0000	derpy_mr_books_0
wh2_dlc15_special_settlement_massif_orcal_brt_2	derpy_effect_region_resource_books_production	building_to_building_own	12.0000	6.0000	0.0000	derpy_mr_books_0
wh2_dlc15_special_settlement_massif_orcal_brt_3	derpy_effect_region_resource_books_production	building_to_building_own	16.0000	8.0000	0.0000	derpy_mr_books_0
wh2_dlc15_special_settlement_massif_orcal_brt_4	derpy_effect_region_resource_books_production	building_to_building_own	20.0000	10.0000	0.0000	derpy_mr_books_0
wh2_dlc15_special_settlement_massif_orcal_brt_5	derpy_effect_region_resource_books_production	building_to_building_own	24.0000	12.0000	0.0000	derpy_mr_books_0
wh2_dlc15_special_settlement_massif_orcal_grn_1	derpy_effect_region_resource_books_production	building_to_building_own	8.0000	4.0000	0.0000	derpy_mr_books_0
wh2_dlc15_special_settlement_massif_orcal_grn_2	derpy_effect_region_resource_books_production	building_to_building_own	12.0000	6.0000	0.0000	derpy_mr_books_0
wh2_dlc15_special_settlement_massif_orcal_grn_3	derpy_effect_region_resource_books_production	building_to_building_own	16.0000	8.0000	0.0000	derpy_mr_books_0
wh2_dlc15_special_settlement_massif_orcal_grn_4	derpy_effect_region_resource_books_production	building_to_building_own	20.0000	10.0000	0.0000	derpy_mr_books_0
wh2_dlc15_special_settlement_massif_orcal_grn_5	derpy_effect_region_resource_books_production	building_to_building_own	24.0000	12.0000	0.0000	derpy_mr_books_0
wh2_dlc15_special_settlement_massif_orcal_savage_1	derpy_effect_region_resource_books_production	building_to_building_own	8.0000	4.0000	0.0000	derpy_mr_books_0
wh2_dlc15_special_settlement_massif_orcal_savage_2	derpy_effect_region_resource_books_production	building_to_building_own	12.0000	6.0000	0.0000	derpy_mr_books_0
wh2_dlc15_special_settlement_massif_orcal_savage_3	derpy_effect_region_resource_books_production	building_to_building_own	16.0000	8.0000	0.0000	derpy_mr_books_0
wh2_dlc15_special_settlement_tor_yvresse_def_1	derpy_effect_region_resource_books_production	building_to_building_own	8.0000	4.0000	0.0000	derpy_mr_books_0
wh2_dlc15_special_settlement_tor_yvresse_def_2	derpy_effect_region_resource_books_production	building_to_building_own	12.0000	6.0000	0.0000	derpy_mr_books_0
wh2_dlc15_special_settlement_tor_yvresse_def_3	derpy_effect_region_resource_books_production	building_to_building_own	16.0000	8.0000	0.0000	derpy_mr_books_0
wh2_dlc15_special_settlement_tor_yvresse_def_4	derpy_effect_region_resource_books_production	building_to_building_own	20.0000	10.0000	0.0000	derpy_mr_books_0
wh2_dlc15_special_settlement_tor_yvresse_def_5	derpy_effect_region_resource_books_production	building_to_building_own	24.0000	12.0000	0.0000	derpy_mr_books_0
wh2_dlc15_special_settlement_tor_yvresse_eltharion_1	derpy_effect_region_resource_books_production	building_to_building_own	8.0000	4.0000	0.0000	derpy_mr_books_0
wh2_dlc15_special_settlement_tor_yvresse_eltharion_2	derpy_effect_region_resource_books_production	building_to_building_own	12.0000	6.0000	0.0000	derpy_mr_books_0
wh2_dlc15_special_settlement_tor_yvresse_eltharion_3	derpy_effect_region_resource_books_production	building_to_building_own	16.0000	8.0000	0.0000	derpy_mr_books_0
wh2_dlc15_special_settlement_tor_yvresse_eltharion_4	derpy_effect_region_resource_books_production	building_to_building_own	20.0000	10.0000	0.0000	derpy_mr_books_0
wh2_dlc15_special_settlement_tor_yvresse_eltharion_5	derpy_effect_region_resource_books_production	building_to_building_own	24.0000	12.0000	0.0000	derpy_mr_books_0
wh2_dlc15_special_settlement_tor_yvresse_hef_1	derpy_effect_region_resource_books_production	building_to_building_own	8.0000	4.0000	0.0000	derpy_mr_books_0
wh2_dlc15_special_settlement_tor_yvresse_hef_2	derpy_effect_region_resource_books_production	building_to_building_own	12.0000	6.0000	0.0000	derpy_mr_books_0
wh2_dlc15_special_settlement_tor_yvresse_hef_3	derpy_effect_region_resource_books_production	building_to_building_own	16.0000	8.0000	0.0000	derpy_mr_books_0
wh2_dlc15_special_settlement_tor_yvresse_hef_4	derpy_effect_region_resource_books_production	building_to_building_own	20.0000	10.0000	0.0000	derpy_mr_books_0
wh2_dlc15_special_settlement_tor_yvresse_hef_5	derpy_effect_region_resource_books_production	building_to_building_own	24.0000	12.0000	0.0000	derpy_mr_books_0
wh2_main_def_settlement_major_1	derpy_effect_region_resource_books_production	building_to_building_own	8.0000	4.0000	0.0000	derpy_mr_books_0
wh2_main_def_settlement_major_2	derpy_effect_region_resource_books_production	building_to_building_own	12.0000	6.0000	0.0000	derpy_mr_books_0
wh2_main_def_settlement_major_3	derpy_effect_region_resource_books_production	building_to_building_own	16.0000	8.0000	0.0000	derpy_mr_books_0
wh2_main_def_settlement_major_4	derpy_effect_region_resource_books_production	building_to_building_own	20.0000	10.0000	0.0000	derpy_mr_books_0
wh2_main_def_settlement_major_5	derpy_effect_region_resource_books_production	building_to_building_own	24.0000	12.0000	0.0000	derpy_mr_books_0
wh2_main_def_settlement_minor_1	derpy_effect_region_resource_books_production	building_to_building_own	8.0000	4.0000	0.0000	derpy_mr_books_0
wh2_main_def_settlement_minor_2	derpy_effect_region_resource_books_production	building_to_building_own	12.0000	6.0000	0.0000	derpy_mr_books_0
wh2_main_def_settlement_minor_3	derpy_effect_region_resource_books_production	building_to_building_own	16.0000	8.0000	0.0000	derpy_mr_books_0
wh2_main_hef_settlement_major_1	derpy_effect_region_resource_books_production	building_to_building_own	8.0000	4.0000	0.0000	derpy_mr_books_0
wh2_main_hef_settlement_major_2	derpy_effect_region_resource_books_production	building_to_building_own	12.0000	6.0000	0.0000	derpy_mr_books_0
wh2_main_hef_settlement_major_3	derpy_effect_region_resource_books_production	building_to_building_own	16.0000	8.0000	0.0000	derpy_mr_books_0
wh2_main_hef_settlement_major_4	derpy_effect_region_resource_books_production	building_to_building_own	20.0000	10.0000	0.0000	derpy_mr_books_0
wh2_main_hef_settlement_major_5	derpy_effect_region_resource_books_production	building_to_building_own	24.0000	12.0000	0.0000	derpy_mr_books_0
wh2_main_hef_settlement_minor_1	derpy_effect_region_resource_books_production	building_to_building_own	8.0000	4.0000	0.0000	derpy_mr_books_0
wh2_main_hef_settlement_minor_2	derpy_effect_region_resource_books_production	building_to_building_own	12.0000	6.0000	0.0000	derpy_mr_books_0
wh2_main_hef_settlement_minor_3	derpy_effect_region_resource_books_production	building_to_building_own	16.0000	8.0000	0.0000	derpy_mr_books_0
wh2_main_lzd_settlement_major_1	derpy_effect_region_resource_books_production	building_to_building_own	8.0000	4.0000	0.0000	derpy_mr_books_0
wh2_main_lzd_settlement_major_2	derpy_effect_region_resource_books_production	building_to_building_own	12.0000	6.0000	0.0000	derpy_mr_books_0
wh2_main_lzd_settlement_major_3	derpy_effect_region_resource_books_production	building_to_building_own	16.0000	8.0000	0.0000	derpy_mr_books_0
wh2_main_lzd_settlement_major_4	derpy_effect_region_resource_books_production	building_to_building_own	20.0000	10.0000	0.0000	derpy_mr_books_0
wh2_main_lzd_settlement_major_5	derpy_effect_region_resource_books_production	building_to_building_own	24.0000	12.0000	0.0000	derpy_mr_books_0
wh2_main_lzd_settlement_minor_1	derpy_effect_region_resource_books_production	building_to_building_own	8.0000	4.0000	0.0000	derpy_mr_books_0
wh2_main_lzd_settlement_minor_2	derpy_effect_region_resource_books_production	building_to_building_own	12.0000	6.0000	0.0000	derpy_mr_books_0
wh2_main_lzd_settlement_minor_3	derpy_effect_region_resource_books_production	building_to_building_own	16.0000	8.0000	0.0000	derpy_mr_books_0
wh2_main_rogue_settlement_major_1	derpy_effect_region_resource_books_production	building_to_building_own	8.0000	4.0000	0.0000	derpy_mr_books_0
wh2_main_rogue_settlement_major_2	derpy_effect_region_resource_books_production	building_to_building_own	12.0000	6.0000	0.0000	derpy_mr_books_0
wh2_main_rogue_settlement_major_3	derpy_effect_region_resource_books_production	building_to_building_own	16.0000	8.0000	0.0000	derpy_mr_books_0
wh2_main_rogue_settlement_minor_1	derpy_effect_region_resource_books_production	building_to_building_own	8.0000	4.0000	0.0000	derpy_mr_books_0
wh2_main_rogue_settlement_minor_2	derpy_effect_region_resource_books_production	building_to_building_own	12.0000	6.0000	0.0000	derpy_mr_books_0
wh2_main_rogue_settlement_minor_3	derpy_effect_region_resource_books_production	building_to_building_own	16.0000	8.0000	0.0000	derpy_mr_books_0
wh2_main_skv_settlement_major_1	derpy_effect_region_resource_books_production	building_to_building_own	8.0000	4.0000	0.0000	derpy_mr_books_0
wh2_main_skv_settlement_major_2	derpy_effect_region_resource_books_production	building_to_building_own	12.0000	6.0000	0.0000	derpy_mr_books_0
wh2_main_skv_settlement_major_3	derpy_effect_region_resource_books_production	building_to_building_own	16.0000	8.0000	0.0000	derpy_mr_books_0
wh2_main_skv_settlement_major_4	derpy_effect_region_resource_books_production	building_to_building_own	20.0000	10.0000	0.0000	derpy_mr_books_0
wh2_main_skv_settlement_major_5	derpy_effect_region_resource_books_production	building_to_building_own	24.0000	12.0000	0.0000	derpy_mr_books_0
wh2_main_skv_settlement_minor_1	derpy_effect_region_resource_books_production	building_to_building_own	8.0000	4.0000	0.0000	derpy_mr_books_0
wh2_main_skv_settlement_minor_2	derpy_effect_region_resource_books_production	building_to_building_own	12.0000	6.0000	0.0000	derpy_mr_books_0
wh2_main_skv_settlement_minor_3	derpy_effect_region_resource_books_production	building_to_building_own	16.0000	8.0000	0.0000	derpy_mr_books_0
wh2_main_special_empire_fort_emp_1	derpy_effect_region_resource_books_production	building_to_building_own	8.0000	4.0000	0.0000	derpy_mr_books_0
wh2_main_special_empire_fort_emp_2	derpy_effect_region_resource_books_production	building_to_building_own	12.0000	6.0000	0.0000	derpy_mr_books_0
wh2_main_special_empire_fort_emp_3	derpy_effect_region_resource_books_production	building_to_building_own	16.0000	8.0000	0.0000	derpy_mr_books_0
wh2_main_special_empire_fort_emp_4	derpy_effect_region_resource_books_production	building_to_building_own	20.0000	10.0000	0.0000	derpy_mr_books_0
wh2_main_special_empire_fort_emp_5	derpy_effect_region_resource_books_production	building_to_building_own	24.0000	12.0000	0.0000	derpy_mr_books_0
wh2_main_special_fortress_gate_eagle_hef_1	derpy_effect_region_resource_books_production	building_to_building_own	8.0000	4.0000	0.0000	derpy_mr_books_0
wh2_main_special_fortress_gate_eagle_hef_2	derpy_effect_region_resource_books_production	building_to_building_own	12.0000	6.0000	0.0000	derpy_mr_books_0
wh2_main_special_fortress_gate_eagle_hef_3	derpy_effect_region_resource_books_production	building_to_building_own	16.0000	8.0000	0.0000	derpy_mr_books_0
wh2_main_special_fortress_gate_eagle_hef_4	derpy_effect_region_resource_books_production	building_to_building_own	20.0000	10.0000	0.0000	derpy_mr_books_0
wh2_main_special_fortress_gate_eagle_hef_5	derpy_effect_region_resource_books_production	building_to_building_own	24.0000	12.0000	0.0000	derpy_mr_books_0
wh2_main_special_fortress_gate_eagle_untainted_1	derpy_effect_region_resource_books_production	building_to_building_own	8.0000	4.0000	0.0000	derpy_mr_books_0
wh2_main_special_fortress_gate_eagle_untainted_2	derpy_effect_region_resource_books_production	building_to_building_own	12.0000	6.0000	0.0000	derpy_mr_books_0
wh2_main_special_fortress_gate_eagle_untainted_3	derpy_effect_region_resource_books_production	building_to_building_own	16.0000	8.0000	0.0000	derpy_mr_books_0
wh2_main_special_fortress_gate_eagle_untainted_4	derpy_effect_region_resource_books_production	building_to_building_own	20.0000	10.0000	0.0000	derpy_mr_books_0
wh2_main_special_fortress_gate_eagle_untainted_5	derpy_effect_region_resource_books_production	building_to_building_own	24.0000	12.0000	0.0000	derpy_mr_books_0
wh2_main_special_fortress_gate_griffon_hef_1	derpy_effect_region_resource_books_production	building_to_building_own	8.0000	4.0000	0.0000	derpy_mr_books_0
wh2_main_special_fortress_gate_griffon_hef_2	derpy_effect_region_resource_books_production	building_to_building_own	12.0000	6.0000	0.0000	derpy_mr_books_0
wh2_main_special_fortress_gate_griffon_hef_3	derpy_effect_region_resource_books_production	building_to_building_own	16.0000	8.0000	0.0000	derpy_mr_books_0
wh2_main_special_fortress_gate_griffon_hef_4	derpy_effect_region_resource_books_production	building_to_building_own	20.0000	10.0000	0.0000	derpy_mr_books_0
wh2_main_special_fortress_gate_griffon_hef_5	derpy_effect_region_resource_books_production	building_to_building_own	24.0000	12.0000	0.0000	derpy_mr_books_0
wh2_main_special_fortress_gate_griffon_untainted_1	derpy_effect_region_resource_books_production	building_to_building_own	8.0000	4.0000	0.0000	derpy_mr_books_0
wh2_main_special_fortress_gate_griffon_untainted_2	derpy_effect_region_resource_books_production	building_to_building_own	12.0000	6.0000	0.0000	derpy_mr_books_0
wh2_main_special_fortress_gate_griffon_untainted_3	derpy_effect_region_resource_books_production	building_to_building_own	16.0000	8.0000	0.0000	derpy_mr_books_0
wh2_main_special_fortress_gate_griffon_untainted_4	derpy_effect_region_resource_books_production	building_to_building_own	20.0000	10.0000	0.0000	derpy_mr_books_0
wh2_main_special_fortress_gate_griffon_untainted_5	derpy_effect_region_resource_books_production	building_to_building_own	24.0000	12.0000	0.0000	derpy_mr_books_0
wh2_main_special_fortress_gate_phoenix_hef_1	derpy_effect_region_resource_books_production	building_to_building_own	8.0000	4.0000	0.0000	derpy_mr_books_0
wh2_main_special_fortress_gate_phoenix_hef_2	derpy_effect_region_resource_books_production	building_to_building_own	12.0000	6.0000	0.0000	derpy_mr_books_0
wh2_main_special_fortress_gate_phoenix_hef_3	derpy_effect_region_resource_books_production	building_to_building_own	16.0000	8.0000	0.0000	derpy_mr_books_0
wh2_main_special_fortress_gate_phoenix_hef_4	derpy_effect_region_resource_books_production	building_to_building_own	20.0000	10.0000	0.0000	derpy_mr_books_0
wh2_main_special_fortress_gate_phoenix_hef_5	derpy_effect_region_resource_books_production	building_to_building_own	24.0000	12.0000	0.0000	derpy_mr_books_0
wh2_main_special_fortress_gate_phoenix_untainted_1	derpy_effect_region_resource_books_production	building_to_building_own	8.0000	4.0000	0.0000	derpy_mr_books_0
wh2_main_special_fortress_gate_phoenix_untainted_2	derpy_effect_region_resource_books_production	building_to_building_own	12.0000	6.0000	0.0000	derpy_mr_books_0
wh2_main_special_fortress_gate_phoenix_untainted_3	derpy_effect_region_resource_books_production	building_to_building_own	16.0000	8.0000	0.0000	derpy_mr_books_0
wh2_main_special_fortress_gate_phoenix_untainted_4	derpy_effect_region_resource_books_production	building_to_building_own	20.0000	10.0000	0.0000	derpy_mr_books_0
wh2_main_special_fortress_gate_phoenix_untainted_5	derpy_effect_region_resource_books_production	building_to_building_own	24.0000	12.0000	0.0000	derpy_mr_books_0
wh2_main_special_fortress_gate_unicorn_hef_1	derpy_effect_region_resource_books_production	building_to_building_own	8.0000	4.0000	0.0000	derpy_mr_books_0
wh2_main_special_fortress_gate_unicorn_hef_2	derpy_effect_region_resource_books_production	building_to_building_own	12.0000	6.0000	0.0000	derpy_mr_books_0
wh2_main_special_fortress_gate_unicorn_hef_3	derpy_effect_region_resource_books_production	building_to_building_own	16.0000	8.0000	0.0000	derpy_mr_books_0
wh2_main_special_fortress_gate_unicorn_hef_4	derpy_effect_region_resource_books_production	building_to_building_own	20.0000	10.0000	0.0000	derpy_mr_books_0
wh2_main_special_fortress_gate_unicorn_hef_5	derpy_effect_region_resource_books_production	building_to_building_own	24.0000	12.0000	0.0000	derpy_mr_books_0
wh2_main_special_fortress_gate_unicorn_untainted_1	derpy_effect_region_resource_books_production	building_to_building_own	8.0000	4.0000	0.0000	derpy_mr_books_0
wh2_main_special_fortress_gate_unicorn_untainted_2	derpy_effect_region_resource_books_production	building_to_building_own	12.0000	6.0000	0.0000	derpy_mr_books_0
wh2_main_special_fortress_gate_unicorn_untainted_3	derpy_effect_region_resource_books_production	building_to_building_own	16.0000	8.0000	0.0000	derpy_mr_books_0
wh2_main_special_fortress_gate_unicorn_untainted_4	derpy_effect_region_resource_books_production	building_to_building_own	20.0000	10.0000	0.0000	derpy_mr_books_0
wh2_main_special_fortress_gate_unicorn_untainted_5	derpy_effect_region_resource_books_production	building_to_building_own	24.0000	12.0000	0.0000	derpy_mr_books_0
wh2_main_special_settlement_colony_major_hef_1	derpy_effect_region_resource_books_production	building_to_building_own	8.0000	4.0000	0.0000	derpy_mr_books_0
wh2_main_special_settlement_colony_major_hef_2	derpy_effect_region_resource_books_production	building_to_building_own	12.0000	6.0000	0.0000	derpy_mr_books_0
wh2_main_special_settlement_colony_major_hef_3	derpy_effect_region_resource_books_production	building_to_building_own	16.0000	8.0000	0.0000	derpy_mr_books_0
wh2_main_special_settlement_colony_major_hef_4	derpy_effect_region_resource_books_production	building_to_building_own	20.0000	10.0000	0.0000	derpy_mr_books_0
wh2_main_special_settlement_colony_major_hef_5	derpy_effect_region_resource_books_production	building_to_building_own	24.0000	12.0000	0.0000	derpy_mr_books_0
wh2_main_special_settlement_colony_minor_hef_1	derpy_effect_region_resource_books_production	building_to_building_own	8.0000	4.0000	0.0000	derpy_mr_books_0
wh2_main_special_settlement_colony_minor_hef_2	derpy_effect_region_resource_books_production	building_to_building_own	12.0000	6.0000	0.0000	derpy_mr_books_0
wh2_main_special_settlement_colony_minor_hef_3	derpy_effect_region_resource_books_production	building_to_building_own	16.0000	8.0000	0.0000	derpy_mr_books_0
wh2_main_special_settlement_eight_peaks_skv_1	derpy_effect_region_resource_books_production	building_to_building_own	8.0000	4.0000	0.0000	derpy_mr_books_0
wh2_main_special_settlement_eight_peaks_skv_2	derpy_effect_region_resource_books_production	building_to_building_own	12.0000	6.0000	0.0000	derpy_mr_books_0
wh2_main_special_settlement_eight_peaks_skv_3	derpy_effect_region_resource_books_production	building_to_building_own	16.0000	8.0000	0.0000	derpy_mr_books_0
wh2_main_special_settlement_eight_peaks_skv_4	derpy_effect_region_resource_books_production	building_to_building_own	20.0000	10.0000	0.0000	derpy_mr_books_0
wh2_main_special_settlement_eight_peaks_skv_5	derpy_effect_region_resource_books_production	building_to_building_own	24.0000	12.0000	0.0000	derpy_mr_books_0
wh2_main_special_settlement_gaean_vale_1	derpy_effect_region_resource_books_production	building_to_building_own	8.0000	4.0000	0.0000	derpy_mr_books_0
wh2_main_special_settlement_gaean_vale_2	derpy_effect_region_resource_books_production	building_to_building_own	12.0000	6.0000	0.0000	derpy_mr_books_0
wh2_main_special_settlement_gaean_vale_3	derpy_effect_region_resource_books_production	building_to_building_own	16.0000	8.0000	0.0000	derpy_mr_books_0
wh2_main_special_settlement_gaean_vale_4	derpy_effect_region_resource_books_production	building_to_building_own	20.0000	10.0000	0.0000	derpy_mr_books_0
wh2_main_special_settlement_gaean_vale_5	derpy_effect_region_resource_books_production	building_to_building_own	24.0000	12.0000	0.0000	derpy_mr_books_0
wh_dlc05_special_settlement_gaean_vale_1_wef	derpy_effect_region_resource_books_production	building_to_building_own	8.0000	4.0000	0.0000	derpy_mr_books_0
wh_dlc05_special_settlement_gaean_vale_2_wef	derpy_effect_region_resource_books_production	building_to_building_own	12.0000	6.0000	0.0000	derpy_mr_books_0
wh_dlc05_special_settlement_gaean_vale_3_wef	derpy_effect_region_resource_books_production	building_to_building_own	16.0000	8.0000	0.0000	derpy_mr_books_0
wh_dlc05_special_settlement_gaean_vale_4_wef	derpy_effect_region_resource_books_production	building_to_building_own	20.0000	10.0000	0.0000	derpy_mr_books_0
wh_dlc05_special_settlement_gaean_vale_5_wef	derpy_effect_region_resource_books_production	building_to_building_own	24.0000	12.0000	0.0000	derpy_mr_books_0
wh2_main_special_settlement_hellpit_1	derpy_effect_region_resource_books_production	building_to_building_own	8.0000	4.0000	0.0000	derpy_mr_books_0
wh2_main_special_settlement_hellpit_2	derpy_effect_region_resource_books_production	building_to_building_own	12.0000	6.0000	0.0000	derpy_mr_books_0
wh2_main_special_settlement_hellpit_3	derpy_effect_region_resource_books_production	building_to_building_own	16.0000	8.0000	0.0000	derpy_mr_books_0
wh2_main_special_settlement_hellpit_4	derpy_effect_region_resource_books_production	building_to_building_own	20.0000	10.0000	0.0000	derpy_mr_books_0
wh2_main_special_settlement_hellpit_5	derpy_effect_region_resource_books_production	building_to_building_own	24.0000	12.0000	0.0000	derpy_mr_books_0
wh_dlc05_special_settlement_hellpit_1_wef	derpy_effect_region_resource_books_production	building_to_building_own	8.0000	4.0000	0.0000	derpy_mr_books_0
wh2_main_special_settlement_hexoatl_lzd_1	derpy_effect_region_resource_books_production	building_to_building_own	8.0000	4.0000	0.0000	derpy_mr_books_0
wh2_main_special_settlement_hexoatl_lzd_2	derpy_effect_region_resource_books_production	building_to_building_own	12.0000	6.0000	0.0000	derpy_mr_books_0
wh2_main_special_settlement_hexoatl_lzd_3	derpy_effect_region_resource_books_production	building_to_building_own	16.0000	8.0000	0.0000	derpy_mr_books_0
wh2_main_special_settlement_hexoatl_lzd_4	derpy_effect_region_resource_books_production	building_to_building_own	20.0000	10.0000	0.0000	derpy_mr_books_0
wh2_main_special_settlement_hexoatl_lzd_5	derpy_effect_region_resource_books_production	building_to_building_own	24.0000	12.0000	0.0000	derpy_mr_books_0
wh_dlc05_special_settlement_hexoatl_1_wef	derpy_effect_region_resource_books_production	building_to_building_own	8.0000	4.0000	0.0000	derpy_mr_books_0
wh2_main_special_settlement_itza_lzd_1	derpy_effect_region_resource_books_production	building_to_building_own	8.0000	4.0000	0.0000	derpy_mr_books_0
wh2_main_special_settlement_itza_lzd_2	derpy_effect_region_resource_books_production	building_to_building_own	12.0000	6.0000	0.0000	derpy_mr_books_0
wh2_main_special_settlement_itza_lzd_3	derpy_effect_region_resource_books_production	building_to_building_own	16.0000	8.0000	0.0000	derpy_mr_books_0
wh2_main_special_settlement_itza_lzd_4	derpy_effect_region_resource_books_production	building_to_building_own	20.0000	10.0000	0.0000	derpy_mr_books_0
wh2_main_special_settlement_itza_lzd_5	derpy_effect_region_resource_books_production	building_to_building_own	24.0000	12.0000	0.0000	derpy_mr_books_0
wh_dlc05_special_settlement_itza_1_wef	derpy_effect_region_resource_books_production	building_to_building_own	8.0000	4.0000	0.0000	derpy_mr_books_0
wh2_main_special_settlement_karaz_a_karak_skv_1	derpy_effect_region_resource_books_production	building_to_building_own	8.0000	4.0000	0.0000	derpy_mr_books_0
wh2_main_special_settlement_karaz_a_karak_skv_2	derpy_effect_region_resource_books_production	building_to_building_own	12.0000	6.0000	0.0000	derpy_mr_books_0
wh2_main_special_settlement_karaz_a_karak_skv_3	derpy_effect_region_resource_books_production	building_to_building_own	16.0000	8.0000	0.0000	derpy_mr_books_0
wh2_main_special_settlement_karaz_a_karak_skv_4	derpy_effect_region_resource_books_production	building_to_building_own	20.0000	10.0000	0.0000	derpy_mr_books_0
wh2_main_special_settlement_karaz_a_karak_skv_5	derpy_effect_region_resource_books_production	building_to_building_own	24.0000	12.0000	0.0000	derpy_mr_books_0
wh_dlc05_special_settlement_khemri_1_wef	derpy_effect_region_resource_books_production	building_to_building_own	8.0000	4.0000	0.0000	derpy_mr_books_0
wh_dlc05_special_settlement_konquata_1_wef	derpy_effect_region_resource_books_production	building_to_building_own	8.0000	4.0000	0.0000	derpy_mr_books_0
wh_dlc05_special_settlement_lahmia_1_wef	derpy_effect_region_resource_books_production	building_to_building_own	8.0000	4.0000	0.0000	derpy_mr_books_0
wh2_main_special_settlement_lothern_1	derpy_effect_region_resource_books_production	building_to_building_own	8.0000	4.0000	0.0000	derpy_mr_books_0
wh2_main_special_settlement_lothern_2	derpy_effect_region_resource_books_production	building_to_building_own	12.0000	6.0000	0.0000	derpy_mr_books_0
wh2_main_special_settlement_lothern_3	derpy_effect_region_resource_books_production	building_to_building_own	16.0000	8.0000	0.0000	derpy_mr_books_0
wh2_main_special_settlement_lothern_4	derpy_effect_region_resource_books_production	building_to_building_own	20.0000	10.0000	0.0000	derpy_mr_books_0
wh2_main_special_settlement_lothern_5	derpy_effect_region_resource_books_production	building_to_building_own	24.0000	12.0000	0.0000	derpy_mr_books_0
wh2_main_special_settlement_lothern_def_1	derpy_effect_region_resource_books_production	building_to_building_own	8.0000	4.0000	0.0000	derpy_mr_books_0
wh2_main_special_settlement_lothern_def_2	derpy_effect_region_resource_books_production	building_to_building_own	12.0000	6.0000	0.0000	derpy_mr_books_0
wh2_main_special_settlement_lothern_def_3	derpy_effect_region_resource_books_production	building_to_building_own	16.0000	8.0000	0.0000	derpy_mr_books_0
wh2_main_special_settlement_lothern_def_4	derpy_effect_region_resource_books_production	building_to_building_own	20.0000	10.0000	0.0000	derpy_mr_books_0
wh2_main_special_settlement_lothern_def_5	derpy_effect_region_resource_books_production	building_to_building_own	24.0000	12.0000	0.0000	derpy_mr_books_0
wh_dlc05_special_settlement_lothern_1_wef	derpy_effect_region_resource_books_production	building_to_building_own	8.0000	4.0000	0.0000	derpy_mr_books_0
wh2_main_special_settlement_naggarond_1	derpy_effect_region_resource_books_production	building_to_building_own	8.0000	4.0000	0.0000	derpy_mr_books_0
wh2_main_special_settlement_naggarond_2	derpy_effect_region_resource_books_production	building_to_building_own	12.0000	6.0000	0.0000	derpy_mr_books_0
wh2_main_special_settlement_naggarond_3	derpy_effect_region_resource_books_production	building_to_building_own	16.0000	8.0000	0.0000	derpy_mr_books_0
wh2_main_special_settlement_naggarond_4	derpy_effect_region_resource_books_production	building_to_building_own	20.0000	10.0000	0.0000	derpy_mr_books_0
wh2_main_special_settlement_naggarond_5	derpy_effect_region_resource_books_production	building_to_building_own	24.0000	12.0000	0.0000	derpy_mr_books_0
wh2_main_special_settlement_naggarond_hef_1	derpy_effect_region_resource_books_production	building_to_building_own	8.0000	4.0000	0.0000	derpy_mr_books_0
wh2_main_special_settlement_naggarond_hef_2	derpy_effect_region_resource_books_production	building_to_building_own	12.0000	6.0000	0.0000	derpy_mr_books_0
wh2_main_special_settlement_naggarond_hef_3	derpy_effect_region_resource_books_production	building_to_building_own	16.0000	8.0000	0.0000	derpy_mr_books_0
wh2_main_special_settlement_naggarond_hef_4	derpy_effect_region_resource_books_production	building_to_building_own	20.0000	10.0000	0.0000	derpy_mr_books_0
wh2_main_special_settlement_naggarond_hef_5	derpy_effect_region_resource_books_production	building_to_building_own	24.0000	12.0000	0.0000	derpy_mr_books_0
wh_dlc05_special_settlement_naggarond_1_wef	derpy_effect_region_resource_books_production	building_to_building_own	8.0000	4.0000	0.0000	derpy_mr_books_0
wh2_main_special_settlement_pyramid_of_nagash_1_wef	derpy_effect_region_resource_books_production	building_to_building_own	8.0000	4.0000	0.0000	derpy_mr_books_0
wh2_main_special_settlement_sartosa_brt_1	derpy_effect_region_resource_books_production	building_to_building_own	8.0000	4.0000	0.0000	derpy_mr_books_0
wh2_main_special_settlement_sartosa_brt_2	derpy_effect_region_resource_books_production	building_to_building_own	12.0000	6.0000	0.0000	derpy_mr_books_0
wh2_main_special_settlement_sartosa_brt_3	derpy_effect_region_resource_books_production	building_to_building_own	16.0000	8.0000	0.0000	derpy_mr_books_0
wh2_main_special_settlement_sartosa_brt_4	derpy_effect_region_resource_books_production	building_to_building_own	20.0000	10.0000	0.0000	derpy_mr_books_0
wh2_main_special_settlement_sartosa_brt_5	derpy_effect_region_resource_books_production	building_to_building_own	24.0000	12.0000	0.0000	derpy_mr_books_0
wh2_main_special_settlement_sartosa_cst_1	derpy_effect_region_resource_books_production	building_to_building_own	8.0000	4.0000	0.0000	derpy_mr_books_0
wh2_main_special_settlement_sartosa_cst_2	derpy_effect_region_resource_books_production	building_to_building_own	12.0000	6.0000	0.0000	derpy_mr_books_0
wh2_main_special_settlement_sartosa_cst_3	derpy_effect_region_resource_books_production	building_to_building_own	16.0000	8.0000	0.0000	derpy_mr_books_0
wh2_main_special_settlement_sartosa_cst_4	derpy_effect_region_resource_books_production	building_to_building_own	20.0000	10.0000	0.0000	derpy_mr_books_0
wh2_main_special_settlement_sartosa_cst_5	derpy_effect_region_resource_books_production	building_to_building_own	24.0000	12.0000	0.0000	derpy_mr_books_0
wh2_main_special_settlement_sartosa_def_1	derpy_effect_region_resource_books_production	building_to_building_own	8.0000	4.0000	0.0000	derpy_mr_books_0
wh2_main_special_settlement_sartosa_def_2	derpy_effect_region_resource_books_production	building_to_building_own	12.0000	6.0000	0.0000	derpy_mr_books_0
wh2_main_special_settlement_sartosa_def_3	derpy_effect_region_resource_books_production	building_to_building_own	16.0000	8.0000	0.0000	derpy_mr_books_0
wh2_main_special_settlement_sartosa_def_4	derpy_effect_region_resource_books_production	building_to_building_own	20.0000	10.0000	0.0000	derpy_mr_books_0
wh2_main_special_settlement_sartosa_def_5	derpy_effect_region_resource_books_production	building_to_building_own	24.0000	12.0000	0.0000	derpy_mr_books_0
wh2_main_special_settlement_sartosa_emp_1	derpy_effect_region_resource_books_production	building_to_building_own	8.0000	4.0000	0.0000	derpy_mr_books_0
wh2_main_special_settlement_sartosa_emp_2	derpy_effect_region_resource_books_production	building_to_building_own	12.0000	6.0000	0.0000	derpy_mr_books_0
wh2_main_special_settlement_sartosa_emp_3	derpy_effect_region_resource_books_production	building_to_building_own	16.0000	8.0000	0.0000	derpy_mr_books_0
wh2_main_special_settlement_sartosa_emp_4	derpy_effect_region_resource_books_production	building_to_building_own	20.0000	10.0000	0.0000	derpy_mr_books_0
wh2_main_special_settlement_sartosa_emp_5	derpy_effect_region_resource_books_production	building_to_building_own	24.0000	12.0000	0.0000	derpy_mr_books_0
wh2_main_special_settlement_sartosa_wef_1	derpy_effect_region_resource_books_production	building_to_building_own	8.0000	4.0000	0.0000	derpy_mr_books_0
wh2_main_special_settlement_skavenblight_1	derpy_effect_region_resource_books_production	building_to_building_own	8.0000	4.0000	0.0000	derpy_mr_books_0
wh2_main_special_settlement_skavenblight_2	derpy_effect_region_resource_books_production	building_to_building_own	12.0000	6.0000	0.0000	derpy_mr_books_0
wh2_main_special_settlement_skavenblight_3	derpy_effect_region_resource_books_production	building_to_building_own	16.0000	8.0000	0.0000	derpy_mr_books_0
wh2_main_special_settlement_skavenblight_4	derpy_effect_region_resource_books_production	building_to_building_own	20.0000	10.0000	0.0000	derpy_mr_books_0
wh2_main_special_settlement_skavenblight_5	derpy_effect_region_resource_books_production	building_to_building_own	24.0000	12.0000	0.0000	derpy_mr_books_0
wh_dlc05_special_settlement_skavenblight_1_wef	derpy_effect_region_resource_books_production	building_to_building_own	8.0000	4.0000	0.0000	derpy_mr_books_0
wh2_main_special_settlement_the_awakening_cst_1	derpy_effect_region_resource_books_production	building_to_building_own	8.0000	4.0000	0.0000	derpy_mr_books_0
wh2_main_special_settlement_the_awakening_cst_2	derpy_effect_region_resource_books_production	building_to_building_own	12.0000	6.0000	0.0000	derpy_mr_books_0
wh2_main_special_settlement_the_awakening_cst_3	derpy_effect_region_resource_books_production	building_to_building_own	16.0000	8.0000	0.0000	derpy_mr_books_0
wh2_main_special_settlement_the_awakening_cst_4	derpy_effect_region_resource_books_production	building_to_building_own	20.0000	10.0000	0.0000	derpy_mr_books_0
wh2_main_special_settlement_the_awakening_cst_5	derpy_effect_region_resource_books_production	building_to_building_own	24.0000	12.0000	0.0000	derpy_mr_books_0
wh2_main_special_settlement_the_awakening_wef_1	derpy_effect_region_resource_books_production	building_to_building_own	8.0000	4.0000	0.0000	derpy_mr_books_0
wh2_main_wef_oak_of_ages_occupied_1	derpy_effect_region_resource_books_production	building_to_building_own	8.0000	4.0000	0.0000	derpy_mr_books_0
wh2_twa03_special_settlement_konquata_lzd_1	derpy_effect_region_resource_books_production	building_to_building_own	8.0000	4.0000	0.0000	derpy_mr_books_0
wh2_twa03_special_settlement_konquata_lzd_2	derpy_effect_region_resource_books_production	building_to_building_own	12.0000	6.0000	0.0000	derpy_mr_books_0
wh2_twa03_special_settlement_konquata_lzd_3	derpy_effect_region_resource_books_production	building_to_building_own	16.0000	8.0000	0.0000	derpy_mr_books_0
wh2_twa03_special_settlement_konquata_lzd_4	derpy_effect_region_resource_books_production	building_to_building_own	20.0000	10.0000	0.0000	derpy_mr_books_0
wh2_twa03_special_settlement_konquata_lzd_5	derpy_effect_region_resource_books_production	building_to_building_own	24.0000	12.0000	0.0000	derpy_mr_books_0
wh3_cp1_cth_bhashiva_settlement_major_1	derpy_effect_region_resource_books_production	building_to_building_own	8.0000	4.0000	0.0000	derpy_mr_books_0
wh3_cp1_cth_bhashiva_settlement_major_2	derpy_effect_region_resource_books_production	building_to_building_own	12.0000	6.0000	0.0000	derpy_mr_books_0
wh3_cp1_cth_bhashiva_settlement_major_3	derpy_effect_region_resource_books_production	building_to_building_own	16.0000	8.0000	0.0000	derpy_mr_books_0
wh3_cp1_cth_bhashiva_settlement_major_4	derpy_effect_region_resource_books_production	building_to_building_own	20.0000	10.0000	0.0000	derpy_mr_books_0
wh3_cp1_cth_bhashiva_settlement_major_5	derpy_effect_region_resource_books_production	building_to_building_own	24.0000	12.0000	0.0000	derpy_mr_books_0
wh3_cp1_cth_bhashiva_settlement_minor_1	derpy_effect_region_resource_books_production	building_to_building_own	8.0000	4.0000	0.0000	derpy_mr_books_0
wh3_cp1_cth_bhashiva_settlement_minor_2	derpy_effect_region_resource_books_production	building_to_building_own	12.0000	6.0000	0.0000	derpy_mr_books_0
wh3_cp1_cth_bhashiva_settlement_minor_3	derpy_effect_region_resource_books_production	building_to_building_own	16.0000	8.0000	0.0000	derpy_mr_books_0
wh3_dlc20_woc_chaos_altar_major_human_1	derpy_effect_region_resource_books_production	building_to_building_own	8.0000	4.0000	0.0000	derpy_mr_books_0
wh3_dlc20_woc_chaos_altar_special_gate_settlement_1	derpy_effect_region_resource_books_production	building_to_building_own	8.0000	4.0000	0.0000	derpy_mr_books_0
wh3_dlc20_woc_chaos_altar_special_gate_settlement_2	derpy_effect_region_resource_books_production	building_to_building_own	12.0000	6.0000	0.0000	derpy_mr_books_0
wh3_dlc20_woc_chaos_altar_special_gate_settlement_3	derpy_effect_region_resource_books_production	building_to_building_own	16.0000	8.0000	0.0000	derpy_mr_books_0
wh3_dlc20_settlement_woc_dark_fortress_1	derpy_effect_region_resource_books_production	building_to_building_own	8.0000	4.0000	0.0000	derpy_mr_books_0
wh3_dlc20_settlement_woc_dark_fortress_2	derpy_effect_region_resource_books_production	building_to_building_own	12.0000	6.0000	0.0000	derpy_mr_books_0
wh3_dlc20_settlement_woc_dark_fortress_3	derpy_effect_region_resource_books_production	building_to_building_own	16.0000	8.0000	0.0000	derpy_mr_books_0
wh3_dlc20_settlement_woc_dark_fortress_4	derpy_effect_region_resource_books_production	building_to_building_own	20.0000	10.0000	0.0000	derpy_mr_books_0
wh3_dlc20_settlement_woc_dark_fortress_5	derpy_effect_region_resource_books_production	building_to_building_own	24.0000	12.0000	0.0000	derpy_mr_books_0
wh3_dlc23_chd_settlement_factory_1	derpy_effect_region_resource_books_production	building_to_building_own	8.0000	4.0000	0.0000	derpy_mr_books_0
wh3_dlc23_chd_settlement_factory_2	derpy_effect_region_resource_books_production	building_to_building_own	12.0000	6.0000	0.0000	derpy_mr_books_0
wh3_dlc23_chd_settlement_factory_3	derpy_effect_region_resource_books_production	building_to_building_own	16.0000	8.0000	0.0000	derpy_mr_books_0
wh3_dlc23_chd_settlement_outpost_1	derpy_effect_region_resource_books_production	building_to_building_own	8.0000	4.0000	0.0000	derpy_mr_books_0
wh3_dlc23_chd_settlement_outpost_2	derpy_effect_region_resource_books_production	building_to_building_own	12.0000	6.0000	0.0000	derpy_mr_books_0
wh3_dlc23_chd_settlement_outpost_3	derpy_effect_region_resource_books_production	building_to_building_own	16.0000	8.0000	0.0000	derpy_mr_books_0
wh3_dlc23_chd_settlement_tower_1	derpy_effect_region_resource_books_production	building_to_building_own	8.0000	4.0000	0.0000	derpy_mr_books_0
wh3_dlc23_chd_settlement_tower_2	derpy_effect_region_resource_books_production	building_to_building_own	12.0000	6.0000	0.0000	derpy_mr_books_0
wh3_dlc23_chd_settlement_tower_3	derpy_effect_region_resource_books_production	building_to_building_own	16.0000	8.0000	0.0000	derpy_mr_books_0
wh3_dlc23_chd_settlement_tower_4	derpy_effect_region_resource_books_production	building_to_building_own	20.0000	10.0000	0.0000	derpy_mr_books_0
wh3_dlc23_chd_settlement_tower_5	derpy_effect_region_resource_books_production	building_to_building_own	24.0000	12.0000	0.0000	derpy_mr_books_0
wh3_dlc23_chd_special_settlement_tower_1	derpy_effect_region_resource_books_production	building_to_building_own	8.0000	4.0000	0.0000	derpy_mr_books_0
wh3_dlc23_chd_special_settlement_tower_2	derpy_effect_region_resource_books_production	building_to_building_own	12.0000	6.0000	0.0000	derpy_mr_books_0
wh3_dlc23_chd_special_settlement_tower_3	derpy_effect_region_resource_books_production	building_to_building_own	16.0000	8.0000	0.0000	derpy_mr_books_0
wh3_dlc23_chd_special_settlement_tower_4	derpy_effect_region_resource_books_production	building_to_building_own	20.0000	10.0000	0.0000	derpy_mr_books_0
wh3_dlc23_chd_special_settlement_tower_5	derpy_effect_region_resource_books_production	building_to_building_own	24.0000	12.0000	0.0000	derpy_mr_books_0
wh3_dlc23_special_empire_fort_chd_1	derpy_effect_region_resource_books_production	building_to_building_own	8.0000	4.0000	0.0000	derpy_mr_books_0
wh3_dlc23_special_empire_fort_chd_2	derpy_effect_region_resource_books_production	building_to_building_own	12.0000	6.0000	0.0000	derpy_mr_books_0
wh3_dlc23_special_empire_fort_chd_3	derpy_effect_region_resource_books_production	building_to_building_own	16.0000	8.0000	0.0000	derpy_mr_books_0
wh3_dlc23_special_empire_fort_chd_4	derpy_effect_region_resource_books_production	building_to_building_own	20.0000	10.0000	0.0000	derpy_mr_books_0
wh3_dlc23_special_empire_fort_chd_5	derpy_effect_region_resource_books_production	building_to_building_own	24.0000	12.0000	0.0000	derpy_mr_books_0
wh2_main_special_fortress_gate_eagle_chd_1	derpy_effect_region_resource_books_production	building_to_building_own	8.0000	4.0000	0.0000	derpy_mr_books_0
wh2_main_special_fortress_gate_eagle_chd_2	derpy_effect_region_resource_books_production	building_to_building_own	12.0000	6.0000	0.0000	derpy_mr_books_0
wh2_main_special_fortress_gate_eagle_chd_3	derpy_effect_region_resource_books_production	building_to_building_own	16.0000	8.0000	0.0000	derpy_mr_books_0
wh2_main_special_fortress_gate_eagle_chd_4	derpy_effect_region_resource_books_production	building_to_building_own	20.0000	10.0000	0.0000	derpy_mr_books_0
wh2_main_special_fortress_gate_eagle_chd_5	derpy_effect_region_resource_books_production	building_to_building_own	24.0000	12.0000	0.0000	derpy_mr_books_0
wh2_main_special_fortress_gate_griffon_chd_1	derpy_effect_region_resource_books_production	building_to_building_own	8.0000	4.0000	0.0000	derpy_mr_books_0
wh2_main_special_fortress_gate_griffon_chd_2	derpy_effect_region_resource_books_production	building_to_building_own	12.0000	6.0000	0.0000	derpy_mr_books_0
wh2_main_special_fortress_gate_griffon_chd_3	derpy_effect_region_resource_books_production	building_to_building_own	16.0000	8.0000	0.0000	derpy_mr_books_0
wh2_main_special_fortress_gate_griffon_chd_4	derpy_effect_region_resource_books_production	building_to_building_own	20.0000	10.0000	0.0000	derpy_mr_books_0
wh2_main_special_fortress_gate_griffon_chd_5	derpy_effect_region_resource_books_production	building_to_building_own	24.0000	12.0000	0.0000	derpy_mr_books_0
wh2_main_special_fortress_gate_phoenix_chd_1	derpy_effect_region_resource_books_production	building_to_building_own	8.0000	4.0000	0.0000	derpy_mr_books_0
wh2_main_special_fortress_gate_phoenix_chd_2	derpy_effect_region_resource_books_production	building_to_building_own	12.0000	6.0000	0.0000	derpy_mr_books_0
wh2_main_special_fortress_gate_phoenix_chd_3	derpy_effect_region_resource_books_production	building_to_building_own	16.0000	8.0000	0.0000	derpy_mr_books_0
wh2_main_special_fortress_gate_phoenix_chd_4	derpy_effect_region_resource_books_production	building_to_building_own	20.0000	10.0000	0.0000	derpy_mr_books_0
wh2_main_special_fortress_gate_phoenix_chd_5	derpy_effect_region_resource_books_production	building_to_building_own	24.0000	12.0000	0.0000	derpy_mr_books_0
wh2_main_special_fortress_gate_unicorn_chd_1	derpy_effect_region_resource_books_production	building_to_building_own	8.0000	4.0000	0.0000	derpy_mr_books_0
wh2_main_special_fortress_gate_unicorn_chd_2	derpy_effect_region_resource_books_production	building_to_building_own	12.0000	6.0000	0.0000	derpy_mr_books_0
wh2_main_special_fortress_gate_unicorn_chd_3	derpy_effect_region_resource_books_production	building_to_building_own	16.0000	8.0000	0.0000	derpy_mr_books_0
wh2_main_special_fortress_gate_unicorn_chd_4	derpy_effect_region_resource_books_production	building_to_building_own	20.0000	10.0000	0.0000	derpy_mr_books_0
wh2_main_special_fortress_gate_unicorn_chd_5	derpy_effect_region_resource_books_production	building_to_building_own	24.0000	12.0000	0.0000	derpy_mr_books_0
wh3_main_special_settlement_bastion_chd_1	derpy_effect_region_resource_books_production	building_to_building_own	8.0000	4.0000	0.0000	derpy_mr_books_0
wh3_main_special_settlement_bastion_chd_2	derpy_effect_region_resource_books_production	building_to_building_own	12.0000	6.0000	0.0000	derpy_mr_books_0
wh3_main_special_settlement_bastion_chd_3	derpy_effect_region_resource_books_production	building_to_building_own	16.0000	8.0000	0.0000	derpy_mr_books_0
wh3_main_special_settlement_bastion_chd_4	derpy_effect_region_resource_books_production	building_to_building_own	20.0000	10.0000	0.0000	derpy_mr_books_0
wh3_main_special_settlement_bastion_chd_5	derpy_effect_region_resource_books_production	building_to_building_own	24.0000	12.0000	0.0000	derpy_mr_books_0
wh3_dlc25_dwf_special_settlement_oak_of_ages_1	derpy_effect_region_resource_books_production	building_to_building_own	8.0000	4.0000	0.0000	derpy_mr_books_0
wh3_dlc27_hef_colony_settlement_major_1	derpy_effect_region_resource_books_production	building_to_building_own	8.0000	4.0000	0.0000	derpy_mr_books_0
wh3_dlc27_hef_colony_settlement_major_2	derpy_effect_region_resource_books_production	building_to_building_own	12.0000	6.0000	0.0000	derpy_mr_books_0
wh3_dlc27_hef_colony_settlement_major_3	derpy_effect_region_resource_books_production	building_to_building_own	16.0000	8.0000	0.0000	derpy_mr_books_0
wh3_dlc27_hef_colony_settlement_major_4	derpy_effect_region_resource_books_production	building_to_building_own	20.0000	10.0000	0.0000	derpy_mr_books_0
wh3_dlc27_hef_colony_settlement_major_5	derpy_effect_region_resource_books_production	building_to_building_own	24.0000	12.0000	0.0000	derpy_mr_books_0
wh3_dlc27_hef_colony_settlement_minor_1	derpy_effect_region_resource_books_production	building_to_building_own	8.0000	4.0000	0.0000	derpy_mr_books_0
wh3_dlc27_hef_colony_settlement_minor_2	derpy_effect_region_resource_books_production	building_to_building_own	12.0000	6.0000	0.0000	derpy_mr_books_0
wh3_dlc27_hef_colony_settlement_minor_3	derpy_effect_region_resource_books_production	building_to_building_own	16.0000	8.0000	0.0000	derpy_mr_books_0
wh3_dlc27_nor_chaos_altar_und_minor_human_1	derpy_effect_region_resource_books_production	building_to_building_own	8.0000	4.0000	0.0000	derpy_mr_books_0
wh3_dlc27_nor_chaos_altar_und_minor_human_2	derpy_effect_region_resource_books_production	building_to_building_own	12.0000	6.0000	0.0000	derpy_mr_books_0
wh3_dlc27_nor_chaos_altar_und_minor_human_3	derpy_effect_region_resource_books_production	building_to_building_own	16.0000	8.0000	0.0000	derpy_mr_books_0
wh3_dlc27_settlement_nor_chaos_altar_und_special_gate_1	derpy_effect_region_resource_books_production	building_to_building_own	8.0000	4.0000	0.0000	derpy_mr_books_0
wh3_dlc27_settlement_nor_chaos_altar_und_special_gate_2	derpy_effect_region_resource_books_production	building_to_building_own	12.0000	6.0000	0.0000	derpy_mr_books_0
wh3_dlc27_settlement_nor_chaos_altar_und_special_gate_3	derpy_effect_region_resource_books_production	building_to_building_own	16.0000	8.0000	0.0000	derpy_mr_books_0
wh3_dlc27_nor_chaos_altar_und_minor_human_port_1	derpy_effect_region_resource_books_production	building_to_building_own	8.0000	4.0000	0.0000	derpy_mr_books_0
wh3_dlc27_nor_chaos_altar_und_minor_human_port_2	derpy_effect_region_resource_books_production	building_to_building_own	12.0000	6.0000	0.0000	derpy_mr_books_0
wh3_dlc27_nor_chaos_altar_und_minor_human_port_3	derpy_effect_region_resource_books_production	building_to_building_own	16.0000	8.0000	0.0000	derpy_mr_books_0
wh3_dlc29_settlement_woc_nurgle_garden_ruins	derpy_effect_region_resource_books_production	building_to_building_own	8.0000	4.0000	0.0000	derpy_mr_books_0
wh3_dlc29_settlement_woc_nurgle_garden_1	derpy_effect_region_resource_books_production	building_to_building_own	12.0000	6.0000	0.0000	derpy_mr_books_0
wh3_dlc29_settlement_woc_nurgle_garden_2	derpy_effect_region_resource_books_production	building_to_building_own	16.0000	8.0000	0.0000	derpy_mr_books_0
wh3_dlc29_settlement_woc_nurgle_garden_3	derpy_effect_region_resource_books_production	building_to_building_own	20.0000	10.0000	0.0000	derpy_mr_books_0
wh3_dlc29_settlement_woc_nurgle_garden_4	derpy_effect_region_resource_books_production	building_to_building_own	24.0000	12.0000	0.0000	derpy_mr_books_0
wh3_dlc29_settlement_woc_nurgle_garden_5	derpy_effect_region_resource_books_production	building_to_building_own	24.0000	12.0000	0.0000	derpy_mr_books_0
wh3_dlc29_settlement_woc_nurgle_garden_minor_ruins	derpy_effect_region_resource_books_production	building_to_building_own	8.0000	4.0000	0.0000	derpy_mr_books_0
wh3_dlc29_settlement_woc_nurgle_garden_minor_1	derpy_effect_region_resource_books_production	building_to_building_own	12.0000	6.0000	0.0000	derpy_mr_books_0
wh3_dlc29_settlement_woc_nurgle_garden_minor_2	derpy_effect_region_resource_books_production	building_to_building_own	16.0000	8.0000	0.0000	derpy_mr_books_0
wh3_dlc29_settlement_woc_nurgle_garden_minor_3	derpy_effect_region_resource_books_production	building_to_building_own	20.0000	10.0000	0.0000	derpy_mr_books_0
wh3_dlc29_special_settlement_middenheim_1_emp	derpy_effect_region_resource_books_production	building_to_building_own	8.0000	4.0000	0.0000	derpy_mr_books_0
wh3_dlc29_special_settlement_middenheim_2_emp	derpy_effect_region_resource_books_production	building_to_building_own	12.0000	6.0000	0.0000	derpy_mr_books_0
wh3_dlc29_special_settlement_middenheim_3_emp	derpy_effect_region_resource_books_production	building_to_building_own	16.0000	8.0000	0.0000	derpy_mr_books_0
wh3_dlc29_special_settlement_middenheim_4_emp	derpy_effect_region_resource_books_production	building_to_building_own	20.0000	10.0000	0.0000	derpy_mr_books_0
wh3_dlc29_special_settlement_middenheim_5_emp	derpy_effect_region_resource_books_production	building_to_building_own	24.0000	12.0000	0.0000	derpy_mr_books_0
wh3_main_chs_settlement_minor_1	derpy_effect_region_resource_books_production	building_to_building_own	8.0000	4.0000	0.0000	derpy_mr_books_0
wh3_main_chs_settlement_minor_2	derpy_effect_region_resource_books_production	building_to_building_own	12.0000	6.0000	0.0000	derpy_mr_books_0
wh3_main_chs_settlement_minor_3	derpy_effect_region_resource_books_production	building_to_building_own	16.0000	8.0000	0.0000	derpy_mr_books_0
wh3_main_cth_bastion_primary_1	derpy_effect_region_resource_books_production	building_to_building_own	8.0000	4.0000	0.0000	derpy_mr_books_0
wh3_main_cth_bastion_primary_2	derpy_effect_region_resource_books_production	building_to_building_own	12.0000	6.0000	0.0000	derpy_mr_books_0
wh3_main_cth_bastion_primary_3	derpy_effect_region_resource_books_production	building_to_building_own	16.0000	8.0000	0.0000	derpy_mr_books_0
wh3_main_cth_bastion_primary_4	derpy_effect_region_resource_books_production	building_to_building_own	20.0000	10.0000	0.0000	derpy_mr_books_0
wh3_main_cth_bastion_primary_5	derpy_effect_region_resource_books_production	building_to_building_own	24.0000	12.0000	0.0000	derpy_mr_books_0
wh3_main_cth_settlement_major_1	derpy_effect_region_resource_books_production	building_to_building_own	8.0000	4.0000	0.0000	derpy_mr_books_0
wh3_main_cth_settlement_major_2	derpy_effect_region_resource_books_production	building_to_building_own	12.0000	6.0000	0.0000	derpy_mr_books_0
wh3_main_cth_settlement_major_3	derpy_effect_region_resource_books_production	building_to_building_own	16.0000	8.0000	0.0000	derpy_mr_books_0
wh3_main_cth_settlement_major_4	derpy_effect_region_resource_books_production	building_to_building_own	20.0000	10.0000	0.0000	derpy_mr_books_0
wh3_main_cth_settlement_major_5	derpy_effect_region_resource_books_production	building_to_building_own	24.0000	12.0000	0.0000	derpy_mr_books_0
wh3_main_cth_settlement_minor_1	derpy_effect_region_resource_books_production	building_to_building_own	8.0000	4.0000	0.0000	derpy_mr_books_0
wh3_main_cth_settlement_minor_2	derpy_effect_region_resource_books_production	building_to_building_own	12.0000	6.0000	0.0000	derpy_mr_books_0
wh3_main_cth_settlement_minor_3	derpy_effect_region_resource_books_production	building_to_building_own	16.0000	8.0000	0.0000	derpy_mr_books_0
wh3_main_ksl_erengrad_city_1	derpy_effect_region_resource_books_production	building_to_building_own	8.0000	4.0000	0.0000	derpy_mr_books_0
wh3_main_ksl_erengrad_city_2	derpy_effect_region_resource_books_production	building_to_building_own	12.0000	6.0000	0.0000	derpy_mr_books_0
wh3_main_ksl_erengrad_city_3	derpy_effect_region_resource_books_production	building_to_building_own	16.0000	8.0000	0.0000	derpy_mr_books_0
wh3_main_ksl_erengrad_city_4	derpy_effect_region_resource_books_production	building_to_building_own	20.0000	10.0000	0.0000	derpy_mr_books_0
wh3_main_ksl_erengrad_city_5	derpy_effect_region_resource_books_production	building_to_building_own	24.0000	12.0000	0.0000	derpy_mr_books_0
wh3_main_ksl_kislev_city_1	derpy_effect_region_resource_books_production	building_to_building_own	8.0000	4.0000	0.0000	derpy_mr_books_0
wh3_main_ksl_kislev_city_2	derpy_effect_region_resource_books_production	building_to_building_own	12.0000	6.0000	0.0000	derpy_mr_books_0
wh3_main_ksl_kislev_city_3	derpy_effect_region_resource_books_production	building_to_building_own	16.0000	8.0000	0.0000	derpy_mr_books_0
wh3_main_ksl_kislev_city_4	derpy_effect_region_resource_books_production	building_to_building_own	20.0000	10.0000	0.0000	derpy_mr_books_0
wh3_main_ksl_kislev_city_5	derpy_effect_region_resource_books_production	building_to_building_own	24.0000	12.0000	0.0000	derpy_mr_books_0
wh3_main_ksl_praag_city_1	derpy_effect_region_resource_books_production	building_to_building_own	8.0000	4.0000	0.0000	derpy_mr_books_0
wh3_main_ksl_praag_city_2	derpy_effect_region_resource_books_production	building_to_building_own	12.0000	6.0000	0.0000	derpy_mr_books_0
wh3_main_ksl_praag_city_3	derpy_effect_region_resource_books_production	building_to_building_own	16.0000	8.0000	0.0000	derpy_mr_books_0
wh3_main_ksl_praag_city_4	derpy_effect_region_resource_books_production	building_to_building_own	20.0000	10.0000	0.0000	derpy_mr_books_0
wh3_main_ksl_praag_city_5	derpy_effect_region_resource_books_production	building_to_building_own	24.0000	12.0000	0.0000	derpy_mr_books_0
wh3_main_ksl_settlement_major_1	derpy_effect_region_resource_books_production	building_to_building_own	8.0000	4.0000	0.0000	derpy_mr_books_0
wh3_main_ksl_settlement_major_2	derpy_effect_region_resource_books_production	building_to_building_own	12.0000	6.0000	0.0000	derpy_mr_books_0
wh3_main_ksl_settlement_major_3	derpy_effect_region_resource_books_production	building_to_building_own	16.0000	8.0000	0.0000	derpy_mr_books_0
wh3_main_ksl_settlement_major_4	derpy_effect_region_resource_books_production	building_to_building_own	20.0000	10.0000	0.0000	derpy_mr_books_0
wh3_main_ksl_settlement_major_5	derpy_effect_region_resource_books_production	building_to_building_own	24.0000	12.0000	0.0000	derpy_mr_books_0
wh3_main_ksl_settlement_minor_1	derpy_effect_region_resource_books_production	building_to_building_own	8.0000	4.0000	0.0000	derpy_mr_books_0
wh3_main_ksl_settlement_minor_2	derpy_effect_region_resource_books_production	building_to_building_own	12.0000	6.0000	0.0000	derpy_mr_books_0
wh3_main_ksl_settlement_minor_3	derpy_effect_region_resource_books_production	building_to_building_own	16.0000	8.0000	0.0000	derpy_mr_books_0
wh3_main_ogr_settlement_major_1	derpy_effect_region_resource_books_production	building_to_building_own	8.0000	4.0000	0.0000	derpy_mr_books_0
wh3_main_ogr_settlement_major_2	derpy_effect_region_resource_books_production	building_to_building_own	12.0000	6.0000	0.0000	derpy_mr_books_0
wh3_main_ogr_settlement_major_3	derpy_effect_region_resource_books_production	building_to_building_own	16.0000	8.0000	0.0000	derpy_mr_books_0
wh3_main_ogr_settlement_minor_1	derpy_effect_region_resource_books_production	building_to_building_own	8.0000	4.0000	0.0000	derpy_mr_books_0
wh3_main_ogr_settlement_minor_2	derpy_effect_region_resource_books_production	building_to_building_own	12.0000	6.0000	0.0000	derpy_mr_books_0
wh3_main_ogr_settlement_minor_3	derpy_effect_region_resource_books_production	building_to_building_own	16.0000	8.0000	0.0000	derpy_mr_books_0
wh3_main_special_settlement_wei_jin_1_wef	derpy_effect_region_resource_books_production	building_to_building_own	8.0000	4.0000	0.0000	derpy_mr_books_0
wh3_main_special_settlement_zharr_naggrund_1_wef	derpy_effect_region_resource_books_production	building_to_building_own	8.0000	4.0000	0.0000	derpy_mr_books_0
wh3_main_special_settlement_bastion_other_1	derpy_effect_region_resource_books_production	building_to_building_own	8.0000	4.0000	0.0000	derpy_mr_books_0
wh3_main_special_settlement_bastion_other_2	derpy_effect_region_resource_books_production	building_to_building_own	12.0000	6.0000	0.0000	derpy_mr_books_0
wh3_main_special_settlement_bastion_other_3	derpy_effect_region_resource_books_production	building_to_building_own	16.0000	8.0000	0.0000	derpy_mr_books_0
wh3_main_special_settlement_bastion_other_4	derpy_effect_region_resource_books_production	building_to_building_own	20.0000	10.0000	0.0000	derpy_mr_books_0
wh3_main_special_settlement_bastion_other_5	derpy_effect_region_resource_books_production	building_to_building_own	24.0000	12.0000	0.0000	derpy_mr_books_0
wh2_main_special_empire_fort_untainted_1	derpy_effect_region_resource_books_production	building_to_building_own	8.0000	4.0000	0.0000	derpy_mr_books_0
wh2_main_special_empire_fort_untainted_2	derpy_effect_region_resource_books_production	building_to_building_own	12.0000	6.0000	0.0000	derpy_mr_books_0
wh2_main_special_empire_fort_untainted_3	derpy_effect_region_resource_books_production	building_to_building_own	16.0000	8.0000	0.0000	derpy_mr_books_0
wh2_main_special_empire_fort_untainted_4	derpy_effect_region_resource_books_production	building_to_building_own	20.0000	10.0000	0.0000	derpy_mr_books_0
wh2_main_special_empire_fort_untainted_5	derpy_effect_region_resource_books_production	building_to_building_own	24.0000	12.0000	0.0000	derpy_mr_books_0
wh3_main_special_settlement_silver_pinnacle_1	derpy_effect_region_resource_books_production	building_to_building_own	8.0000	4.0000	0.0000	derpy_mr_books_0
wh3_main_special_settlement_silver_pinnacle_2	derpy_effect_region_resource_books_production	building_to_building_own	12.0000	6.0000	0.0000	derpy_mr_books_0
wh3_main_special_settlement_silver_pinnacle_3	derpy_effect_region_resource_books_production	building_to_building_own	16.0000	8.0000	0.0000	derpy_mr_books_0
wh3_main_special_settlement_silver_pinnacle_4	derpy_effect_region_resource_books_production	building_to_building_own	20.0000	10.0000	0.0000	derpy_mr_books_0
wh3_main_special_settlement_silver_pinnacle_5	derpy_effect_region_resource_books_production	building_to_building_own	24.0000	12.0000	0.0000	derpy_mr_books_0
wh_main_special_settlement_wei_jin_1	derpy_effect_region_resource_books_production	building_to_building_own	8.0000	4.0000	0.0000	derpy_mr_books_0
wh_main_special_settlement_wei_jin_2	derpy_effect_region_resource_books_production	building_to_building_own	12.0000	6.0000	0.0000	derpy_mr_books_0
wh_main_special_settlement_wei_jin_3	derpy_effect_region_resource_books_production	building_to_building_own	16.0000	8.0000	0.0000	derpy_mr_books_0
wh_main_special_settlement_wei_jin_4	derpy_effect_region_resource_books_production	building_to_building_own	20.0000	10.0000	0.0000	derpy_mr_books_0
wh_main_special_settlement_wei_jin_5	derpy_effect_region_resource_books_production	building_to_building_own	24.0000	12.0000	0.0000	derpy_mr_books_0
wh_dlc05_wef_outpost_major_human_1	derpy_effect_region_resource_books_production	building_to_building_own	8.0000	4.0000	0.0000	derpy_mr_books_0
wh_dlc05_special_settlement_altdorf_1_wef	derpy_effect_region_resource_books_production	building_to_building_own	8.0000	4.0000	0.0000	derpy_mr_books_0
wh_dlc05_special_settlement_black_crag_1_wef	derpy_effect_region_resource_books_production	building_to_building_own	8.0000	4.0000	0.0000	derpy_mr_books_0
wh_dlc05_special_settlement_castle_drakenhof_1_wef	derpy_effect_region_resource_books_production	building_to_building_own	8.0000	4.0000	0.0000	derpy_mr_books_0
wh_dlc05_special_settlement_couronne_1_wef	derpy_effect_region_resource_books_production	building_to_building_own	8.0000	4.0000	0.0000	derpy_mr_books_0
wh_dlc05_special_settlement_eight_peaks_1_wef	derpy_effect_region_resource_books_production	building_to_building_own	8.0000	4.0000	0.0000	derpy_mr_books_0
wh_dlc05_special_settlement_karaz_a_karak_1_wef	derpy_effect_region_resource_books_production	building_to_building_own	8.0000	4.0000	0.0000	derpy_mr_books_0
wh_dlc05_special_settlement_kislev_1_wef	derpy_effect_region_resource_books_production	building_to_building_own	8.0000	4.0000	0.0000	derpy_mr_books_0
wh_dlc05_special_settlement_miragliano_1_wef	derpy_effect_region_resource_books_production	building_to_building_own	8.0000	4.0000	0.0000	derpy_mr_books_0
wh_dlc05_wef_oak_of_ages_1	derpy_effect_region_resource_books_production	building_to_building_own	8.0000	4.0000	0.0000	derpy_mr_books_0
wh_dlc05_wef_oak_of_ages_2	derpy_effect_region_resource_books_production	building_to_building_own	12.0000	6.0000	0.0000	derpy_mr_books_0
wh_dlc05_wef_oak_of_ages_3	derpy_effect_region_resource_books_production	building_to_building_own	16.0000	8.0000	0.0000	derpy_mr_books_0
wh_dlc05_wef_oak_of_ages_4	derpy_effect_region_resource_books_production	building_to_building_own	20.0000	10.0000	0.0000	derpy_mr_books_0
wh_dlc05_wef_oak_of_ages_5	derpy_effect_region_resource_books_production	building_to_building_own	24.0000	12.0000	0.0000	derpy_mr_books_0
wh_dlc05_wef_settlement_major_main_1	derpy_effect_region_resource_books_production	building_to_building_own	8.0000	4.0000	0.0000	derpy_mr_books_0
wh_dlc05_wef_settlement_major_main_2	derpy_effect_region_resource_books_production	building_to_building_own	12.0000	6.0000	0.0000	derpy_mr_books_0
wh_dlc05_wef_settlement_major_main_3	derpy_effect_region_resource_books_production	building_to_building_own	16.0000	8.0000	0.0000	derpy_mr_books_0
wh_dlc05_wef_settlement_major_main_4	derpy_effect_region_resource_books_production	building_to_building_own	20.0000	10.0000	0.0000	derpy_mr_books_0
wh_dlc05_wef_settlement_major_main_5	derpy_effect_region_resource_books_production	building_to_building_own	24.0000	12.0000	0.0000	derpy_mr_books_0
wh_main_grn_settlement_major_1_skarsnik	derpy_effect_region_resource_books_production	building_to_building_own	8.0000	4.0000	0.0000	derpy_mr_books_0
wh_main_grn_settlement_major_2_skarsnik	derpy_effect_region_resource_books_production	building_to_building_own	12.0000	6.0000	0.0000	derpy_mr_books_0
wh_main_grn_settlement_major_3_skarsnik	derpy_effect_region_resource_books_production	building_to_building_own	16.0000	8.0000	0.0000	derpy_mr_books_0
wh_main_grn_settlement_major_4_skarsnik	derpy_effect_region_resource_books_production	building_to_building_own	20.0000	10.0000	0.0000	derpy_mr_books_0
wh_main_grn_settlement_major_5_skarsnik	derpy_effect_region_resource_books_production	building_to_building_own	24.0000	12.0000	0.0000	derpy_mr_books_0
wh_main_grn_settlement_major_1_wurrzag	derpy_effect_region_resource_books_production	building_to_building_own	8.0000	4.0000	0.0000	derpy_mr_books_0
wh_main_grn_settlement_major_2_wurrzag	derpy_effect_region_resource_books_production	building_to_building_own	12.0000	6.0000	0.0000	derpy_mr_books_0
wh_main_grn_settlement_major_3_wurrzag	derpy_effect_region_resource_books_production	building_to_building_own	16.0000	8.0000	0.0000	derpy_mr_books_0
wh_main_grn_settlement_major_4_wurrzag	derpy_effect_region_resource_books_production	building_to_building_own	20.0000	10.0000	0.0000	derpy_mr_books_0
wh_main_grn_settlement_major_5_wurrzag	derpy_effect_region_resource_books_production	building_to_building_own	24.0000	12.0000	0.0000	derpy_mr_books_0
wh_main_grn_settlement_minor_1_skarsnik	derpy_effect_region_resource_books_production	building_to_building_own	8.0000	4.0000	0.0000	derpy_mr_books_0
wh_main_grn_settlement_minor_2_skarsnik	derpy_effect_region_resource_books_production	building_to_building_own	12.0000	6.0000	0.0000	derpy_mr_books_0
wh_main_grn_settlement_minor_3_skarsnik	derpy_effect_region_resource_books_production	building_to_building_own	16.0000	8.0000	0.0000	derpy_mr_books_0
wh_main_grn_settlement_minor_1_wurrzag	derpy_effect_region_resource_books_production	building_to_building_own	8.0000	4.0000	0.0000	derpy_mr_books_0
wh_main_grn_settlement_minor_2_wurrzag	derpy_effect_region_resource_books_production	building_to_building_own	12.0000	6.0000	0.0000	derpy_mr_books_0
wh_main_grn_settlement_minor_3_wurrzag	derpy_effect_region_resource_books_production	building_to_building_own	16.0000	8.0000	0.0000	derpy_mr_books_0
wh_main_brt_settlement_major_1	derpy_effect_region_resource_books_production	building_to_building_own	8.0000	4.0000	0.0000	derpy_mr_books_0
wh_main_brt_settlement_major_2	derpy_effect_region_resource_books_production	building_to_building_own	12.0000	6.0000	0.0000	derpy_mr_books_0
wh_main_brt_settlement_major_3	derpy_effect_region_resource_books_production	building_to_building_own	16.0000	8.0000	0.0000	derpy_mr_books_0
wh_main_brt_settlement_major_4	derpy_effect_region_resource_books_production	building_to_building_own	20.0000	10.0000	0.0000	derpy_mr_books_0
wh_main_brt_settlement_major_5	derpy_effect_region_resource_books_production	building_to_building_own	24.0000	12.0000	0.0000	derpy_mr_books_0
wh_main_brt_settlement_minor_1	derpy_effect_region_resource_books_production	building_to_building_own	8.0000	4.0000	0.0000	derpy_mr_books_0
wh_main_brt_settlement_minor_2	derpy_effect_region_resource_books_production	building_to_building_own	12.0000	6.0000	0.0000	derpy_mr_books_0
wh_main_brt_settlement_minor_3	derpy_effect_region_resource_books_production	building_to_building_own	16.0000	8.0000	0.0000	derpy_mr_books_0
wh_main_dwf_settlement_major_1	derpy_effect_region_resource_books_production	building_to_building_own	8.0000	4.0000	0.0000	derpy_mr_books_0
wh_main_dwf_settlement_major_2	derpy_effect_region_resource_books_production	building_to_building_own	12.0000	6.0000	0.0000	derpy_mr_books_0
wh_main_dwf_settlement_major_3	derpy_effect_region_resource_books_production	building_to_building_own	16.0000	8.0000	0.0000	derpy_mr_books_0
wh_main_dwf_settlement_major_4	derpy_effect_region_resource_books_production	building_to_building_own	20.0000	10.0000	0.0000	derpy_mr_books_0
wh_main_dwf_settlement_major_5	derpy_effect_region_resource_books_production	building_to_building_own	24.0000	12.0000	0.0000	derpy_mr_books_0
wh_main_dwf_settlement_minor_1	derpy_effect_region_resource_books_production	building_to_building_own	8.0000	4.0000	0.0000	derpy_mr_books_0
wh_main_dwf_settlement_minor_2	derpy_effect_region_resource_books_production	building_to_building_own	12.0000	6.0000	0.0000	derpy_mr_books_0
wh_main_dwf_settlement_minor_3	derpy_effect_region_resource_books_production	building_to_building_own	16.0000	8.0000	0.0000	derpy_mr_books_0
wh_main_emp_settlement_major_1	derpy_effect_region_resource_books_production	building_to_building_own	8.0000	4.0000	0.0000	derpy_mr_books_0
wh_main_emp_settlement_major_2	derpy_effect_region_resource_books_production	building_to_building_own	12.0000	6.0000	0.0000	derpy_mr_books_0
wh_main_emp_settlement_major_3	derpy_effect_region_resource_books_production	building_to_building_own	16.0000	8.0000	0.0000	derpy_mr_books_0
wh_main_emp_settlement_major_4	derpy_effect_region_resource_books_production	building_to_building_own	20.0000	10.0000	0.0000	derpy_mr_books_0
wh_main_emp_settlement_major_5	derpy_effect_region_resource_books_production	building_to_building_own	24.0000	12.0000	0.0000	derpy_mr_books_0
wh_main_emp_settlement_minor_1	derpy_effect_region_resource_books_production	building_to_building_own	8.0000	4.0000	0.0000	derpy_mr_books_0
wh_main_emp_settlement_minor_2	derpy_effect_region_resource_books_production	building_to_building_own	12.0000	6.0000	0.0000	derpy_mr_books_0
wh_main_emp_settlement_minor_3	derpy_effect_region_resource_books_production	building_to_building_own	16.0000	8.0000	0.0000	derpy_mr_books_0
wh_main_grn_settlement_major_1	derpy_effect_region_resource_books_production	building_to_building_own	8.0000	4.0000	0.0000	derpy_mr_books_0
wh_main_grn_settlement_major_2	derpy_effect_region_resource_books_production	building_to_building_own	12.0000	6.0000	0.0000	derpy_mr_books_0
wh_main_grn_settlement_major_3	derpy_effect_region_resource_books_production	building_to_building_own	16.0000	8.0000	0.0000	derpy_mr_books_0
wh_main_grn_settlement_major_4	derpy_effect_region_resource_books_production	building_to_building_own	20.0000	10.0000	0.0000	derpy_mr_books_0
wh_main_grn_settlement_major_5	derpy_effect_region_resource_books_production	building_to_building_own	24.0000	12.0000	0.0000	derpy_mr_books_0
wh_main_grn_settlement_minor_1	derpy_effect_region_resource_books_production	building_to_building_own	8.0000	4.0000	0.0000	derpy_mr_books_0
wh_main_grn_settlement_minor_2	derpy_effect_region_resource_books_production	building_to_building_own	12.0000	6.0000	0.0000	derpy_mr_books_0
wh_main_grn_settlement_minor_3	derpy_effect_region_resource_books_production	building_to_building_own	16.0000	8.0000	0.0000	derpy_mr_books_0
wh_main_nor_settlement_major_1	derpy_effect_region_resource_books_production	building_to_building_own	8.0000	4.0000	0.0000	derpy_mr_books_0
wh_main_nor_settlement_major_2	derpy_effect_region_resource_books_production	building_to_building_own	12.0000	6.0000	0.0000	derpy_mr_books_0
wh_main_nor_settlement_major_3	derpy_effect_region_resource_books_production	building_to_building_own	16.0000	8.0000	0.0000	derpy_mr_books_0
wh_main_nor_settlement_major_4	derpy_effect_region_resource_books_production	building_to_building_own	20.0000	10.0000	0.0000	derpy_mr_books_0
wh_main_nor_settlement_major_5	derpy_effect_region_resource_books_production	building_to_building_own	24.0000	12.0000	0.0000	derpy_mr_books_0
wh_main_nor_settlement_minor_1	derpy_effect_region_resource_books_production	building_to_building_own	8.0000	4.0000	0.0000	derpy_mr_books_0
wh_main_nor_settlement_minor_2	derpy_effect_region_resource_books_production	building_to_building_own	12.0000	6.0000	0.0000	derpy_mr_books_0
wh_main_nor_settlement_minor_3	derpy_effect_region_resource_books_production	building_to_building_own	16.0000	8.0000	0.0000	derpy_mr_books_0
wh_main_savage_settlement_major_1	derpy_effect_region_resource_books_production	building_to_building_own	8.0000	4.0000	0.0000	derpy_mr_books_0
wh_main_savage_settlement_major_2	derpy_effect_region_resource_books_production	building_to_building_own	12.0000	6.0000	0.0000	derpy_mr_books_0
wh_main_savage_settlement_major_3	derpy_effect_region_resource_books_production	building_to_building_own	16.0000	8.0000	0.0000	derpy_mr_books_0
wh_main_savage_settlement_minor_1	derpy_effect_region_resource_books_production	building_to_building_own	8.0000	4.0000	0.0000	derpy_mr_books_0
wh_main_savage_settlement_minor_2	derpy_effect_region_resource_books_production	building_to_building_own	12.0000	6.0000	0.0000	derpy_mr_books_0
wh_main_savage_settlement_minor_3	derpy_effect_region_resource_books_production	building_to_building_own	16.0000	8.0000	0.0000	derpy_mr_books_0
wh_main_vmp_settlement_major_1	derpy_effect_region_resource_books_production	building_to_building_own	8.0000	4.0000	0.0000	derpy_mr_books_0
wh_main_vmp_settlement_major_2	derpy_effect_region_resource_books_production	building_to_building_own	12.0000	6.0000	0.0000	derpy_mr_books_0
wh_main_vmp_settlement_major_3	derpy_effect_region_resource_books_production	building_to_building_own	16.0000	8.0000	0.0000	derpy_mr_books_0
wh_main_vmp_settlement_major_4	derpy_effect_region_resource_books_production	building_to_building_own	20.0000	10.0000	0.0000	derpy_mr_books_0
wh_main_vmp_settlement_major_5	derpy_effect_region_resource_books_production	building_to_building_own	24.0000	12.0000	0.0000	derpy_mr_books_0
wh_main_vmp_settlement_minor_1	derpy_effect_region_resource_books_production	building_to_building_own	8.0000	4.0000	0.0000	derpy_mr_books_0
wh_main_vmp_settlement_minor_2	derpy_effect_region_resource_books_production	building_to_building_own	12.0000	6.0000	0.0000	derpy_mr_books_0
wh_main_vmp_settlement_minor_3	derpy_effect_region_resource_books_production	building_to_building_own	16.0000	8.0000	0.0000	derpy_mr_books_0
wh_main_special_settlement_altdorf_1_emp	derpy_effect_region_resource_books_production	building_to_building_own	8.0000	4.0000	0.0000	derpy_mr_books_0
wh_main_special_settlement_altdorf_2_emp	derpy_effect_region_resource_books_production	building_to_building_own	12.0000	6.0000	0.0000	derpy_mr_books_0
wh_main_special_settlement_altdorf_3_emp	derpy_effect_region_resource_books_production	building_to_building_own	16.0000	8.0000	0.0000	derpy_mr_books_0
wh_main_special_settlement_altdorf_4_emp	derpy_effect_region_resource_books_production	building_to_building_own	20.0000	10.0000	0.0000	derpy_mr_books_0
wh_main_special_settlement_altdorf_5_emp	derpy_effect_region_resource_books_production	building_to_building_own	24.0000	12.0000	0.0000	derpy_mr_books_0
wh_main_special_settlement_altdorf_1_vmp	derpy_effect_region_resource_books_production	building_to_building_own	8.0000	4.0000	0.0000	derpy_mr_books_0
wh_main_special_settlement_altdorf_2_vmp	derpy_effect_region_resource_books_production	building_to_building_own	12.0000	6.0000	0.0000	derpy_mr_books_0
wh_main_special_settlement_altdorf_3_vmp	derpy_effect_region_resource_books_production	building_to_building_own	16.0000	8.0000	0.0000	derpy_mr_books_0
wh_main_special_settlement_altdorf_4_vmp	derpy_effect_region_resource_books_production	building_to_building_own	20.0000	10.0000	0.0000	derpy_mr_books_0
wh_main_special_settlement_altdorf_5_vmp	derpy_effect_region_resource_books_production	building_to_building_own	24.0000	12.0000	0.0000	derpy_mr_books_0
wh_main_special_settlement_black_crag_1_grn	derpy_effect_region_resource_books_production	building_to_building_own	8.0000	4.0000	0.0000	derpy_mr_books_0
wh_main_special_settlement_black_crag_2_grn	derpy_effect_region_resource_books_production	building_to_building_own	12.0000	6.0000	0.0000	derpy_mr_books_0
wh_main_special_settlement_black_crag_3_grn	derpy_effect_region_resource_books_production	building_to_building_own	16.0000	8.0000	0.0000	derpy_mr_books_0
wh_main_special_settlement_black_crag_4_grn	derpy_effect_region_resource_books_production	building_to_building_own	20.0000	10.0000	0.0000	derpy_mr_books_0
wh_main_special_settlement_black_crag_5_grn	derpy_effect_region_resource_books_production	building_to_building_own	24.0000	12.0000	0.0000	derpy_mr_books_0
wh_main_special_settlement_black_crag_1_dwf	derpy_effect_region_resource_books_production	building_to_building_own	8.0000	4.0000	0.0000	derpy_mr_books_0
wh_main_special_settlement_black_crag_2_dwf	derpy_effect_region_resource_books_production	building_to_building_own	12.0000	6.0000	0.0000	derpy_mr_books_0
wh_main_special_settlement_black_crag_3_dwf	derpy_effect_region_resource_books_production	building_to_building_own	16.0000	8.0000	0.0000	derpy_mr_books_0
wh_main_special_settlement_black_crag_4_dwf	derpy_effect_region_resource_books_production	building_to_building_own	20.0000	10.0000	0.0000	derpy_mr_books_0
wh_main_special_settlement_black_crag_5_dwf	derpy_effect_region_resource_books_production	building_to_building_own	24.0000	12.0000	0.0000	derpy_mr_books_0
wh_main_special_settlement_black_crag_1_savage	derpy_effect_region_resource_books_production	building_to_building_own	8.0000	4.0000	0.0000	derpy_mr_books_0
wh_main_special_settlement_black_crag_2_savage	derpy_effect_region_resource_books_production	building_to_building_own	12.0000	6.0000	0.0000	derpy_mr_books_0
wh_main_special_settlement_black_crag_3_savage	derpy_effect_region_resource_books_production	building_to_building_own	16.0000	8.0000	0.0000	derpy_mr_books_0
wh_main_special_settlement_castle_drakenhof_1_vmp	derpy_effect_region_resource_books_production	building_to_building_own	8.0000	4.0000	0.0000	derpy_mr_books_0
wh_main_special_settlement_castle_drakenhof_2_vmp	derpy_effect_region_resource_books_production	building_to_building_own	12.0000	6.0000	0.0000	derpy_mr_books_0
wh_main_special_settlement_castle_drakenhof_3_vmp	derpy_effect_region_resource_books_production	building_to_building_own	16.0000	8.0000	0.0000	derpy_mr_books_0
wh_main_special_settlement_castle_drakenhof_4_vmp	derpy_effect_region_resource_books_production	building_to_building_own	20.0000	10.0000	0.0000	derpy_mr_books_0
wh_main_special_settlement_castle_drakenhof_5_vmp	derpy_effect_region_resource_books_production	building_to_building_own	24.0000	12.0000	0.0000	derpy_mr_books_0
wh_main_special_settlement_castle_drakenhof_1_brt	derpy_effect_region_resource_books_production	building_to_building_own	8.0000	4.0000	0.0000	derpy_mr_books_0
wh_main_special_settlement_castle_drakenhof_2_brt	derpy_effect_region_resource_books_production	building_to_building_own	12.0000	6.0000	0.0000	derpy_mr_books_0
wh_main_special_settlement_castle_drakenhof_3_brt	derpy_effect_region_resource_books_production	building_to_building_own	16.0000	8.0000	0.0000	derpy_mr_books_0
wh_main_special_settlement_castle_drakenhof_4_brt	derpy_effect_region_resource_books_production	building_to_building_own	20.0000	10.0000	0.0000	derpy_mr_books_0
wh_main_special_settlement_castle_drakenhof_5_brt	derpy_effect_region_resource_books_production	building_to_building_own	24.0000	12.0000	0.0000	derpy_mr_books_0
wh_main_special_settlement_castle_drakenhof_1_emp	derpy_effect_region_resource_books_production	building_to_building_own	8.0000	4.0000	0.0000	derpy_mr_books_0
wh_main_special_settlement_castle_drakenhof_2_emp	derpy_effect_region_resource_books_production	building_to_building_own	12.0000	6.0000	0.0000	derpy_mr_books_0
wh_main_special_settlement_castle_drakenhof_3_emp	derpy_effect_region_resource_books_production	building_to_building_own	16.0000	8.0000	0.0000	derpy_mr_books_0
wh_main_special_settlement_castle_drakenhof_4_emp	derpy_effect_region_resource_books_production	building_to_building_own	20.0000	10.0000	0.0000	derpy_mr_books_0
wh_main_special_settlement_castle_drakenhof_5_emp	derpy_effect_region_resource_books_production	building_to_building_own	24.0000	12.0000	0.0000	derpy_mr_books_0
wh_main_special_settlement_couronne_1_brt	derpy_effect_region_resource_books_production	building_to_building_own	8.0000	4.0000	0.0000	derpy_mr_books_0
wh_main_special_settlement_couronne_2_brt	derpy_effect_region_resource_books_production	building_to_building_own	12.0000	6.0000	0.0000	derpy_mr_books_0
wh_main_special_settlement_couronne_3_brt	derpy_effect_region_resource_books_production	building_to_building_own	16.0000	8.0000	0.0000	derpy_mr_books_0
wh_main_special_settlement_couronne_4_brt	derpy_effect_region_resource_books_production	building_to_building_own	20.0000	10.0000	0.0000	derpy_mr_books_0
wh_main_special_settlement_couronne_5_brt	derpy_effect_region_resource_books_production	building_to_building_own	24.0000	12.0000	0.0000	derpy_mr_books_0
wh_main_special_settlement_couronne_1_emp	derpy_effect_region_resource_books_production	building_to_building_own	8.0000	4.0000	0.0000	derpy_mr_books_0
wh_main_special_settlement_couronne_2_emp	derpy_effect_region_resource_books_production	building_to_building_own	12.0000	6.0000	0.0000	derpy_mr_books_0
wh_main_special_settlement_couronne_3_emp	derpy_effect_region_resource_books_production	building_to_building_own	16.0000	8.0000	0.0000	derpy_mr_books_0
wh_main_special_settlement_couronne_4_emp	derpy_effect_region_resource_books_production	building_to_building_own	20.0000	10.0000	0.0000	derpy_mr_books_0
wh_main_special_settlement_couronne_5_emp	derpy_effect_region_resource_books_production	building_to_building_own	24.0000	12.0000	0.0000	derpy_mr_books_0
wh_main_special_settlement_couronne_1_vmp	derpy_effect_region_resource_books_production	building_to_building_own	8.0000	4.0000	0.0000	derpy_mr_books_0
wh_main_special_settlement_couronne_2_vmp	derpy_effect_region_resource_books_production	building_to_building_own	12.0000	6.0000	0.0000	derpy_mr_books_0
wh_main_special_settlement_couronne_3_vmp	derpy_effect_region_resource_books_production	building_to_building_own	16.0000	8.0000	0.0000	derpy_mr_books_0
wh_main_special_settlement_couronne_4_vmp	derpy_effect_region_resource_books_production	building_to_building_own	20.0000	10.0000	0.0000	derpy_mr_books_0
wh_main_special_settlement_couronne_5_vmp	derpy_effect_region_resource_books_production	building_to_building_own	24.0000	12.0000	0.0000	derpy_mr_books_0
wh_main_special_settlement_eight_peaks_1_grn	derpy_effect_region_resource_books_production	building_to_building_own	8.0000	4.0000	0.0000	derpy_mr_books_0
wh_main_special_settlement_eight_peaks_2_grn	derpy_effect_region_resource_books_production	building_to_building_own	12.0000	6.0000	0.0000	derpy_mr_books_0
wh_main_special_settlement_eight_peaks_3_grn	derpy_effect_region_resource_books_production	building_to_building_own	16.0000	8.0000	0.0000	derpy_mr_books_0
wh_main_special_settlement_eight_peaks_4_grn	derpy_effect_region_resource_books_production	building_to_building_own	20.0000	10.0000	0.0000	derpy_mr_books_0
wh_main_special_settlement_eight_peaks_5_grn	derpy_effect_region_resource_books_production	building_to_building_own	24.0000	12.0000	0.0000	derpy_mr_books_0
wh_main_special_settlement_eight_peaks_1_dwf	derpy_effect_region_resource_books_production	building_to_building_own	8.0000	4.0000	0.0000	derpy_mr_books_0
wh_main_special_settlement_eight_peaks_2_dwf	derpy_effect_region_resource_books_production	building_to_building_own	12.0000	6.0000	0.0000	derpy_mr_books_0
wh_main_special_settlement_eight_peaks_3_dwf	derpy_effect_region_resource_books_production	building_to_building_own	16.0000	8.0000	0.0000	derpy_mr_books_0
wh_main_special_settlement_eight_peaks_4_dwf	derpy_effect_region_resource_books_production	building_to_building_own	20.0000	10.0000	0.0000	derpy_mr_books_0
wh_main_special_settlement_eight_peaks_5_dwf	derpy_effect_region_resource_books_production	building_to_building_own	24.0000	12.0000	0.0000	derpy_mr_books_0
wh_main_special_settlement_eight_peaks_1_savage	derpy_effect_region_resource_books_production	building_to_building_own	8.0000	4.0000	0.0000	derpy_mr_books_0
wh_main_special_settlement_eight_peaks_2_savage	derpy_effect_region_resource_books_production	building_to_building_own	12.0000	6.0000	0.0000	derpy_mr_books_0
wh_main_special_settlement_eight_peaks_3_savage	derpy_effect_region_resource_books_production	building_to_building_own	16.0000	8.0000	0.0000	derpy_mr_books_0
wh_main_special_settlement_karaz_a_karak_1_dwf	derpy_effect_region_resource_books_production	building_to_building_own	8.0000	4.0000	0.0000	derpy_mr_books_0
wh_main_special_settlement_karaz_a_karak_2_dwf	derpy_effect_region_resource_books_production	building_to_building_own	12.0000	6.0000	0.0000	derpy_mr_books_0
wh_main_special_settlement_karaz_a_karak_3_dwf	derpy_effect_region_resource_books_production	building_to_building_own	16.0000	8.0000	0.0000	derpy_mr_books_0
wh_main_special_settlement_karaz_a_karak_4_dwf	derpy_effect_region_resource_books_production	building_to_building_own	20.0000	10.0000	0.0000	derpy_mr_books_0
wh_main_special_settlement_karaz_a_karak_5_dwf	derpy_effect_region_resource_books_production	building_to_building_own	24.0000	12.0000	0.0000	derpy_mr_books_0
wh_main_special_settlement_karaz_a_karak_1_grn	derpy_effect_region_resource_books_production	building_to_building_own	8.0000	4.0000	0.0000	derpy_mr_books_0
wh_main_special_settlement_karaz_a_karak_2_grn	derpy_effect_region_resource_books_production	building_to_building_own	12.0000	6.0000	0.0000	derpy_mr_books_0
wh_main_special_settlement_karaz_a_karak_3_grn	derpy_effect_region_resource_books_production	building_to_building_own	16.0000	8.0000	0.0000	derpy_mr_books_0
wh_main_special_settlement_karaz_a_karak_4_grn	derpy_effect_region_resource_books_production	building_to_building_own	20.0000	10.0000	0.0000	derpy_mr_books_0
wh_main_special_settlement_karaz_a_karak_5_grn	derpy_effect_region_resource_books_production	building_to_building_own	24.0000	12.0000	0.0000	derpy_mr_books_0
wh_main_special_settlement_karaz_a_karak_1_savage	derpy_effect_region_resource_books_production	building_to_building_own	8.0000	4.0000	0.0000	derpy_mr_books_0
wh_main_special_settlement_karaz_a_karak_2_savage	derpy_effect_region_resource_books_production	building_to_building_own	12.0000	6.0000	0.0000	derpy_mr_books_0
wh_main_special_settlement_karaz_a_karak_3_savage	derpy_effect_region_resource_books_production	building_to_building_own	16.0000	8.0000	0.0000	derpy_mr_books_0
wh_main_special_settlement_miragliano_1_teb	derpy_effect_region_resource_books_production	building_to_building_own	8.0000	4.0000	0.0000	derpy_mr_books_0
wh_main_special_settlement_miragliano_2_teb	derpy_effect_region_resource_books_production	building_to_building_own	12.0000	6.0000	0.0000	derpy_mr_books_0
wh_main_special_settlement_miragliano_3_teb	derpy_effect_region_resource_books_production	building_to_building_own	16.0000	8.0000	0.0000	derpy_mr_books_0
wh_main_special_settlement_miragliano_4_teb	derpy_effect_region_resource_books_production	building_to_building_own	20.0000	10.0000	0.0000	derpy_mr_books_0
wh_main_special_settlement_miragliano_5_teb	derpy_effect_region_resource_books_production	building_to_building_own	24.0000	12.0000	0.0000	derpy_mr_books_0
wh_main_special_settlement_miragliano_1_brt	derpy_effect_region_resource_books_production	building_to_building_own	8.0000	4.0000	0.0000	derpy_mr_books_0
wh_main_special_settlement_miragliano_2_brt	derpy_effect_region_resource_books_production	building_to_building_own	12.0000	6.0000	0.0000	derpy_mr_books_0
wh_main_special_settlement_miragliano_3_brt	derpy_effect_region_resource_books_production	building_to_building_own	16.0000	8.0000	0.0000	derpy_mr_books_0
wh_main_special_settlement_miragliano_4_brt	derpy_effect_region_resource_books_production	building_to_building_own	20.0000	10.0000	0.0000	derpy_mr_books_0
wh_main_special_settlement_miragliano_5_brt	derpy_effect_region_resource_books_production	building_to_building_own	24.0000	12.0000	0.0000	derpy_mr_books_0
wh_main_special_settlement_miragliano_1_emp	derpy_effect_region_resource_books_production	building_to_building_own	8.0000	4.0000	0.0000	derpy_mr_books_0
wh_main_special_settlement_miragliano_2_emp	derpy_effect_region_resource_books_production	building_to_building_own	12.0000	6.0000	0.0000	derpy_mr_books_0
wh_main_special_settlement_miragliano_3_emp	derpy_effect_region_resource_books_production	building_to_building_own	16.0000	8.0000	0.0000	derpy_mr_books_0
wh_main_special_settlement_miragliano_4_emp	derpy_effect_region_resource_books_production	building_to_building_own	20.0000	10.0000	0.0000	derpy_mr_books_0
wh_main_special_settlement_miragliano_5_emp	derpy_effect_region_resource_books_production	building_to_building_own	24.0000	12.0000	0.0000	derpy_mr_books_0
wh2_main_def_farm_1	derpy_effect_region_resource_olive_oil_production	building_to_building_own	6.0000	3.0000	0.0000	derpy_mr_olive_oil_0
wh2_main_def_farm_2	derpy_effect_region_resource_olive_oil_production	building_to_building_own	8.0000	4.0000	0.0000	derpy_mr_olive_oil_0
wh2_main_def_farm_3	derpy_effect_region_resource_olive_oil_production	building_to_building_own	12.0000	6.0000	0.0000	derpy_mr_olive_oil_0
wh2_main_hef_farm_1	derpy_effect_region_resource_olive_oil_production	building_to_building_own	6.0000	3.0000	0.0000	derpy_mr_olive_oil_0
wh2_main_hef_farm_2	derpy_effect_region_resource_olive_oil_production	building_to_building_own	8.0000	4.0000	0.0000	derpy_mr_olive_oil_0
wh2_main_hef_farm_3	derpy_effect_region_resource_olive_oil_production	building_to_building_own	12.0000	6.0000	0.0000	derpy_mr_olive_oil_0
wh3_main_ksl_growth_xp_1	derpy_effect_region_resource_olive_oil_production	building_to_building_own	6.0000	3.0000	0.0000	derpy_mr_olive_oil_0
wh3_main_ksl_growth_xp_2	derpy_effect_region_resource_olive_oil_production	building_to_building_own	8.0000	4.0000	0.0000	derpy_mr_olive_oil_0
wh3_main_ksl_growth_xp_3	derpy_effect_region_resource_olive_oil_production	building_to_building_own	12.0000	6.0000	0.0000	derpy_mr_olive_oil_0
wh_main_brt_farm_1	derpy_effect_region_resource_olive_oil_production	building_to_building_own	6.0000	3.0000	0.0000	derpy_mr_olive_oil_0
wh_main_brt_farm_2	derpy_effect_region_resource_olive_oil_production	building_to_building_own	8.0000	4.0000	0.0000	derpy_mr_olive_oil_0
wh_main_brt_farm_3	derpy_effect_region_resource_olive_oil_production	building_to_building_own	12.0000	6.0000	0.0000	derpy_mr_olive_oil_0
wh_main_brt_farm_extra_1	derpy_effect_region_resource_olive_oil_production	building_to_building_own	6.0000	3.0000	0.0000	derpy_mr_olive_oil_0
wh_main_brt_farm_extra_2	derpy_effect_region_resource_olive_oil_production	building_to_building_own	8.0000	4.0000	0.0000	derpy_mr_olive_oil_0
wh_main_dwf_farm_1	derpy_effect_region_resource_olive_oil_production	building_to_building_own	6.0000	3.0000	0.0000	derpy_mr_olive_oil_0
wh_main_dwf_farm_2	derpy_effect_region_resource_olive_oil_production	building_to_building_own	8.0000	4.0000	0.0000	derpy_mr_olive_oil_0
wh_main_dwf_farm_3	derpy_effect_region_resource_olive_oil_production	building_to_building_own	12.0000	6.0000	0.0000	derpy_mr_olive_oil_0
wh_main_emp_farm_basic_1	derpy_effect_region_resource_olive_oil_production	building_to_building_own	6.0000	3.0000	0.0000	derpy_mr_olive_oil_0
wh_main_emp_farm_basic_2	derpy_effect_region_resource_olive_oil_production	building_to_building_own	8.0000	4.0000	0.0000	derpy_mr_olive_oil_0
wh_main_emp_farm_basic_3	derpy_effect_region_resource_olive_oil_production	building_to_building_own	12.0000	6.0000	0.0000	derpy_mr_olive_oil_0
wh2_main_def_industry_1	derpy_effect_region_resource_silk_production	building_to_building_own	6.0000	3.0000	0.0000	derpy_mr_silk_0
wh2_main_def_industry_2	derpy_effect_region_resource_silk_production	building_to_building_own	8.0000	4.0000	0.0000	derpy_mr_silk_0
wh2_main_def_industry_3	derpy_effect_region_resource_silk_production	building_to_building_own	12.0000	6.0000	0.0000	derpy_mr_silk_0
wh2_main_hef_industry_1	derpy_effect_region_resource_silk_production	building_to_building_own	6.0000	3.0000	0.0000	derpy_mr_silk_0
wh2_main_hef_industry_2	derpy_effect_region_resource_silk_production	building_to_building_own	8.0000	4.0000	0.0000	derpy_mr_silk_0
wh2_main_hef_industry_3	derpy_effect_region_resource_silk_production	building_to_building_own	12.0000	6.0000	0.0000	derpy_mr_silk_0
wh2_main_lzd_industry_1	derpy_effect_region_resource_silk_production	building_to_building_own	6.0000	3.0000	0.0000	derpy_mr_silk_0
wh2_main_lzd_industry_2	derpy_effect_region_resource_silk_production	building_to_building_own	8.0000	4.0000	0.0000	derpy_mr_silk_0
wh2_main_lzd_industry_3	derpy_effect_region_resource_silk_production	building_to_building_own	12.0000	6.0000	0.0000	derpy_mr_silk_0
wh3_main_cth_income_yang_1	derpy_effect_region_resource_silk_production	building_to_building_own	6.0000	3.0000	0.0000	derpy_mr_silk_0
wh3_main_cth_income_yang_2	derpy_effect_region_resource_silk_production	building_to_building_own	8.0000	4.0000	0.0000	derpy_mr_silk_0
wh3_main_cth_income_yang_3	derpy_effect_region_resource_silk_production	building_to_building_own	12.0000	6.0000	0.0000	derpy_mr_silk_0
wh3_main_cth_income_yin_1	derpy_effect_region_resource_silk_production	building_to_building_own	6.0000	3.0000	0.0000	derpy_mr_silk_0
wh3_main_cth_income_yin_2	derpy_effect_region_resource_silk_production	building_to_building_own	8.0000	4.0000	0.0000	derpy_mr_silk_0
wh3_main_cth_income_yin_3	derpy_effect_region_resource_silk_production	building_to_building_own	12.0000	6.0000	0.0000	derpy_mr_silk_0
wh3_main_ksl_trade_order_1	derpy_effect_region_resource_silk_production	building_to_building_own	6.0000	3.0000	0.0000	derpy_mr_silk_0
wh3_main_ksl_trade_order_2	derpy_effect_region_resource_silk_production	building_to_building_own	8.0000	4.0000	0.0000	derpy_mr_silk_0
wh3_main_ksl_trade_order_3	derpy_effect_region_resource_silk_production	building_to_building_own	12.0000	6.0000	0.0000	derpy_mr_silk_0
wh3_main_ksl_trade_order_4	derpy_effect_region_resource_silk_production	building_to_building_own	12.0000	6.0000	0.0000	derpy_mr_silk_0
wh3_main_ksl_trade_order_5	derpy_effect_region_resource_silk_production	building_to_building_own	12.0000	6.0000	0.0000	derpy_mr_silk_0
wh_main_brt_industry_basic_1	derpy_effect_region_resource_silk_production	building_to_building_own	6.0000	3.0000	0.0000	derpy_mr_silk_0
wh_main_brt_industry_basic_2	derpy_effect_region_resource_silk_production	building_to_building_own	8.0000	4.0000	0.0000	derpy_mr_silk_0
wh_main_brt_industry_basic_3	derpy_effect_region_resource_silk_production	building_to_building_own	12.0000	6.0000	0.0000	derpy_mr_silk_0
wh_main_emp_industry_basic_1	derpy_effect_region_resource_silk_production	building_to_building_own	6.0000	3.0000	0.0000	derpy_mr_silk_0
wh_main_emp_industry_basic_2	derpy_effect_region_resource_silk_production	building_to_building_own	8.0000	4.0000	0.0000	derpy_mr_silk_0
wh_main_emp_industry_basic_3	derpy_effect_region_resource_silk_production	building_to_building_own	12.0000	6.0000	0.0000	derpy_mr_silk_0
wh3_main_cth_growth_yin_1	derpy_effect_region_resource_tea_production	building_to_building_own	6.0000	3.0000	0.0000	derpy_mr_tea_0
wh3_main_cth_growth_yin_2	derpy_effect_region_resource_tea_production	building_to_building_own	8.0000	4.0000	0.0000	derpy_mr_tea_0
wh3_main_cth_growth_yin_3	derpy_effect_region_resource_tea_production	building_to_building_own	12.0000	6.0000	0.0000	derpy_mr_tea_0
wh2_main_def_farm_1	derpy_effect_region_resource_tea_production	building_to_building_own	6.0000	3.0000	0.0000	derpy_mr_tea_1
wh2_main_def_farm_2	derpy_effect_region_resource_tea_production	building_to_building_own	8.0000	4.0000	0.0000	derpy_mr_tea_1
wh2_main_def_farm_3	derpy_effect_region_resource_tea_production	building_to_building_own	12.0000	6.0000	0.0000	derpy_mr_tea_1
wh2_main_hef_farm_1	derpy_effect_region_resource_tea_production	building_to_building_own	6.0000	3.0000	0.0000	derpy_mr_tea_1
wh2_main_hef_farm_2	derpy_effect_region_resource_tea_production	building_to_building_own	8.0000	4.0000	0.0000	derpy_mr_tea_1
wh2_main_hef_farm_3	derpy_effect_region_resource_tea_production	building_to_building_own	12.0000	6.0000	0.0000	derpy_mr_tea_1
wh3_main_ksl_growth_xp_1	derpy_effect_region_resource_tea_production	building_to_building_own	6.0000	3.0000	0.0000	derpy_mr_tea_1
wh3_main_ksl_growth_xp_2	derpy_effect_region_resource_tea_production	building_to_building_own	8.0000	4.0000	0.0000	derpy_mr_tea_1
wh3_main_ksl_growth_xp_3	derpy_effect_region_resource_tea_production	building_to_building_own	12.0000	6.0000	0.0000	derpy_mr_tea_1
wh_main_brt_farm_1	derpy_effect_region_resource_tea_production	building_to_building_own	6.0000	3.0000	0.0000	derpy_mr_tea_1
wh_main_brt_farm_2	derpy_effect_region_resource_tea_production	building_to_building_own	8.0000	4.0000	0.0000	derpy_mr_tea_1
wh_main_brt_farm_3	derpy_effect_region_resource_tea_production	building_to_building_own	12.0000	6.0000	0.0000	derpy_mr_tea_1
wh_main_brt_farm_extra_1	derpy_effect_region_resource_tea_production	building_to_building_own	6.0000	3.0000	0.0000	derpy_mr_tea_1
wh_main_brt_farm_extra_2	derpy_effect_region_resource_tea_production	building_to_building_own	8.0000	4.0000	0.0000	derpy_mr_tea_1
wh_main_dwf_farm_1	derpy_effect_region_resource_tea_production	building_to_building_own	6.0000	3.0000	0.0000	derpy_mr_tea_1
wh_main_dwf_farm_2	derpy_effect_region_resource_tea_production	building_to_building_own	8.0000	4.0000	0.0000	derpy_mr_tea_1
wh_main_dwf_farm_3	derpy_effect_region_resource_tea_production	building_to_building_own	12.0000	6.0000	0.0000	derpy_mr_tea_1
wh_main_emp_farm_basic_1	derpy_effect_region_resource_tea_production	building_to_building_own	6.0000	3.0000	0.0000	derpy_mr_tea_1
wh_main_emp_farm_basic_2	derpy_effect_region_resource_tea_production	building_to_building_own	8.0000	4.0000	0.0000	derpy_mr_tea_1
wh_main_emp_farm_basic_3	derpy_effect_region_resource_tea_production	building_to_building_own	12.0000	6.0000	0.0000	derpy_mr_tea_1
wh2_main_def_industry_1	derpy_effect_region_resource_jade_production	building_to_building_own	6.0000	3.0000	0.0000	derpy_mr_jade_0
wh2_main_def_industry_2	derpy_effect_region_resource_jade_production	building_to_building_own	8.0000	4.0000	0.0000	derpy_mr_jade_0
wh2_main_def_industry_3	derpy_effect_region_resource_jade_production	building_to_building_own	12.0000	6.0000	0.0000	derpy_mr_jade_0
wh2_main_hef_industry_1	derpy_effect_region_resource_jade_production	building_to_building_own	6.0000	3.0000	0.0000	derpy_mr_jade_0
wh2_main_hef_industry_2	derpy_effect_region_resource_jade_production	building_to_building_own	8.0000	4.0000	0.0000	derpy_mr_jade_0
wh2_main_hef_industry_3	derpy_effect_region_resource_jade_production	building_to_building_own	12.0000	6.0000	0.0000	derpy_mr_jade_0
wh2_main_lzd_industry_1	derpy_effect_region_resource_jade_production	building_to_building_own	6.0000	3.0000	0.0000	derpy_mr_jade_0
wh2_main_lzd_industry_2	derpy_effect_region_resource_jade_production	building_to_building_own	8.0000	4.0000	0.0000	derpy_mr_jade_0
wh2_main_lzd_industry_3	derpy_effect_region_resource_jade_production	building_to_building_own	12.0000	6.0000	0.0000	derpy_mr_jade_0
wh3_main_cth_income_yang_1	derpy_effect_region_resource_jade_production	building_to_building_own	6.0000	3.0000	0.0000	derpy_mr_jade_0
wh3_main_cth_income_yang_2	derpy_effect_region_resource_jade_production	building_to_building_own	8.0000	4.0000	0.0000	derpy_mr_jade_0
wh3_main_cth_income_yang_3	derpy_effect_region_resource_jade_production	building_to_building_own	12.0000	6.0000	0.0000	derpy_mr_jade_0
wh3_main_cth_income_yin_1	derpy_effect_region_resource_jade_production	building_to_building_own	6.0000	3.0000	0.0000	derpy_mr_jade_0
wh3_main_cth_income_yin_2	derpy_effect_region_resource_jade_production	building_to_building_own	8.0000	4.0000	0.0000	derpy_mr_jade_0
wh3_main_cth_income_yin_3	derpy_effect_region_resource_jade_production	building_to_building_own	12.0000	6.0000	0.0000	derpy_mr_jade_0
wh3_main_ksl_trade_order_1	derpy_effect_region_resource_jade_production	building_to_building_own	6.0000	3.0000	0.0000	derpy_mr_jade_0
wh3_main_ksl_trade_order_2	derpy_effect_region_resource_jade_production	building_to_building_own	8.0000	4.0000	0.0000	derpy_mr_jade_0
wh3_main_ksl_trade_order_3	derpy_effect_region_resource_jade_production	building_to_building_own	12.0000	6.0000	0.0000	derpy_mr_jade_0
wh3_main_ksl_trade_order_4	derpy_effect_region_resource_jade_production	building_to_building_own	12.0000	6.0000	0.0000	derpy_mr_jade_0
wh3_main_ksl_trade_order_5	derpy_effect_region_resource_jade_production	building_to_building_own	12.0000	6.0000	0.0000	derpy_mr_jade_0
wh_main_brt_industry_basic_1	derpy_effect_region_resource_jade_production	building_to_building_own	6.0000	3.0000	0.0000	derpy_mr_jade_0
wh_main_brt_industry_basic_2	derpy_effect_region_resource_jade_production	building_to_building_own	8.0000	4.0000	0.0000	derpy_mr_jade_0
wh_main_brt_industry_basic_3	derpy_effect_region_resource_jade_production	building_to_building_own	12.0000	6.0000	0.0000	derpy_mr_jade_0
wh_main_emp_industry_basic_1	derpy_effect_region_resource_jade_production	building_to_building_own	6.0000	3.0000	0.0000	derpy_mr_jade_0
wh_main_emp_industry_basic_2	derpy_effect_region_resource_jade_production	building_to_building_own	8.0000	4.0000	0.0000	derpy_mr_jade_0
wh_main_emp_industry_basic_3	derpy_effect_region_resource_jade_production	building_to_building_own	12.0000	6.0000	0.0000	derpy_mr_jade_0
wh2_dlc11_cst_resource_iron_1	derpy_effect_region_resource_coal_production	building_to_building_own	6.0000	3.0000	0.0000	
wh2_main_brt_resource_iron_1	derpy_effect_region_resource_coal_production	building_to_building_own	6.0000	3.0000	0.0000	
wh2_main_brt_resource_iron_2	derpy_effect_region_resource_coal_production	building_to_building_own	8.0000	4.0000	0.0000	
wh2_main_brt_resource_iron_3	derpy_effect_region_resource_coal_production	building_to_building_own	12.0000	6.0000	0.0000	
wh2_main_def_resource_iron_1	derpy_effect_region_resource_coal_production	building_to_building_own	6.0000	3.0000	0.0000	
wh2_main_def_resource_iron_2	derpy_effect_region_resource_coal_production	building_to_building_own	8.0000	4.0000	0.0000	
wh2_main_def_resource_iron_3	derpy_effect_region_resource_coal_production	building_to_building_own	12.0000	6.0000	0.0000	
wh2_main_hef_resource_iron_1	derpy_effect_region_resource_coal_production	building_to_building_own	6.0000	3.0000	0.0000	
wh2_main_hef_resource_iron_2	derpy_effect_region_resource_coal_production	building_to_building_own	8.0000	4.0000	0.0000	
wh2_main_hef_resource_iron_3	derpy_effect_region_resource_coal_production	building_to_building_own	12.0000	6.0000	0.0000	
wh2_main_lzd_resource_iron_1	derpy_effect_region_resource_coal_production	building_to_building_own	6.0000	3.0000	0.0000	
wh2_main_lzd_resource_iron_2	derpy_effect_region_resource_coal_production	building_to_building_own	8.0000	4.0000	0.0000	
wh2_main_lzd_resource_iron_3	derpy_effect_region_resource_coal_production	building_to_building_own	12.0000	6.0000	0.0000	
wh2_main_skv_resource_iron_1	derpy_effect_region_resource_coal_production	building_to_building_own	6.0000	3.0000	0.0000	
wh2_main_skv_resource_iron_2	derpy_effect_region_resource_coal_production	building_to_building_own	8.0000	4.0000	0.0000	
wh2_main_skv_resource_iron_3	derpy_effect_region_resource_coal_production	building_to_building_own	12.0000	6.0000	0.0000	
wh3_dlc20_woc_resource_iron_1	derpy_effect_region_resource_coal_production	building_to_building_own	6.0000	3.0000	0.0000	
wh3_dlc23_chd_resource_iron_1	derpy_effect_region_resource_coal_production	building_to_building_own	6.0000	3.0000	0.0000	
wh3_main_cth_resource_iron_1	derpy_effect_region_resource_coal_production	building_to_building_own	6.0000	3.0000	0.0000	
wh3_main_cth_resource_iron_2	derpy_effect_region_resource_coal_production	building_to_building_own	8.0000	4.0000	0.0000	
wh3_main_cth_resource_iron_3	derpy_effect_region_resource_coal_production	building_to_building_own	12.0000	6.0000	0.0000	
wh3_main_ksl_resource_iron_1	derpy_effect_region_resource_coal_production	building_to_building_own	6.0000	3.0000	0.0000	
wh3_main_ksl_resource_iron_2	derpy_effect_region_resource_coal_production	building_to_building_own	8.0000	4.0000	0.0000	
wh3_main_ksl_resource_iron_3	derpy_effect_region_resource_coal_production	building_to_building_own	12.0000	6.0000	0.0000	
wh3_main_ogr_resource_iron_1	derpy_effect_region_resource_coal_production	building_to_building_own	6.0000	3.0000	0.0000	
wh3_main_ogr_resource_iron_2	derpy_effect_region_resource_coal_production	building_to_building_own	8.0000	4.0000	0.0000	
wh3_main_ogr_resource_iron_3	derpy_effect_region_resource_coal_production	building_to_building_own	12.0000	6.0000	0.0000	
wh_dlc05_wef_resource_iron_1	derpy_effect_region_resource_coal_production	building_to_building_own	6.0000	3.0000	0.0000	
wh_main_dwf_resource_iron_1	derpy_effect_region_resource_coal_production	building_to_building_own	6.0000	3.0000	0.0000	
wh_main_dwf_resource_iron_2	derpy_effect_region_resource_coal_production	building_to_building_own	8.0000	4.0000	0.0000	
wh_main_dwf_resource_iron_3	derpy_effect_region_resource_coal_production	building_to_building_own	12.0000	6.0000	0.0000	
wh_main_dwf_resource_iron_4	derpy_effect_region_resource_coal_production	building_to_building_own	12.0000	6.0000	0.0000	
wh_main_emp_resource_iron_1	derpy_effect_region_resource_coal_production	building_to_building_own	6.0000	3.0000	0.0000	
wh_main_emp_resource_iron_2	derpy_effect_region_resource_coal_production	building_to_building_own	8.0000	4.0000	0.0000	
wh_main_emp_resource_iron_3	derpy_effect_region_resource_coal_production	building_to_building_own	12.0000	6.0000	0.0000	
wh_dlc08_nor_resource_iron_1	derpy_effect_region_resource_coal_production	building_to_building_own	6.0000	3.0000	0.0000	
wh_main_vmp_resource_iron_1	derpy_effect_region_resource_coal_production	building_to_building_own	6.0000	3.0000	0.0000	
wh_main_vmp_resource_iron_2	derpy_effect_region_resource_coal_production	building_to_building_own	8.0000	4.0000	0.0000	
wh_main_vmp_resource_iron_3	derpy_effect_region_resource_coal_production	building_to_building_own	12.0000	6.0000	0.0000	
wh3_dlc23_chd_factory_drills_1	derpy_effect_region_resource_coal_production	building_to_building_own	6.0000	3.0000	0.0000	derpy_mr_coal_1
wh3_dlc23_chd_factory_drills_2	derpy_effect_region_resource_coal_production	building_to_building_own	8.0000	4.0000	0.0000	derpy_mr_coal_1
wh3_dlc23_chd_outpost_mine_1	derpy_effect_region_resource_coal_production	building_to_building_own	6.0000	3.0000	0.0000	derpy_mr_coal_1
wh3_dlc23_chd_outpost_mine_2	derpy_effect_region_resource_coal_production	building_to_building_own	8.0000	4.0000	0.0000	derpy_mr_coal_1
wh3_dlc23_chd_outpost_mine_3	derpy_effect_region_resource_coal_production	building_to_building_own	12.0000	6.0000	0.0000	derpy_mr_coal_1
wh2_dlc11_cst_resource_gems_1	derpy_effect_region_resource_silver_production	building_to_building_own	6.0000	3.0000	0.0000	derpy_mr_silver_0
wh2_dlc11_cst_resource_gold_1	derpy_effect_region_resource_silver_production	building_to_building_own	6.0000	3.0000	0.0000	derpy_mr_silver_0
wh2_dlc11_cst_resource_iron_1	derpy_effect_region_resource_silver_production	building_to_building_own	6.0000	3.0000	0.0000	derpy_mr_silver_0
wh2_main_emp_resource_gemstones_1	derpy_effect_region_resource_silver_production	building_to_building_own	6.0000	3.0000	0.0000	derpy_mr_silver_0
wh2_main_emp_resource_gemstones_2	derpy_effect_region_resource_silver_production	building_to_building_own	8.0000	4.0000	0.0000	derpy_mr_silver_0
wh2_main_emp_resource_gemstones_3	derpy_effect_region_resource_silver_production	building_to_building_own	12.0000	6.0000	0.0000	derpy_mr_silver_0
wh2_main_vmp_resource_gemstones_1	derpy_effect_region_resource_silver_production	building_to_building_own	6.0000	3.0000	0.0000	derpy_mr_silver_0
wh2_main_vmp_resource_gemstones_2	derpy_effect_region_resource_silver_production	building_to_building_own	8.0000	4.0000	0.0000	derpy_mr_silver_0
wh2_main_vmp_resource_gemstones_3	derpy_effect_region_resource_silver_production	building_to_building_own	12.0000	6.0000	0.0000	derpy_mr_silver_0
wh2_main_vmp_resource_gemstones_mannfred_1	derpy_effect_region_resource_silver_production	building_to_building_own	6.0000	3.0000	0.0000	derpy_mr_silver_0
wh2_main_vmp_resource_gemstones_mannfred_2	derpy_effect_region_resource_silver_production	building_to_building_own	8.0000	4.0000	0.0000	derpy_mr_silver_0
wh2_main_vmp_resource_gemstones_mannfred_3	derpy_effect_region_resource_silver_production	building_to_building_own	12.0000	6.0000	0.0000	derpy_mr_silver_0
wh2_main_brt_resource_gemstones_1	derpy_effect_region_resource_silver_production	building_to_building_own	6.0000	3.0000	0.0000	derpy_mr_silver_0
wh2_main_brt_resource_gemstones_2	derpy_effect_region_resource_silver_production	building_to_building_own	8.0000	4.0000	0.0000	derpy_mr_silver_0
wh2_main_brt_resource_gemstones_3	derpy_effect_region_resource_silver_production	building_to_building_own	12.0000	6.0000	0.0000	derpy_mr_silver_0
wh2_main_brt_resource_gold_1	derpy_effect_region_resource_silver_production	building_to_building_own	6.0000	3.0000	0.0000	derpy_mr_silver_0
wh2_main_brt_resource_gold_2	derpy_effect_region_resource_silver_production	building_to_building_own	8.0000	4.0000	0.0000	derpy_mr_silver_0
wh2_main_brt_resource_gold_3	derpy_effect_region_resource_silver_production	building_to_building_own	12.0000	6.0000	0.0000	derpy_mr_silver_0
wh2_main_brt_resource_iron_1	derpy_effect_region_resource_silver_production	building_to_building_own	6.0000	3.0000	0.0000	derpy_mr_silver_0
wh2_main_brt_resource_iron_2	derpy_effect_region_resource_silver_production	building_to_building_own	8.0000	4.0000	0.0000	derpy_mr_silver_0
wh2_main_brt_resource_iron_3	derpy_effect_region_resource_silver_production	building_to_building_own	12.0000	6.0000	0.0000	derpy_mr_silver_0
wh2_main_def_resource_gems_1	derpy_effect_region_resource_silver_production	building_to_building_own	6.0000	3.0000	0.0000	derpy_mr_silver_0
wh2_main_def_resource_gems_2	derpy_effect_region_resource_silver_production	building_to_building_own	8.0000	4.0000	0.0000	derpy_mr_silver_0
wh2_main_def_resource_gems_3	derpy_effect_region_resource_silver_production	building_to_building_own	12.0000	6.0000	0.0000	derpy_mr_silver_0
wh2_main_def_resource_gold_1	derpy_effect_region_resource_silver_production	building_to_building_own	6.0000	3.0000	0.0000	derpy_mr_silver_0
wh2_main_def_resource_gold_2	derpy_effect_region_resource_silver_production	building_to_building_own	8.0000	4.0000	0.0000	derpy_mr_silver_0
wh2_main_def_resource_gold_3	derpy_effect_region_resource_silver_production	building_to_building_own	12.0000	6.0000	0.0000	derpy_mr_silver_0
wh2_main_def_resource_iron_1	derpy_effect_region_resource_silver_production	building_to_building_own	6.0000	3.0000	0.0000	derpy_mr_silver_0
wh2_main_def_resource_iron_2	derpy_effect_region_resource_silver_production	building_to_building_own	8.0000	4.0000	0.0000	derpy_mr_silver_0
wh2_main_def_resource_iron_3	derpy_effect_region_resource_silver_production	building_to_building_own	12.0000	6.0000	0.0000	derpy_mr_silver_0
wh2_main_hef_resource_gems_1	derpy_effect_region_resource_silver_production	building_to_building_own	6.0000	3.0000	0.0000	derpy_mr_silver_0
wh2_main_hef_resource_gems_2	derpy_effect_region_resource_silver_production	building_to_building_own	8.0000	4.0000	0.0000	derpy_mr_silver_0
wh2_main_hef_resource_gems_3	derpy_effect_region_resource_silver_production	building_to_building_own	12.0000	6.0000	0.0000	derpy_mr_silver_0
wh2_main_hef_resource_gold_1	derpy_effect_region_resource_silver_production	building_to_building_own	6.0000	3.0000	0.0000	derpy_mr_silver_0
wh2_main_hef_resource_gold_2	derpy_effect_region_resource_silver_production	building_to_building_own	8.0000	4.0000	0.0000	derpy_mr_silver_0
wh2_main_hef_resource_gold_3	derpy_effect_region_resource_silver_production	building_to_building_own	12.0000	6.0000	0.0000	derpy_mr_silver_0
wh2_main_hef_resource_iron_1	derpy_effect_region_resource_silver_production	building_to_building_own	6.0000	3.0000	0.0000	derpy_mr_silver_0
wh2_main_hef_resource_iron_2	derpy_effect_region_resource_silver_production	building_to_building_own	8.0000	4.0000	0.0000	derpy_mr_silver_0
wh2_main_hef_resource_iron_3	derpy_effect_region_resource_silver_production	building_to_building_own	12.0000	6.0000	0.0000	derpy_mr_silver_0
wh2_main_lzd_resource_gems_1	derpy_effect_region_resource_silver_production	building_to_building_own	6.0000	3.0000	0.0000	derpy_mr_silver_0
wh2_main_lzd_resource_gems_2	derpy_effect_region_resource_silver_production	building_to_building_own	8.0000	4.0000	0.0000	derpy_mr_silver_0
wh2_main_lzd_resource_gems_3	derpy_effect_region_resource_silver_production	building_to_building_own	12.0000	6.0000	0.0000	derpy_mr_silver_0
wh2_main_lzd_resource_gold_1	derpy_effect_region_resource_silver_production	building_to_building_own	6.0000	3.0000	0.0000	derpy_mr_silver_0
wh2_main_lzd_resource_gold_2	derpy_effect_region_resource_silver_production	building_to_building_own	8.0000	4.0000	0.0000	derpy_mr_silver_0
wh2_main_lzd_resource_gold_3	derpy_effect_region_resource_silver_production	building_to_building_own	12.0000	6.0000	0.0000	derpy_mr_silver_0
wh2_main_lzd_resource_iron_1	derpy_effect_region_resource_silver_production	building_to_building_own	6.0000	3.0000	0.0000	derpy_mr_silver_0
wh2_main_lzd_resource_iron_2	derpy_effect_region_resource_silver_production	building_to_building_own	8.0000	4.0000	0.0000	derpy_mr_silver_0
wh2_main_lzd_resource_iron_3	derpy_effect_region_resource_silver_production	building_to_building_own	12.0000	6.0000	0.0000	derpy_mr_silver_0
wh2_main_skv_resource_gems_1	derpy_effect_region_resource_silver_production	building_to_building_own	6.0000	3.0000	0.0000	derpy_mr_silver_0
wh2_main_skv_resource_gems_2	derpy_effect_region_resource_silver_production	building_to_building_own	8.0000	4.0000	0.0000	derpy_mr_silver_0
wh2_main_skv_resource_gems_3	derpy_effect_region_resource_silver_production	building_to_building_own	12.0000	6.0000	0.0000	derpy_mr_silver_0
wh2_main_skv_resource_gold_1	derpy_effect_region_resource_silver_production	building_to_building_own	6.0000	3.0000	0.0000	derpy_mr_silver_0
wh2_main_skv_resource_gold_2	derpy_effect_region_resource_silver_production	building_to_building_own	8.0000	4.0000	0.0000	derpy_mr_silver_0
wh2_main_skv_resource_gold_3	derpy_effect_region_resource_silver_production	building_to_building_own	12.0000	6.0000	0.0000	derpy_mr_silver_0
wh2_main_skv_resource_iron_1	derpy_effect_region_resource_silver_production	building_to_building_own	6.0000	3.0000	0.0000	derpy_mr_silver_0
wh2_main_skv_resource_iron_2	derpy_effect_region_resource_silver_production	building_to_building_own	8.0000	4.0000	0.0000	derpy_mr_silver_0
wh2_main_skv_resource_iron_3	derpy_effect_region_resource_silver_production	building_to_building_own	12.0000	6.0000	0.0000	derpy_mr_silver_0
wh2_main_wef_resource_gems_1	derpy_effect_region_resource_silver_production	building_to_building_own	6.0000	3.0000	0.0000	derpy_mr_silver_0
wh3_dlc20_woc_resource_gems_1	derpy_effect_region_resource_silver_production	building_to_building_own	6.0000	3.0000	0.0000	derpy_mr_silver_0
wh3_dlc20_woc_resource_gold_1	derpy_effect_region_resource_silver_production	building_to_building_own	6.0000	3.0000	0.0000	derpy_mr_silver_0
wh3_dlc20_woc_resource_iron_1	derpy_effect_region_resource_silver_production	building_to_building_own	6.0000	3.0000	0.0000	derpy_mr_silver_0
wh3_dlc23_chd_resource_gems_1	derpy_effect_region_resource_silver_production	building_to_building_own	6.0000	3.0000	0.0000	derpy_mr_silver_0
wh3_dlc23_chd_resource_gold_1	derpy_effect_region_resource_silver_production	building_to_building_own	6.0000	3.0000	0.0000	derpy_mr_silver_0
wh3_dlc23_chd_resource_gold_2	derpy_effect_region_resource_silver_production	building_to_building_own	8.0000	4.0000	0.0000	derpy_mr_silver_0
wh3_dlc23_chd_resource_gold_3	derpy_effect_region_resource_silver_production	building_to_building_own	12.0000	6.0000	0.0000	derpy_mr_silver_0
wh3_dlc23_chd_resource_iron_1	derpy_effect_region_resource_silver_production	building_to_building_own	6.0000	3.0000	0.0000	derpy_mr_silver_0
wh3_main_cth_resource_gems_1	derpy_effect_region_resource_silver_production	building_to_building_own	6.0000	3.0000	0.0000	derpy_mr_silver_0
wh3_main_cth_resource_gems_2	derpy_effect_region_resource_silver_production	building_to_building_own	8.0000	4.0000	0.0000	derpy_mr_silver_0
wh3_main_cth_resource_gems_3	derpy_effect_region_resource_silver_production	building_to_building_own	12.0000	6.0000	0.0000	derpy_mr_silver_0
wh3_main_cth_resource_gold_1	derpy_effect_region_resource_silver_production	building_to_building_own	6.0000	3.0000	0.0000	derpy_mr_silver_0
wh3_main_cth_resource_gold_2	derpy_effect_region_resource_silver_production	building_to_building_own	8.0000	4.0000	0.0000	derpy_mr_silver_0
wh3_main_cth_resource_gold_3	derpy_effect_region_resource_silver_production	building_to_building_own	12.0000	6.0000	0.0000	derpy_mr_silver_0
wh3_main_cth_resource_iron_1	derpy_effect_region_resource_silver_production	building_to_building_own	6.0000	3.0000	0.0000	derpy_mr_silver_0
wh3_main_cth_resource_iron_2	derpy_effect_region_resource_silver_production	building_to_building_own	8.0000	4.0000	0.0000	derpy_mr_silver_0
wh3_main_cth_resource_iron_3	derpy_effect_region_resource_silver_production	building_to_building_own	12.0000	6.0000	0.0000	derpy_mr_silver_0
wh3_main_ie_NORSCA_resource_gemstones	derpy_effect_region_resource_silver_production	building_to_building_own	6.0000	3.0000	0.0000	derpy_mr_silver_0
wh3_main_ie_NORSCA_resource_gold	derpy_effect_region_resource_silver_production	building_to_building_own	6.0000	3.0000	0.0000	derpy_mr_silver_0
wh3_main_ksl_resource_gems_1	derpy_effect_region_resource_silver_production	building_to_building_own	6.0000	3.0000	0.0000	derpy_mr_silver_0
wh3_main_ksl_resource_gems_2	derpy_effect_region_resource_silver_production	building_to_building_own	8.0000	4.0000	0.0000	derpy_mr_silver_0
wh3_main_ksl_resource_gems_3	derpy_effect_region_resource_silver_production	building_to_building_own	12.0000	6.0000	0.0000	derpy_mr_silver_0
wh3_main_ksl_resource_gold_1	derpy_effect_region_resource_silver_production	building_to_building_own	6.0000	3.0000	0.0000	derpy_mr_silver_0
wh3_main_ksl_resource_gold_2	derpy_effect_region_resource_silver_production	building_to_building_own	8.0000	4.0000	0.0000	derpy_mr_silver_0
wh3_main_ksl_resource_gold_3	derpy_effect_region_resource_silver_production	building_to_building_own	12.0000	6.0000	0.0000	derpy_mr_silver_0
wh3_main_ksl_resource_iron_1	derpy_effect_region_resource_silver_production	building_to_building_own	6.0000	3.0000	0.0000	derpy_mr_silver_0
wh3_main_ksl_resource_iron_2	derpy_effect_region_resource_silver_production	building_to_building_own	8.0000	4.0000	0.0000	derpy_mr_silver_0
wh3_main_ksl_resource_iron_3	derpy_effect_region_resource_silver_production	building_to_building_own	12.0000	6.0000	0.0000	derpy_mr_silver_0
wh3_main_ogr_resource_gems_1	derpy_effect_region_resource_silver_production	building_to_building_own	6.0000	3.0000	0.0000	derpy_mr_silver_0
wh3_main_ogr_resource_gems_2	derpy_effect_region_resource_silver_production	building_to_building_own	8.0000	4.0000	0.0000	derpy_mr_silver_0
wh3_main_ogr_resource_gems_3	derpy_effect_region_resource_silver_production	building_to_building_own	12.0000	6.0000	0.0000	derpy_mr_silver_0
wh3_main_ogr_resource_gold_1	derpy_effect_region_resource_silver_production	building_to_building_own	6.0000	3.0000	0.0000	derpy_mr_silver_0
wh3_main_ogr_resource_gold_2	derpy_effect_region_resource_silver_production	building_to_building_own	8.0000	4.0000	0.0000	derpy_mr_silver_0
wh3_main_ogr_resource_gold_3	derpy_effect_region_resource_silver_production	building_to_building_own	12.0000	6.0000	0.0000	derpy_mr_silver_0
wh3_main_ogr_resource_iron_1	derpy_effect_region_resource_silver_production	building_to_building_own	6.0000	3.0000	0.0000	derpy_mr_silver_0
wh3_main_ogr_resource_iron_2	derpy_effect_region_resource_silver_production	building_to_building_own	8.0000	4.0000	0.0000	derpy_mr_silver_0
wh3_main_ogr_resource_iron_3	derpy_effect_region_resource_silver_production	building_to_building_own	12.0000	6.0000	0.0000	derpy_mr_silver_0
wh_dlc05_wef_resource_gold_1	derpy_effect_region_resource_silver_production	building_to_building_own	6.0000	3.0000	0.0000	derpy_mr_silver_0
wh_dlc05_wef_resource_iron_1	derpy_effect_region_resource_silver_production	building_to_building_own	6.0000	3.0000	0.0000	derpy_mr_silver_0
wh_main_dwf_resource_gems_1	derpy_effect_region_resource_silver_production	building_to_building_own	6.0000	3.0000	0.0000	derpy_mr_silver_0
wh_main_dwf_resource_gems_2	derpy_effect_region_resource_silver_production	building_to_building_own	8.0000	4.0000	0.0000	derpy_mr_silver_0
wh_main_dwf_resource_gems_3	derpy_effect_region_resource_silver_production	building_to_building_own	12.0000	6.0000	0.0000	derpy_mr_silver_0
wh_main_dwf_resource_gems_4	derpy_effect_region_resource_silver_production	building_to_building_own	12.0000	6.0000	0.0000	derpy_mr_silver_0
wh_main_dwf_resource_gold_1	derpy_effect_region_resource_silver_production	building_to_building_own	6.0000	3.0000	0.0000	derpy_mr_silver_0
wh_main_dwf_resource_gold_2	derpy_effect_region_resource_silver_production	building_to_building_own	8.0000	4.0000	0.0000	derpy_mr_silver_0
wh_main_dwf_resource_gold_3	derpy_effect_region_resource_silver_production	building_to_building_own	12.0000	6.0000	0.0000	derpy_mr_silver_0
wh_main_dwf_resource_gold_4	derpy_effect_region_resource_silver_production	building_to_building_own	12.0000	6.0000	0.0000	derpy_mr_silver_0
wh_main_dwf_resource_iron_1	derpy_effect_region_resource_silver_production	building_to_building_own	6.0000	3.0000	0.0000	derpy_mr_silver_0
wh_main_dwf_resource_iron_2	derpy_effect_region_resource_silver_production	building_to_building_own	8.0000	4.0000	0.0000	derpy_mr_silver_0
wh_main_dwf_resource_iron_3	derpy_effect_region_resource_silver_production	building_to_building_own	12.0000	6.0000	0.0000	derpy_mr_silver_0
wh_main_dwf_resource_iron_4	derpy_effect_region_resource_silver_production	building_to_building_own	12.0000	6.0000	0.0000	derpy_mr_silver_0
wh_main_grn_resource_gems_1	derpy_effect_region_resource_silver_production	building_to_building_own	6.0000	3.0000	0.0000	derpy_mr_silver_0
wh_main_grn_resource_gems_2	derpy_effect_region_resource_silver_production	building_to_building_own	8.0000	4.0000	0.0000	derpy_mr_silver_0
wh_main_grn_resource_gems_3	derpy_effect_region_resource_silver_production	building_to_building_own	12.0000	6.0000	0.0000	derpy_mr_silver_0
wh_main_grn_resource_gold_1	derpy_effect_region_resource_silver_production	building_to_building_own	6.0000	3.0000	0.0000	derpy_mr_silver_0
wh_main_grn_resource_gold_2	derpy_effect_region_resource_silver_production	building_to_building_own	8.0000	4.0000	0.0000	derpy_mr_silver_0
wh_main_grn_resource_gold_3	derpy_effect_region_resource_silver_production	building_to_building_own	12.0000	6.0000	0.0000	derpy_mr_silver_0
wh_main_emp_resource_gold_1	derpy_effect_region_resource_silver_production	building_to_building_own	6.0000	3.0000	0.0000	derpy_mr_silver_0
wh_main_emp_resource_gold_2	derpy_effect_region_resource_silver_production	building_to_building_own	8.0000	4.0000	0.0000	derpy_mr_silver_0
wh_main_emp_resource_gold_3	derpy_effect_region_resource_silver_production	building_to_building_own	12.0000	6.0000	0.0000	derpy_mr_silver_0
wh_main_emp_resource_iron_1	derpy_effect_region_resource_silver_production	building_to_building_own	6.0000	3.0000	0.0000	derpy_mr_silver_0
wh_main_emp_resource_iron_2	derpy_effect_region_resource_silver_production	building_to_building_own	8.0000	4.0000	0.0000	derpy_mr_silver_0
wh_main_emp_resource_iron_3	derpy_effect_region_resource_silver_production	building_to_building_own	12.0000	6.0000	0.0000	derpy_mr_silver_0
wh_dlc08_nor_resource_iron_1	derpy_effect_region_resource_silver_production	building_to_building_own	6.0000	3.0000	0.0000	derpy_mr_silver_0
wh_main_vmp_resource_gold_1	derpy_effect_region_resource_silver_production	building_to_building_own	6.0000	3.0000	0.0000	derpy_mr_silver_0
wh_main_vmp_resource_gold_2	derpy_effect_region_resource_silver_production	building_to_building_own	8.0000	4.0000	0.0000	derpy_mr_silver_0
wh_main_vmp_resource_gold_3	derpy_effect_region_resource_silver_production	building_to_building_own	12.0000	6.0000	0.0000	derpy_mr_silver_0
wh_main_vmp_resource_gold_mannfred_1	derpy_effect_region_resource_silver_production	building_to_building_own	6.0000	3.0000	0.0000	derpy_mr_silver_0
wh_main_vmp_resource_gold_mannfred_2	derpy_effect_region_resource_silver_production	building_to_building_own	8.0000	4.0000	0.0000	derpy_mr_silver_0
wh_main_vmp_resource_gold_mannfred_3	derpy_effect_region_resource_silver_production	building_to_building_own	12.0000	6.0000	0.0000	derpy_mr_silver_0
wh_main_vmp_resource_iron_1	derpy_effect_region_resource_silver_production	building_to_building_own	6.0000	3.0000	0.0000	derpy_mr_silver_0
wh_main_vmp_resource_iron_2	derpy_effect_region_resource_silver_production	building_to_building_own	8.0000	4.0000	0.0000	derpy_mr_silver_0
wh_main_vmp_resource_iron_3	derpy_effect_region_resource_silver_production	building_to_building_own	12.0000	6.0000	0.0000	derpy_mr_silver_0
wh2_dlc11_cst_resource_gems_1	derpy_effect_region_resource_gromril_production	building_to_building_own	3.0000	2.0000	0.0000	derpy_mr_gromril_0
wh2_dlc11_cst_resource_gold_1	derpy_effect_region_resource_gromril_production	building_to_building_own	3.0000	2.0000	0.0000	derpy_mr_gromril_0
wh2_dlc11_cst_resource_iron_1	derpy_effect_region_resource_gromril_production	building_to_building_own	3.0000	2.0000	0.0000	derpy_mr_gromril_0
wh2_main_emp_resource_gemstones_1	derpy_effect_region_resource_gromril_production	building_to_building_own	3.0000	2.0000	0.0000	derpy_mr_gromril_0
wh2_main_emp_resource_gemstones_2	derpy_effect_region_resource_gromril_production	building_to_building_own	4.0000	2.0000	0.0000	derpy_mr_gromril_0
wh2_main_emp_resource_gemstones_3	derpy_effect_region_resource_gromril_production	building_to_building_own	6.0000	3.0000	0.0000	derpy_mr_gromril_0
wh2_main_vmp_resource_gemstones_1	derpy_effect_region_resource_gromril_production	building_to_building_own	3.0000	2.0000	0.0000	derpy_mr_gromril_0
wh2_main_vmp_resource_gemstones_2	derpy_effect_region_resource_gromril_production	building_to_building_own	4.0000	2.0000	0.0000	derpy_mr_gromril_0
wh2_main_vmp_resource_gemstones_3	derpy_effect_region_resource_gromril_production	building_to_building_own	6.0000	3.0000	0.0000	derpy_mr_gromril_0
wh2_main_vmp_resource_gemstones_mannfred_1	derpy_effect_region_resource_gromril_production	building_to_building_own	3.0000	2.0000	0.0000	derpy_mr_gromril_0
wh2_main_vmp_resource_gemstones_mannfred_2	derpy_effect_region_resource_gromril_production	building_to_building_own	4.0000	2.0000	0.0000	derpy_mr_gromril_0
wh2_main_vmp_resource_gemstones_mannfred_3	derpy_effect_region_resource_gromril_production	building_to_building_own	6.0000	3.0000	0.0000	derpy_mr_gromril_0
wh2_main_brt_resource_gemstones_1	derpy_effect_region_resource_gromril_production	building_to_building_own	3.0000	2.0000	0.0000	derpy_mr_gromril_0
wh2_main_brt_resource_gemstones_2	derpy_effect_region_resource_gromril_production	building_to_building_own	4.0000	2.0000	0.0000	derpy_mr_gromril_0
wh2_main_brt_resource_gemstones_3	derpy_effect_region_resource_gromril_production	building_to_building_own	6.0000	3.0000	0.0000	derpy_mr_gromril_0
wh2_main_brt_resource_gold_1	derpy_effect_region_resource_gromril_production	building_to_building_own	3.0000	2.0000	0.0000	derpy_mr_gromril_0
wh2_main_brt_resource_gold_2	derpy_effect_region_resource_gromril_production	building_to_building_own	4.0000	2.0000	0.0000	derpy_mr_gromril_0
wh2_main_brt_resource_gold_3	derpy_effect_region_resource_gromril_production	building_to_building_own	6.0000	3.0000	0.0000	derpy_mr_gromril_0
wh2_main_brt_resource_iron_1	derpy_effect_region_resource_gromril_production	building_to_building_own	3.0000	2.0000	0.0000	derpy_mr_gromril_0
wh2_main_brt_resource_iron_2	derpy_effect_region_resource_gromril_production	building_to_building_own	4.0000	2.0000	0.0000	derpy_mr_gromril_0
wh2_main_brt_resource_iron_3	derpy_effect_region_resource_gromril_production	building_to_building_own	6.0000	3.0000	0.0000	derpy_mr_gromril_0
wh2_main_def_resource_gems_1	derpy_effect_region_resource_gromril_production	building_to_building_own	3.0000	2.0000	0.0000	derpy_mr_gromril_0
wh2_main_def_resource_gems_2	derpy_effect_region_resource_gromril_production	building_to_building_own	4.0000	2.0000	0.0000	derpy_mr_gromril_0
wh2_main_def_resource_gems_3	derpy_effect_region_resource_gromril_production	building_to_building_own	6.0000	3.0000	0.0000	derpy_mr_gromril_0
wh2_main_def_resource_gold_1	derpy_effect_region_resource_gromril_production	building_to_building_own	3.0000	2.0000	0.0000	derpy_mr_gromril_0
wh2_main_def_resource_gold_2	derpy_effect_region_resource_gromril_production	building_to_building_own	4.0000	2.0000	0.0000	derpy_mr_gromril_0
wh2_main_def_resource_gold_3	derpy_effect_region_resource_gromril_production	building_to_building_own	6.0000	3.0000	0.0000	derpy_mr_gromril_0
wh2_main_def_resource_iron_1	derpy_effect_region_resource_gromril_production	building_to_building_own	3.0000	2.0000	0.0000	derpy_mr_gromril_0
wh2_main_def_resource_iron_2	derpy_effect_region_resource_gromril_production	building_to_building_own	4.0000	2.0000	0.0000	derpy_mr_gromril_0
wh2_main_def_resource_iron_3	derpy_effect_region_resource_gromril_production	building_to_building_own	6.0000	3.0000	0.0000	derpy_mr_gromril_0
wh2_main_hef_resource_gems_1	derpy_effect_region_resource_gromril_production	building_to_building_own	3.0000	2.0000	0.0000	derpy_mr_gromril_0
wh2_main_hef_resource_gems_2	derpy_effect_region_resource_gromril_production	building_to_building_own	4.0000	2.0000	0.0000	derpy_mr_gromril_0
wh2_main_hef_resource_gems_3	derpy_effect_region_resource_gromril_production	building_to_building_own	6.0000	3.0000	0.0000	derpy_mr_gromril_0
wh2_main_hef_resource_gold_1	derpy_effect_region_resource_gromril_production	building_to_building_own	3.0000	2.0000	0.0000	derpy_mr_gromril_0
wh2_main_hef_resource_gold_2	derpy_effect_region_resource_gromril_production	building_to_building_own	4.0000	2.0000	0.0000	derpy_mr_gromril_0
wh2_main_hef_resource_gold_3	derpy_effect_region_resource_gromril_production	building_to_building_own	6.0000	3.0000	0.0000	derpy_mr_gromril_0
wh2_main_hef_resource_iron_1	derpy_effect_region_resource_gromril_production	building_to_building_own	3.0000	2.0000	0.0000	derpy_mr_gromril_0
wh2_main_hef_resource_iron_2	derpy_effect_region_resource_gromril_production	building_to_building_own	4.0000	2.0000	0.0000	derpy_mr_gromril_0
wh2_main_hef_resource_iron_3	derpy_effect_region_resource_gromril_production	building_to_building_own	6.0000	3.0000	0.0000	derpy_mr_gromril_0
wh2_main_lzd_resource_gems_1	derpy_effect_region_resource_gromril_production	building_to_building_own	3.0000	2.0000	0.0000	derpy_mr_gromril_0
wh2_main_lzd_resource_gems_2	derpy_effect_region_resource_gromril_production	building_to_building_own	4.0000	2.0000	0.0000	derpy_mr_gromril_0
wh2_main_lzd_resource_gems_3	derpy_effect_region_resource_gromril_production	building_to_building_own	6.0000	3.0000	0.0000	derpy_mr_gromril_0
wh2_main_lzd_resource_gold_1	derpy_effect_region_resource_gromril_production	building_to_building_own	3.0000	2.0000	0.0000	derpy_mr_gromril_0
wh2_main_lzd_resource_gold_2	derpy_effect_region_resource_gromril_production	building_to_building_own	4.0000	2.0000	0.0000	derpy_mr_gromril_0
wh2_main_lzd_resource_gold_3	derpy_effect_region_resource_gromril_production	building_to_building_own	6.0000	3.0000	0.0000	derpy_mr_gromril_0
wh2_main_lzd_resource_iron_1	derpy_effect_region_resource_gromril_production	building_to_building_own	3.0000	2.0000	0.0000	derpy_mr_gromril_0
wh2_main_lzd_resource_iron_2	derpy_effect_region_resource_gromril_production	building_to_building_own	4.0000	2.0000	0.0000	derpy_mr_gromril_0
wh2_main_lzd_resource_iron_3	derpy_effect_region_resource_gromril_production	building_to_building_own	6.0000	3.0000	0.0000	derpy_mr_gromril_0
wh2_main_skv_resource_gems_1	derpy_effect_region_resource_gromril_production	building_to_building_own	3.0000	2.0000	0.0000	derpy_mr_gromril_0
wh2_main_skv_resource_gems_2	derpy_effect_region_resource_gromril_production	building_to_building_own	4.0000	2.0000	0.0000	derpy_mr_gromril_0
wh2_main_skv_resource_gems_3	derpy_effect_region_resource_gromril_production	building_to_building_own	6.0000	3.0000	0.0000	derpy_mr_gromril_0
wh2_main_skv_resource_gold_1	derpy_effect_region_resource_gromril_production	building_to_building_own	3.0000	2.0000	0.0000	derpy_mr_gromril_0
wh2_main_skv_resource_gold_2	derpy_effect_region_resource_gromril_production	building_to_building_own	4.0000	2.0000	0.0000	derpy_mr_gromril_0
wh2_main_skv_resource_gold_3	derpy_effect_region_resource_gromril_production	building_to_building_own	6.0000	3.0000	0.0000	derpy_mr_gromril_0
wh2_main_skv_resource_iron_1	derpy_effect_region_resource_gromril_production	building_to_building_own	3.0000	2.0000	0.0000	derpy_mr_gromril_0
wh2_main_skv_resource_iron_2	derpy_effect_region_resource_gromril_production	building_to_building_own	4.0000	2.0000	0.0000	derpy_mr_gromril_0
wh2_main_skv_resource_iron_3	derpy_effect_region_resource_gromril_production	building_to_building_own	6.0000	3.0000	0.0000	derpy_mr_gromril_0
wh2_main_wef_resource_gems_1	derpy_effect_region_resource_gromril_production	building_to_building_own	3.0000	2.0000	0.0000	derpy_mr_gromril_0
wh3_dlc20_woc_resource_gems_1	derpy_effect_region_resource_gromril_production	building_to_building_own	3.0000	2.0000	0.0000	derpy_mr_gromril_0
wh3_dlc20_woc_resource_gold_1	derpy_effect_region_resource_gromril_production	building_to_building_own	3.0000	2.0000	0.0000	derpy_mr_gromril_0
wh3_dlc20_woc_resource_iron_1	derpy_effect_region_resource_gromril_production	building_to_building_own	3.0000	2.0000	0.0000	derpy_mr_gromril_0
wh3_dlc23_chd_resource_gems_1	derpy_effect_region_resource_gromril_production	building_to_building_own	3.0000	2.0000	0.0000	derpy_mr_gromril_0
wh3_dlc23_chd_resource_gold_1	derpy_effect_region_resource_gromril_production	building_to_building_own	3.0000	2.0000	0.0000	derpy_mr_gromril_0
wh3_dlc23_chd_resource_gold_2	derpy_effect_region_resource_gromril_production	building_to_building_own	4.0000	2.0000	0.0000	derpy_mr_gromril_0
wh3_dlc23_chd_resource_gold_3	derpy_effect_region_resource_gromril_production	building_to_building_own	6.0000	3.0000	0.0000	derpy_mr_gromril_0
wh3_dlc23_chd_resource_iron_1	derpy_effect_region_resource_gromril_production	building_to_building_own	3.0000	2.0000	0.0000	derpy_mr_gromril_0
wh3_main_cth_resource_gems_1	derpy_effect_region_resource_gromril_production	building_to_building_own	3.0000	2.0000	0.0000	derpy_mr_gromril_0
wh3_main_cth_resource_gems_2	derpy_effect_region_resource_gromril_production	building_to_building_own	4.0000	2.0000	0.0000	derpy_mr_gromril_0
wh3_main_cth_resource_gems_3	derpy_effect_region_resource_gromril_production	building_to_building_own	6.0000	3.0000	0.0000	derpy_mr_gromril_0
wh3_main_cth_resource_gold_1	derpy_effect_region_resource_gromril_production	building_to_building_own	3.0000	2.0000	0.0000	derpy_mr_gromril_0
wh3_main_cth_resource_gold_2	derpy_effect_region_resource_gromril_production	building_to_building_own	4.0000	2.0000	0.0000	derpy_mr_gromril_0
wh3_main_cth_resource_gold_3	derpy_effect_region_resource_gromril_production	building_to_building_own	6.0000	3.0000	0.0000	derpy_mr_gromril_0
wh3_main_cth_resource_iron_1	derpy_effect_region_resource_gromril_production	building_to_building_own	3.0000	2.0000	0.0000	derpy_mr_gromril_0
wh3_main_cth_resource_iron_2	derpy_effect_region_resource_gromril_production	building_to_building_own	4.0000	2.0000	0.0000	derpy_mr_gromril_0
wh3_main_cth_resource_iron_3	derpy_effect_region_resource_gromril_production	building_to_building_own	6.0000	3.0000	0.0000	derpy_mr_gromril_0
wh3_main_ie_NORSCA_resource_gemstones	derpy_effect_region_resource_gromril_production	building_to_building_own	3.0000	2.0000	0.0000	derpy_mr_gromril_0
wh3_main_ie_NORSCA_resource_gold	derpy_effect_region_resource_gromril_production	building_to_building_own	3.0000	2.0000	0.0000	derpy_mr_gromril_0
wh3_main_ksl_resource_gems_1	derpy_effect_region_resource_gromril_production	building_to_building_own	3.0000	2.0000	0.0000	derpy_mr_gromril_0
wh3_main_ksl_resource_gems_2	derpy_effect_region_resource_gromril_production	building_to_building_own	4.0000	2.0000	0.0000	derpy_mr_gromril_0
wh3_main_ksl_resource_gems_3	derpy_effect_region_resource_gromril_production	building_to_building_own	6.0000	3.0000	0.0000	derpy_mr_gromril_0
wh3_main_ksl_resource_gold_1	derpy_effect_region_resource_gromril_production	building_to_building_own	3.0000	2.0000	0.0000	derpy_mr_gromril_0
wh3_main_ksl_resource_gold_2	derpy_effect_region_resource_gromril_production	building_to_building_own	4.0000	2.0000	0.0000	derpy_mr_gromril_0
wh3_main_ksl_resource_gold_3	derpy_effect_region_resource_gromril_production	building_to_building_own	6.0000	3.0000	0.0000	derpy_mr_gromril_0
wh3_main_ksl_resource_iron_1	derpy_effect_region_resource_gromril_production	building_to_building_own	3.0000	2.0000	0.0000	derpy_mr_gromril_0
wh3_main_ksl_resource_iron_2	derpy_effect_region_resource_gromril_production	building_to_building_own	4.0000	2.0000	0.0000	derpy_mr_gromril_0
wh3_main_ksl_resource_iron_3	derpy_effect_region_resource_gromril_production	building_to_building_own	6.0000	3.0000	0.0000	derpy_mr_gromril_0
wh3_main_ogr_resource_gems_1	derpy_effect_region_resource_gromril_production	building_to_building_own	3.0000	2.0000	0.0000	derpy_mr_gromril_0
wh3_main_ogr_resource_gems_2	derpy_effect_region_resource_gromril_production	building_to_building_own	4.0000	2.0000	0.0000	derpy_mr_gromril_0
wh3_main_ogr_resource_gems_3	derpy_effect_region_resource_gromril_production	building_to_building_own	6.0000	3.0000	0.0000	derpy_mr_gromril_0
wh3_main_ogr_resource_gold_1	derpy_effect_region_resource_gromril_production	building_to_building_own	3.0000	2.0000	0.0000	derpy_mr_gromril_0
wh3_main_ogr_resource_gold_2	derpy_effect_region_resource_gromril_production	building_to_building_own	4.0000	2.0000	0.0000	derpy_mr_gromril_0
wh3_main_ogr_resource_gold_3	derpy_effect_region_resource_gromril_production	building_to_building_own	6.0000	3.0000	0.0000	derpy_mr_gromril_0
wh3_main_ogr_resource_iron_1	derpy_effect_region_resource_gromril_production	building_to_building_own	3.0000	2.0000	0.0000	derpy_mr_gromril_0
wh3_main_ogr_resource_iron_2	derpy_effect_region_resource_gromril_production	building_to_building_own	4.0000	2.0000	0.0000	derpy_mr_gromril_0
wh3_main_ogr_resource_iron_3	derpy_effect_region_resource_gromril_production	building_to_building_own	6.0000	3.0000	0.0000	derpy_mr_gromril_0
wh_dlc05_wef_resource_gold_1	derpy_effect_region_resource_gromril_production	building_to_building_own	3.0000	2.0000	0.0000	derpy_mr_gromril_0
wh_dlc05_wef_resource_iron_1	derpy_effect_region_resource_gromril_production	building_to_building_own	3.0000	2.0000	0.0000	derpy_mr_gromril_0
wh_main_dwf_resource_gems_1	derpy_effect_region_resource_gromril_production	building_to_building_own	3.0000	2.0000	0.0000	derpy_mr_gromril_0
wh_main_dwf_resource_gems_2	derpy_effect_region_resource_gromril_production	building_to_building_own	4.0000	2.0000	0.0000	derpy_mr_gromril_0
wh_main_dwf_resource_gems_3	derpy_effect_region_resource_gromril_production	building_to_building_own	6.0000	3.0000	0.0000	derpy_mr_gromril_0
wh_main_dwf_resource_gems_4	derpy_effect_region_resource_gromril_production	building_to_building_own	6.0000	3.0000	0.0000	derpy_mr_gromril_0
wh_main_dwf_resource_gold_1	derpy_effect_region_resource_gromril_production	building_to_building_own	3.0000	2.0000	0.0000	derpy_mr_gromril_0
wh_main_dwf_resource_gold_2	derpy_effect_region_resource_gromril_production	building_to_building_own	4.0000	2.0000	0.0000	derpy_mr_gromril_0
wh_main_dwf_resource_gold_3	derpy_effect_region_resource_gromril_production	building_to_building_own	6.0000	3.0000	0.0000	derpy_mr_gromril_0
wh_main_dwf_resource_gold_4	derpy_effect_region_resource_gromril_production	building_to_building_own	6.0000	3.0000	0.0000	derpy_mr_gromril_0
wh_main_dwf_resource_iron_1	derpy_effect_region_resource_gromril_production	building_to_building_own	3.0000	2.0000	0.0000	derpy_mr_gromril_0
wh_main_dwf_resource_iron_2	derpy_effect_region_resource_gromril_production	building_to_building_own	4.0000	2.0000	0.0000	derpy_mr_gromril_0
wh_main_dwf_resource_iron_3	derpy_effect_region_resource_gromril_production	building_to_building_own	6.0000	3.0000	0.0000	derpy_mr_gromril_0
wh_main_dwf_resource_iron_4	derpy_effect_region_resource_gromril_production	building_to_building_own	6.0000	3.0000	0.0000	derpy_mr_gromril_0
wh_main_grn_resource_gems_1	derpy_effect_region_resource_gromril_production	building_to_building_own	3.0000	2.0000	0.0000	derpy_mr_gromril_0
wh_main_grn_resource_gems_2	derpy_effect_region_resource_gromril_production	building_to_building_own	4.0000	2.0000	0.0000	derpy_mr_gromril_0
wh_main_grn_resource_gems_3	derpy_effect_region_resource_gromril_production	building_to_building_own	6.0000	3.0000	0.0000	derpy_mr_gromril_0
wh_main_grn_resource_gold_1	derpy_effect_region_resource_gromril_production	building_to_building_own	3.0000	2.0000	0.0000	derpy_mr_gromril_0
wh_main_grn_resource_gold_2	derpy_effect_region_resource_gromril_production	building_to_building_own	4.0000	2.0000	0.0000	derpy_mr_gromril_0
wh_main_grn_resource_gold_3	derpy_effect_region_resource_gromril_production	building_to_building_own	6.0000	3.0000	0.0000	derpy_mr_gromril_0
wh_main_emp_resource_gold_1	derpy_effect_region_resource_gromril_production	building_to_building_own	3.0000	2.0000	0.0000	derpy_mr_gromril_0
wh_main_emp_resource_gold_2	derpy_effect_region_resource_gromril_production	building_to_building_own	4.0000	2.0000	0.0000	derpy_mr_gromril_0
wh_main_emp_resource_gold_3	derpy_effect_region_resource_gromril_production	building_to_building_own	6.0000	3.0000	0.0000	derpy_mr_gromril_0
wh_main_emp_resource_iron_1	derpy_effect_region_resource_gromril_production	building_to_building_own	3.0000	2.0000	0.0000	derpy_mr_gromril_0
wh_main_emp_resource_iron_2	derpy_effect_region_resource_gromril_production	building_to_building_own	4.0000	2.0000	0.0000	derpy_mr_gromril_0
wh_main_emp_resource_iron_3	derpy_effect_region_resource_gromril_production	building_to_building_own	6.0000	3.0000	0.0000	derpy_mr_gromril_0
wh_dlc08_nor_resource_iron_1	derpy_effect_region_resource_gromril_production	building_to_building_own	3.0000	2.0000	0.0000	derpy_mr_gromril_0
wh_main_vmp_resource_gold_1	derpy_effect_region_resource_gromril_production	building_to_building_own	3.0000	2.0000	0.0000	derpy_mr_gromril_0
wh_main_vmp_resource_gold_2	derpy_effect_region_resource_gromril_production	building_to_building_own	4.0000	2.0000	0.0000	derpy_mr_gromril_0
wh_main_vmp_resource_gold_3	derpy_effect_region_resource_gromril_production	building_to_building_own	6.0000	3.0000	0.0000	derpy_mr_gromril_0
wh_main_vmp_resource_gold_mannfred_1	derpy_effect_region_resource_gromril_production	building_to_building_own	3.0000	2.0000	0.0000	derpy_mr_gromril_0
wh_main_vmp_resource_gold_mannfred_2	derpy_effect_region_resource_gromril_production	building_to_building_own	4.0000	2.0000	0.0000	derpy_mr_gromril_0
wh_main_vmp_resource_gold_mannfred_3	derpy_effect_region_resource_gromril_production	building_to_building_own	6.0000	3.0000	0.0000	derpy_mr_gromril_0
wh_main_vmp_resource_iron_1	derpy_effect_region_resource_gromril_production	building_to_building_own	3.0000	2.0000	0.0000	derpy_mr_gromril_0
wh_main_vmp_resource_iron_2	derpy_effect_region_resource_gromril_production	building_to_building_own	4.0000	2.0000	0.0000	derpy_mr_gromril_0
wh_main_vmp_resource_iron_3	derpy_effect_region_resource_gromril_production	building_to_building_own	6.0000	3.0000	0.0000	derpy_mr_gromril_0
wh2_dlc11_cst_resource_gems_1	derpy_effect_region_resource_quicksilver_production	building_to_building_own	6.0000	3.0000	0.0000	derpy_mr_quicksilver_0
wh2_dlc11_cst_resource_gold_1	derpy_effect_region_resource_quicksilver_production	building_to_building_own	6.0000	3.0000	0.0000	derpy_mr_quicksilver_0
wh2_dlc11_cst_resource_obsidian_1	derpy_effect_region_resource_quicksilver_production	building_to_building_own	6.0000	3.0000	0.0000	derpy_mr_quicksilver_0
wh2_main_emp_resource_gemstones_1	derpy_effect_region_resource_quicksilver_production	building_to_building_own	6.0000	3.0000	0.0000	derpy_mr_quicksilver_0
wh2_main_emp_resource_gemstones_2	derpy_effect_region_resource_quicksilver_production	building_to_building_own	8.0000	4.0000	0.0000	derpy_mr_quicksilver_0
wh2_main_emp_resource_gemstones_3	derpy_effect_region_resource_quicksilver_production	building_to_building_own	12.0000	6.0000	0.0000	derpy_mr_quicksilver_0
wh2_main_vmp_resource_gemstones_1	derpy_effect_region_resource_quicksilver_production	building_to_building_own	6.0000	3.0000	0.0000	derpy_mr_quicksilver_0
wh2_main_vmp_resource_gemstones_2	derpy_effect_region_resource_quicksilver_production	building_to_building_own	8.0000	4.0000	0.0000	derpy_mr_quicksilver_0
wh2_main_vmp_resource_gemstones_3	derpy_effect_region_resource_quicksilver_production	building_to_building_own	12.0000	6.0000	0.0000	derpy_mr_quicksilver_0
wh2_main_vmp_resource_gemstones_mannfred_1	derpy_effect_region_resource_quicksilver_production	building_to_building_own	6.0000	3.0000	0.0000	derpy_mr_quicksilver_0
wh2_main_vmp_resource_gemstones_mannfred_2	derpy_effect_region_resource_quicksilver_production	building_to_building_own	8.0000	4.0000	0.0000	derpy_mr_quicksilver_0
wh2_main_vmp_resource_gemstones_mannfred_3	derpy_effect_region_resource_quicksilver_production	building_to_building_own	12.0000	6.0000	0.0000	derpy_mr_quicksilver_0
wh2_main_vmp_resource_obsidian_1	derpy_effect_region_resource_quicksilver_production	building_to_building_own	6.0000	3.0000	0.0000	derpy_mr_quicksilver_0
wh2_main_vmp_resource_obsidian_2	derpy_effect_region_resource_quicksilver_production	building_to_building_own	8.0000	4.0000	0.0000	derpy_mr_quicksilver_0
wh2_main_vmp_resource_obsidian_3	derpy_effect_region_resource_quicksilver_production	building_to_building_own	12.0000	6.0000	0.0000	derpy_mr_quicksilver_0
wh2_main_brt_resource_gemstones_1	derpy_effect_region_resource_quicksilver_production	building_to_building_own	6.0000	3.0000	0.0000	derpy_mr_quicksilver_0
wh2_main_brt_resource_gemstones_2	derpy_effect_region_resource_quicksilver_production	building_to_building_own	8.0000	4.0000	0.0000	derpy_mr_quicksilver_0
wh2_main_brt_resource_gemstones_3	derpy_effect_region_resource_quicksilver_production	building_to_building_own	12.0000	6.0000	0.0000	derpy_mr_quicksilver_0
wh2_main_brt_resource_gold_1	derpy_effect_region_resource_quicksilver_production	building_to_building_own	6.0000	3.0000	0.0000	derpy_mr_quicksilver_0
wh2_main_brt_resource_gold_2	derpy_effect_region_resource_quicksilver_production	building_to_building_own	8.0000	4.0000	0.0000	derpy_mr_quicksilver_0
wh2_main_brt_resource_gold_3	derpy_effect_region_resource_quicksilver_production	building_to_building_own	12.0000	6.0000	0.0000	derpy_mr_quicksilver_0
wh2_main_brt_resource_obsidian_1	derpy_effect_region_resource_quicksilver_production	building_to_building_own	6.0000	3.0000	0.0000	derpy_mr_quicksilver_0
wh2_main_brt_resource_obsidian_2	derpy_effect_region_resource_quicksilver_production	building_to_building_own	8.0000	4.0000	0.0000	derpy_mr_quicksilver_0
wh2_main_brt_resource_obsidian_3	derpy_effect_region_resource_quicksilver_production	building_to_building_own	12.0000	6.0000	0.0000	derpy_mr_quicksilver_0
wh2_main_def_resource_gems_1	derpy_effect_region_resource_quicksilver_production	building_to_building_own	6.0000	3.0000	0.0000	derpy_mr_quicksilver_0
wh2_main_def_resource_gems_2	derpy_effect_region_resource_quicksilver_production	building_to_building_own	8.0000	4.0000	0.0000	derpy_mr_quicksilver_0
wh2_main_def_resource_gems_3	derpy_effect_region_resource_quicksilver_production	building_to_building_own	12.0000	6.0000	0.0000	derpy_mr_quicksilver_0
wh2_main_def_resource_gold_1	derpy_effect_region_resource_quicksilver_production	building_to_building_own	6.0000	3.0000	0.0000	derpy_mr_quicksilver_0
wh2_main_def_resource_gold_2	derpy_effect_region_resource_quicksilver_production	building_to_building_own	8.0000	4.0000	0.0000	derpy_mr_quicksilver_0
wh2_main_def_resource_gold_3	derpy_effect_region_resource_quicksilver_production	building_to_building_own	12.0000	6.0000	0.0000	derpy_mr_quicksilver_0
wh2_main_def_resource_obsidian_1	derpy_effect_region_resource_quicksilver_production	building_to_building_own	6.0000	3.0000	0.0000	derpy_mr_quicksilver_0
wh2_main_def_resource_obsidian_2	derpy_effect_region_resource_quicksilver_production	building_to_building_own	8.0000	4.0000	0.0000	derpy_mr_quicksilver_0
wh2_main_def_resource_obsidian_3	derpy_effect_region_resource_quicksilver_production	building_to_building_own	12.0000	6.0000	0.0000	derpy_mr_quicksilver_0
wh2_main_dwf_resource_obsidian_1	derpy_effect_region_resource_quicksilver_production	building_to_building_own	6.0000	3.0000	0.0000	derpy_mr_quicksilver_0
wh2_main_dwf_resource_obsidian_2	derpy_effect_region_resource_quicksilver_production	building_to_building_own	8.0000	4.0000	0.0000	derpy_mr_quicksilver_0
wh2_main_dwf_resource_obsidian_3	derpy_effect_region_resource_quicksilver_production	building_to_building_own	12.0000	6.0000	0.0000	derpy_mr_quicksilver_0
wh2_main_dwf_resource_obsidian_4	derpy_effect_region_resource_quicksilver_production	building_to_building_own	12.0000	6.0000	0.0000	derpy_mr_quicksilver_0
wh2_main_emp_resource_obsidian_1	derpy_effect_region_resource_quicksilver_production	building_to_building_own	6.0000	3.0000	0.0000	derpy_mr_quicksilver_0
wh2_main_emp_resource_obsidian_2	derpy_effect_region_resource_quicksilver_production	building_to_building_own	8.0000	4.0000	0.0000	derpy_mr_quicksilver_0
wh2_main_emp_resource_obsidian_3	derpy_effect_region_resource_quicksilver_production	building_to_building_own	12.0000	6.0000	0.0000	derpy_mr_quicksilver_0
wh2_main_hef_resource_gems_1	derpy_effect_region_resource_quicksilver_production	building_to_building_own	6.0000	3.0000	0.0000	derpy_mr_quicksilver_0
wh2_main_hef_resource_gems_2	derpy_effect_region_resource_quicksilver_production	building_to_building_own	8.0000	4.0000	0.0000	derpy_mr_quicksilver_0
wh2_main_hef_resource_gems_3	derpy_effect_region_resource_quicksilver_production	building_to_building_own	12.0000	6.0000	0.0000	derpy_mr_quicksilver_0
wh2_main_hef_resource_gold_1	derpy_effect_region_resource_quicksilver_production	building_to_building_own	6.0000	3.0000	0.0000	derpy_mr_quicksilver_0
wh2_main_hef_resource_gold_2	derpy_effect_region_resource_quicksilver_production	building_to_building_own	8.0000	4.0000	0.0000	derpy_mr_quicksilver_0
wh2_main_hef_resource_gold_3	derpy_effect_region_resource_quicksilver_production	building_to_building_own	12.0000	6.0000	0.0000	derpy_mr_quicksilver_0
wh2_main_hef_resource_obsidian_1	derpy_effect_region_resource_quicksilver_production	building_to_building_own	6.0000	3.0000	0.0000	derpy_mr_quicksilver_0
wh2_main_hef_resource_obsidian_2	derpy_effect_region_resource_quicksilver_production	building_to_building_own	8.0000	4.0000	0.0000	derpy_mr_quicksilver_0
wh2_main_hef_resource_obsidian_3	derpy_effect_region_resource_quicksilver_production	building_to_building_own	12.0000	6.0000	0.0000	derpy_mr_quicksilver_0
wh2_main_lzd_resource_gems_1	derpy_effect_region_resource_quicksilver_production	building_to_building_own	6.0000	3.0000	0.0000	derpy_mr_quicksilver_0
wh2_main_lzd_resource_gems_2	derpy_effect_region_resource_quicksilver_production	building_to_building_own	8.0000	4.0000	0.0000	derpy_mr_quicksilver_0
wh2_main_lzd_resource_gems_3	derpy_effect_region_resource_quicksilver_production	building_to_building_own	12.0000	6.0000	0.0000	derpy_mr_quicksilver_0
wh2_main_lzd_resource_gold_1	derpy_effect_region_resource_quicksilver_production	building_to_building_own	6.0000	3.0000	0.0000	derpy_mr_quicksilver_0
wh2_main_lzd_resource_gold_2	derpy_effect_region_resource_quicksilver_production	building_to_building_own	8.0000	4.0000	0.0000	derpy_mr_quicksilver_0
wh2_main_lzd_resource_gold_3	derpy_effect_region_resource_quicksilver_production	building_to_building_own	12.0000	6.0000	0.0000	derpy_mr_quicksilver_0
wh2_main_lzd_resource_obsidian_1	derpy_effect_region_resource_quicksilver_production	building_to_building_own	6.0000	3.0000	0.0000	derpy_mr_quicksilver_0
wh2_main_lzd_resource_obsidian_2	derpy_effect_region_resource_quicksilver_production	building_to_building_own	8.0000	4.0000	0.0000	derpy_mr_quicksilver_0
wh2_main_lzd_resource_obsidian_3	derpy_effect_region_resource_quicksilver_production	building_to_building_own	12.0000	6.0000	0.0000	derpy_mr_quicksilver_0
wh2_main_skv_resource_gems_1	derpy_effect_region_resource_quicksilver_production	building_to_building_own	6.0000	3.0000	0.0000	derpy_mr_quicksilver_0
wh2_main_skv_resource_gems_2	derpy_effect_region_resource_quicksilver_production	building_to_building_own	8.0000	4.0000	0.0000	derpy_mr_quicksilver_0
wh2_main_skv_resource_gems_3	derpy_effect_region_resource_quicksilver_production	building_to_building_own	12.0000	6.0000	0.0000	derpy_mr_quicksilver_0
wh2_main_skv_resource_gold_1	derpy_effect_region_resource_quicksilver_production	building_to_building_own	6.0000	3.0000	0.0000	derpy_mr_quicksilver_0
wh2_main_skv_resource_gold_2	derpy_effect_region_resource_quicksilver_production	building_to_building_own	8.0000	4.0000	0.0000	derpy_mr_quicksilver_0
wh2_main_skv_resource_gold_3	derpy_effect_region_resource_quicksilver_production	building_to_building_own	12.0000	6.0000	0.0000	derpy_mr_quicksilver_0
wh2_main_skv_resource_obsidian_1	derpy_effect_region_resource_quicksilver_production	building_to_building_own	6.0000	3.0000	0.0000	derpy_mr_quicksilver_0
wh2_main_skv_resource_obsidian_2	derpy_effect_region_resource_quicksilver_production	building_to_building_own	8.0000	4.0000	0.0000	derpy_mr_quicksilver_0
wh2_main_skv_resource_obsidian_3	derpy_effect_region_resource_quicksilver_production	building_to_building_own	12.0000	6.0000	0.0000	derpy_mr_quicksilver_0
wh2_main_wef_resource_gems_1	derpy_effect_region_resource_quicksilver_production	building_to_building_own	6.0000	3.0000	0.0000	derpy_mr_quicksilver_0
wh2_main_wef_resource_obsidian_1	derpy_effect_region_resource_quicksilver_production	building_to_building_own	6.0000	3.0000	0.0000	derpy_mr_quicksilver_0
wh3_dlc20_woc_resource_gems_1	derpy_effect_region_resource_quicksilver_production	building_to_building_own	6.0000	3.0000	0.0000	derpy_mr_quicksilver_0
wh3_dlc20_woc_resource_gold_1	derpy_effect_region_resource_quicksilver_production	building_to_building_own	6.0000	3.0000	0.0000	derpy_mr_quicksilver_0
wh3_dlc20_woc_resource_obsidian_1	derpy_effect_region_resource_quicksilver_production	building_to_building_own	6.0000	3.0000	0.0000	derpy_mr_quicksilver_0
wh3_dlc23_chd_resource_gems_1	derpy_effect_region_resource_quicksilver_production	building_to_building_own	6.0000	3.0000	0.0000	derpy_mr_quicksilver_0
wh3_dlc23_chd_resource_gold_1	derpy_effect_region_resource_quicksilver_production	building_to_building_own	6.0000	3.0000	0.0000	derpy_mr_quicksilver_0
wh3_dlc23_chd_resource_gold_2	derpy_effect_region_resource_quicksilver_production	building_to_building_own	8.0000	4.0000	0.0000	derpy_mr_quicksilver_0
wh3_dlc23_chd_resource_gold_3	derpy_effect_region_resource_quicksilver_production	building_to_building_own	12.0000	6.0000	0.0000	derpy_mr_quicksilver_0
wh3_dlc23_chd_resource_obsidian_1	derpy_effect_region_resource_quicksilver_production	building_to_building_own	6.0000	3.0000	0.0000	derpy_mr_quicksilver_0
wh3_main_cth_resource_gems_1	derpy_effect_region_resource_quicksilver_production	building_to_building_own	6.0000	3.0000	0.0000	derpy_mr_quicksilver_0
wh3_main_cth_resource_gems_2	derpy_effect_region_resource_quicksilver_production	building_to_building_own	8.0000	4.0000	0.0000	derpy_mr_quicksilver_0
wh3_main_cth_resource_gems_3	derpy_effect_region_resource_quicksilver_production	building_to_building_own	12.0000	6.0000	0.0000	derpy_mr_quicksilver_0
wh3_main_cth_resource_gold_1	derpy_effect_region_resource_quicksilver_production	building_to_building_own	6.0000	3.0000	0.0000	derpy_mr_quicksilver_0
wh3_main_cth_resource_gold_2	derpy_effect_region_resource_quicksilver_production	building_to_building_own	8.0000	4.0000	0.0000	derpy_mr_quicksilver_0
wh3_main_cth_resource_gold_3	derpy_effect_region_resource_quicksilver_production	building_to_building_own	12.0000	6.0000	0.0000	derpy_mr_quicksilver_0
wh3_main_cth_resource_obsidian_1	derpy_effect_region_resource_quicksilver_production	building_to_building_own	6.0000	3.0000	0.0000	derpy_mr_quicksilver_0
wh3_main_cth_resource_obsidian_2	derpy_effect_region_resource_quicksilver_production	building_to_building_own	8.0000	4.0000	0.0000	derpy_mr_quicksilver_0
wh3_main_cth_resource_obsidian_3	derpy_effect_region_resource_quicksilver_production	building_to_building_own	12.0000	6.0000	0.0000	derpy_mr_quicksilver_0
wh3_main_ie_NORSCA_resource_gemstones	derpy_effect_region_resource_quicksilver_production	building_to_building_own	6.0000	3.0000	0.0000	derpy_mr_quicksilver_0
wh3_main_ie_NORSCA_resource_gold	derpy_effect_region_resource_quicksilver_production	building_to_building_own	6.0000	3.0000	0.0000	derpy_mr_quicksilver_0
wh3_main_ksl_resource_gems_1	derpy_effect_region_resource_quicksilver_production	building_to_building_own	6.0000	3.0000	0.0000	derpy_mr_quicksilver_0
wh3_main_ksl_resource_gems_2	derpy_effect_region_resource_quicksilver_production	building_to_building_own	8.0000	4.0000	0.0000	derpy_mr_quicksilver_0
wh3_main_ksl_resource_gems_3	derpy_effect_region_resource_quicksilver_production	building_to_building_own	12.0000	6.0000	0.0000	derpy_mr_quicksilver_0
wh3_main_ksl_resource_gold_1	derpy_effect_region_resource_quicksilver_production	building_to_building_own	6.0000	3.0000	0.0000	derpy_mr_quicksilver_0
wh3_main_ksl_resource_gold_2	derpy_effect_region_resource_quicksilver_production	building_to_building_own	8.0000	4.0000	0.0000	derpy_mr_quicksilver_0
wh3_main_ksl_resource_gold_3	derpy_effect_region_resource_quicksilver_production	building_to_building_own	12.0000	6.0000	0.0000	derpy_mr_quicksilver_0
wh3_main_ksl_resource_obsidian_1	derpy_effect_region_resource_quicksilver_production	building_to_building_own	6.0000	3.0000	0.0000	derpy_mr_quicksilver_0
wh3_main_ksl_resource_obsidian_2	derpy_effect_region_resource_quicksilver_production	building_to_building_own	8.0000	4.0000	0.0000	derpy_mr_quicksilver_0
wh3_main_ksl_resource_obsidian_3	derpy_effect_region_resource_quicksilver_production	building_to_building_own	12.0000	6.0000	0.0000	derpy_mr_quicksilver_0
wh3_main_ogr_resource_gems_1	derpy_effect_region_resource_quicksilver_production	building_to_building_own	6.0000	3.0000	0.0000	derpy_mr_quicksilver_0
wh3_main_ogr_resource_gems_2	derpy_effect_region_resource_quicksilver_production	building_to_building_own	8.0000	4.0000	0.0000	derpy_mr_quicksilver_0
wh3_main_ogr_resource_gems_3	derpy_effect_region_resource_quicksilver_production	building_to_building_own	12.0000	6.0000	0.0000	derpy_mr_quicksilver_0
wh3_main_ogr_resource_gold_1	derpy_effect_region_resource_quicksilver_production	building_to_building_own	6.0000	3.0000	0.0000	derpy_mr_quicksilver_0
wh3_main_ogr_resource_gold_2	derpy_effect_region_resource_quicksilver_production	building_to_building_own	8.0000	4.0000	0.0000	derpy_mr_quicksilver_0
wh3_main_ogr_resource_gold_3	derpy_effect_region_resource_quicksilver_production	building_to_building_own	12.0000	6.0000	0.0000	derpy_mr_quicksilver_0
wh3_main_ogr_resource_obsidian_1	derpy_effect_region_resource_quicksilver_production	building_to_building_own	6.0000	3.0000	0.0000	derpy_mr_quicksilver_0
wh3_main_ogr_resource_obsidian_2	derpy_effect_region_resource_quicksilver_production	building_to_building_own	8.0000	4.0000	0.0000	derpy_mr_quicksilver_0
wh3_main_ogr_resource_obsidian_3	derpy_effect_region_resource_quicksilver_production	building_to_building_own	12.0000	6.0000	0.0000	derpy_mr_quicksilver_0
wh_dlc05_wef_resource_gold_1	derpy_effect_region_resource_quicksilver_production	building_to_building_own	6.0000	3.0000	0.0000	derpy_mr_quicksilver_0
wh_main_dwf_resource_gems_1	derpy_effect_region_resource_quicksilver_production	building_to_building_own	6.0000	3.0000	0.0000	derpy_mr_quicksilver_0
wh_main_dwf_resource_gems_2	derpy_effect_region_resource_quicksilver_production	building_to_building_own	8.0000	4.0000	0.0000	derpy_mr_quicksilver_0
wh_main_dwf_resource_gems_3	derpy_effect_region_resource_quicksilver_production	building_to_building_own	12.0000	6.0000	0.0000	derpy_mr_quicksilver_0
wh_main_dwf_resource_gems_4	derpy_effect_region_resource_quicksilver_production	building_to_building_own	12.0000	6.0000	0.0000	derpy_mr_quicksilver_0
wh_main_dwf_resource_gold_1	derpy_effect_region_resource_quicksilver_production	building_to_building_own	6.0000	3.0000	0.0000	derpy_mr_quicksilver_0
wh_main_dwf_resource_gold_2	derpy_effect_region_resource_quicksilver_production	building_to_building_own	8.0000	4.0000	0.0000	derpy_mr_quicksilver_0
wh_main_dwf_resource_gold_3	derpy_effect_region_resource_quicksilver_production	building_to_building_own	12.0000	6.0000	0.0000	derpy_mr_quicksilver_0
wh_main_dwf_resource_gold_4	derpy_effect_region_resource_quicksilver_production	building_to_building_own	12.0000	6.0000	0.0000	derpy_mr_quicksilver_0
wh_main_grn_resource_gems_1	derpy_effect_region_resource_quicksilver_production	building_to_building_own	6.0000	3.0000	0.0000	derpy_mr_quicksilver_0
wh_main_grn_resource_gems_2	derpy_effect_region_resource_quicksilver_production	building_to_building_own	8.0000	4.0000	0.0000	derpy_mr_quicksilver_0
wh_main_grn_resource_gems_3	derpy_effect_region_resource_quicksilver_production	building_to_building_own	12.0000	6.0000	0.0000	derpy_mr_quicksilver_0
wh_main_grn_resource_gold_1	derpy_effect_region_resource_quicksilver_production	building_to_building_own	6.0000	3.0000	0.0000	derpy_mr_quicksilver_0
wh_main_grn_resource_gold_2	derpy_effect_region_resource_quicksilver_production	building_to_building_own	8.0000	4.0000	0.0000	derpy_mr_quicksilver_0
wh_main_grn_resource_gold_3	derpy_effect_region_resource_quicksilver_production	building_to_building_own	12.0000	6.0000	0.0000	derpy_mr_quicksilver_0
wh_main_emp_resource_gold_1	derpy_effect_region_resource_quicksilver_production	building_to_building_own	6.0000	3.0000	0.0000	derpy_mr_quicksilver_0
wh_main_emp_resource_gold_2	derpy_effect_region_resource_quicksilver_production	building_to_building_own	8.0000	4.0000	0.0000	derpy_mr_quicksilver_0
wh_main_emp_resource_gold_3	derpy_effect_region_resource_quicksilver_production	building_to_building_own	12.0000	6.0000	0.0000	derpy_mr_quicksilver_0
wh_dlc08_nor_resource_obsidian_1	derpy_effect_region_resource_quicksilver_production	building_to_building_own	6.0000	3.0000	0.0000	derpy_mr_quicksilver_0
wh_main_vmp_resource_gold_1	derpy_effect_region_resource_quicksilver_production	building_to_building_own	6.0000	3.0000	0.0000	derpy_mr_quicksilver_0
wh_main_vmp_resource_gold_2	derpy_effect_region_resource_quicksilver_production	building_to_building_own	8.0000	4.0000	0.0000	derpy_mr_quicksilver_0
wh_main_vmp_resource_gold_3	derpy_effect_region_resource_quicksilver_production	building_to_building_own	12.0000	6.0000	0.0000	derpy_mr_quicksilver_0
wh_main_vmp_resource_gold_mannfred_1	derpy_effect_region_resource_quicksilver_production	building_to_building_own	6.0000	3.0000	0.0000	derpy_mr_quicksilver_0
wh_main_vmp_resource_gold_mannfred_2	derpy_effect_region_resource_quicksilver_production	building_to_building_own	8.0000	4.0000	0.0000	derpy_mr_quicksilver_0
wh_main_vmp_resource_gold_mannfred_3	derpy_effect_region_resource_quicksilver_production	building_to_building_own	12.0000	6.0000	0.0000	derpy_mr_quicksilver_0
wh2_dlc11_cst_resource_obsidian_1	derpy_effect_region_resource_brimstone_production	building_to_building_own	6.0000	3.0000	0.0000	
wh2_main_vmp_resource_obsidian_1	derpy_effect_region_resource_brimstone_production	building_to_building_own	6.0000	3.0000	0.0000	
wh2_main_vmp_resource_obsidian_2	derpy_effect_region_resource_brimstone_production	building_to_building_own	8.0000	4.0000	0.0000	
wh2_main_vmp_resource_obsidian_3	derpy_effect_region_resource_brimstone_production	building_to_building_own	12.0000	6.0000	0.0000	
wh2_main_brt_resource_obsidian_1	derpy_effect_region_resource_brimstone_production	building_to_building_own	6.0000	3.0000	0.0000	
wh2_main_brt_resource_obsidian_2	derpy_effect_region_resource_brimstone_production	building_to_building_own	8.0000	4.0000	0.0000	
wh2_main_brt_resource_obsidian_3	derpy_effect_region_resource_brimstone_production	building_to_building_own	12.0000	6.0000	0.0000	
wh2_main_def_resource_obsidian_1	derpy_effect_region_resource_brimstone_production	building_to_building_own	6.0000	3.0000	0.0000	
wh2_main_def_resource_obsidian_2	derpy_effect_region_resource_brimstone_production	building_to_building_own	8.0000	4.0000	0.0000	
wh2_main_def_resource_obsidian_3	derpy_effect_region_resource_brimstone_production	building_to_building_own	12.0000	6.0000	0.0000	
wh2_main_dwf_resource_obsidian_1	derpy_effect_region_resource_brimstone_production	building_to_building_own	6.0000	3.0000	0.0000	
wh2_main_dwf_resource_obsidian_2	derpy_effect_region_resource_brimstone_production	building_to_building_own	8.0000	4.0000	0.0000	
wh2_main_dwf_resource_obsidian_3	derpy_effect_region_resource_brimstone_production	building_to_building_own	12.0000	6.0000	0.0000	
wh2_main_dwf_resource_obsidian_4	derpy_effect_region_resource_brimstone_production	building_to_building_own	12.0000	6.0000	0.0000	
wh2_main_emp_resource_obsidian_1	derpy_effect_region_resource_brimstone_production	building_to_building_own	6.0000	3.0000	0.0000	
wh2_main_emp_resource_obsidian_2	derpy_effect_region_resource_brimstone_production	building_to_building_own	8.0000	4.0000	0.0000	
wh2_main_emp_resource_obsidian_3	derpy_effect_region_resource_brimstone_production	building_to_building_own	12.0000	6.0000	0.0000	
wh2_main_hef_resource_obsidian_1	derpy_effect_region_resource_brimstone_production	building_to_building_own	6.0000	3.0000	0.0000	
wh2_main_hef_resource_obsidian_2	derpy_effect_region_resource_brimstone_production	building_to_building_own	8.0000	4.0000	0.0000	
wh2_main_hef_resource_obsidian_3	derpy_effect_region_resource_brimstone_production	building_to_building_own	12.0000	6.0000	0.0000	
wh2_main_lzd_resource_obsidian_1	derpy_effect_region_resource_brimstone_production	building_to_building_own	6.0000	3.0000	0.0000	
wh2_main_lzd_resource_obsidian_2	derpy_effect_region_resource_brimstone_production	building_to_building_own	8.0000	4.0000	0.0000	
wh2_main_lzd_resource_obsidian_3	derpy_effect_region_resource_brimstone_production	building_to_building_own	12.0000	6.0000	0.0000	
wh2_main_skv_resource_obsidian_1	derpy_effect_region_resource_brimstone_production	building_to_building_own	6.0000	3.0000	0.0000	
wh2_main_skv_resource_obsidian_2	derpy_effect_region_resource_brimstone_production	building_to_building_own	8.0000	4.0000	0.0000	
wh2_main_skv_resource_obsidian_3	derpy_effect_region_resource_brimstone_production	building_to_building_own	12.0000	6.0000	0.0000	
wh2_main_wef_resource_obsidian_1	derpy_effect_region_resource_brimstone_production	building_to_building_own	6.0000	3.0000	0.0000	
wh3_dlc20_woc_resource_obsidian_1	derpy_effect_region_resource_brimstone_production	building_to_building_own	6.0000	3.0000	0.0000	
wh3_dlc23_chd_resource_obsidian_1	derpy_effect_region_resource_brimstone_production	building_to_building_own	6.0000	3.0000	0.0000	
wh3_main_cth_resource_obsidian_1	derpy_effect_region_resource_brimstone_production	building_to_building_own	6.0000	3.0000	0.0000	
wh3_main_cth_resource_obsidian_2	derpy_effect_region_resource_brimstone_production	building_to_building_own	8.0000	4.0000	0.0000	
wh3_main_cth_resource_obsidian_3	derpy_effect_region_resource_brimstone_production	building_to_building_own	12.0000	6.0000	0.0000	
wh3_main_ksl_resource_obsidian_1	derpy_effect_region_resource_brimstone_production	building_to_building_own	6.0000	3.0000	0.0000	
wh3_main_ksl_resource_obsidian_2	derpy_effect_region_resource_brimstone_production	building_to_building_own	8.0000	4.0000	0.0000	
wh3_main_ksl_resource_obsidian_3	derpy_effect_region_resource_brimstone_production	building_to_building_own	12.0000	6.0000	0.0000	
wh3_main_ogr_resource_obsidian_1	derpy_effect_region_resource_brimstone_production	building_to_building_own	6.0000	3.0000	0.0000	
wh3_main_ogr_resource_obsidian_2	derpy_effect_region_resource_brimstone_production	building_to_building_own	8.0000	4.0000	0.0000	
wh3_main_ogr_resource_obsidian_3	derpy_effect_region_resource_brimstone_production	building_to_building_own	12.0000	6.0000	0.0000	
wh_dlc08_nor_resource_obsidian_1	derpy_effect_region_resource_brimstone_production	building_to_building_own	6.0000	3.0000	0.0000	
wh3_dlc23_chd_factory_drills_1	derpy_effect_region_resource_brimstone_production	building_to_building_own	6.0000	3.0000	0.0000	derpy_mr_brimstone_1
wh3_dlc23_chd_factory_drills_2	derpy_effect_region_resource_brimstone_production	building_to_building_own	8.0000	4.0000	0.0000	derpy_mr_brimstone_1
wh3_dlc23_chd_outpost_mine_1	derpy_effect_region_resource_brimstone_production	building_to_building_own	6.0000	3.0000	0.0000	derpy_mr_brimstone_1
wh3_dlc23_chd_outpost_mine_2	derpy_effect_region_resource_brimstone_production	building_to_building_own	8.0000	4.0000	0.0000	derpy_mr_brimstone_1
wh3_dlc23_chd_outpost_mine_3	derpy_effect_region_resource_brimstone_production	building_to_building_own	12.0000	6.0000	0.0000	derpy_mr_brimstone_1
wh3_dlc23_chd_factory_assembly_line_1	derpy_effect_region_resource_brass_production	building_to_building_own	6.0000	3.0000	0.0000	derpy_mr_brass_0
wh3_dlc23_chd_factory_assembly_line_2	derpy_effect_region_resource_brass_production	building_to_building_own	8.0000	4.0000	0.0000	derpy_mr_brass_0
wh3_dlc23_chd_factory_assembly_line_3	derpy_effect_region_resource_brass_production	building_to_building_own	12.0000	6.0000	0.0000	derpy_mr_brass_0
wh3_dlc23_chd_tower_furnace_1	derpy_effect_region_resource_brass_production	building_to_building_own	6.0000	3.0000	0.0000	derpy_mr_brass_0
wh3_dlc23_chd_tower_furnace_2	derpy_effect_region_resource_brass_production	building_to_building_own	8.0000	4.0000	0.0000	derpy_mr_brass_0
wh_main_dwf_industry_1	derpy_effect_region_resource_brass_production	building_to_building_own	6.0000	3.0000	0.0000	derpy_mr_brass_0
wh_main_dwf_industry_2	derpy_effect_region_resource_brass_production	building_to_building_own	8.0000	4.0000	0.0000	derpy_mr_brass_0
wh_main_dwf_industry_3	derpy_effect_region_resource_brass_production	building_to_building_own	12.0000	6.0000	0.0000	derpy_mr_brass_0
wh_main_dwf_industry_4	derpy_effect_region_resource_brass_production	building_to_building_own	12.0000	6.0000	0.0000	derpy_mr_brass_0
wh_main_dwf_industry_5	derpy_effect_region_resource_brass_production	building_to_building_own	12.0000	6.0000	0.0000	derpy_mr_brass_0
wh2_dlc11_cst_resource_iron_1	derpy_effect_region_resource_brass_production	building_to_building_own	6.0000	3.0000	0.0000	derpy_mr_brass_1
wh2_main_brt_resource_iron_1	derpy_effect_region_resource_brass_production	building_to_building_own	6.0000	3.0000	0.0000	derpy_mr_brass_1
wh2_main_brt_resource_iron_2	derpy_effect_region_resource_brass_production	building_to_building_own	8.0000	4.0000	0.0000	derpy_mr_brass_1
wh2_main_brt_resource_iron_3	derpy_effect_region_resource_brass_production	building_to_building_own	12.0000	6.0000	0.0000	derpy_mr_brass_1
wh2_main_def_resource_iron_1	derpy_effect_region_resource_brass_production	building_to_building_own	6.0000	3.0000	0.0000	derpy_mr_brass_1
wh2_main_def_resource_iron_2	derpy_effect_region_resource_brass_production	building_to_building_own	8.0000	4.0000	0.0000	derpy_mr_brass_1
wh2_main_def_resource_iron_3	derpy_effect_region_resource_brass_production	building_to_building_own	12.0000	6.0000	0.0000	derpy_mr_brass_1
wh2_main_hef_resource_iron_1	derpy_effect_region_resource_brass_production	building_to_building_own	6.0000	3.0000	0.0000	derpy_mr_brass_1
wh2_main_hef_resource_iron_2	derpy_effect_region_resource_brass_production	building_to_building_own	8.0000	4.0000	0.0000	derpy_mr_brass_1
wh2_main_hef_resource_iron_3	derpy_effect_region_resource_brass_production	building_to_building_own	12.0000	6.0000	0.0000	derpy_mr_brass_1
wh2_main_lzd_resource_iron_1	derpy_effect_region_resource_brass_production	building_to_building_own	6.0000	3.0000	0.0000	derpy_mr_brass_1
wh2_main_lzd_resource_iron_2	derpy_effect_region_resource_brass_production	building_to_building_own	8.0000	4.0000	0.0000	derpy_mr_brass_1
wh2_main_lzd_resource_iron_3	derpy_effect_region_resource_brass_production	building_to_building_own	12.0000	6.0000	0.0000	derpy_mr_brass_1
wh2_main_skv_resource_iron_1	derpy_effect_region_resource_brass_production	building_to_building_own	6.0000	3.0000	0.0000	derpy_mr_brass_1
wh2_main_skv_resource_iron_2	derpy_effect_region_resource_brass_production	building_to_building_own	8.0000	4.0000	0.0000	derpy_mr_brass_1
wh2_main_skv_resource_iron_3	derpy_effect_region_resource_brass_production	building_to_building_own	12.0000	6.0000	0.0000	derpy_mr_brass_1
wh3_dlc20_woc_resource_iron_1	derpy_effect_region_resource_brass_production	building_to_building_own	6.0000	3.0000	0.0000	derpy_mr_brass_1
wh3_dlc23_chd_resource_iron_1	derpy_effect_region_resource_brass_production	building_to_building_own	6.0000	3.0000	0.0000	derpy_mr_brass_1
wh3_main_cth_resource_iron_1	derpy_effect_region_resource_brass_production	building_to_building_own	6.0000	3.0000	0.0000	derpy_mr_brass_1
wh3_main_cth_resource_iron_2	derpy_effect_region_resource_brass_production	building_to_building_own	8.0000	4.0000	0.0000	derpy_mr_brass_1
wh3_main_cth_resource_iron_3	derpy_effect_region_resource_brass_production	building_to_building_own	12.0000	6.0000	0.0000	derpy_mr_brass_1
wh3_main_ksl_resource_iron_1	derpy_effect_region_resource_brass_production	building_to_building_own	6.0000	3.0000	0.0000	derpy_mr_brass_1
wh3_main_ksl_resource_iron_2	derpy_effect_region_resource_brass_production	building_to_building_own	8.0000	4.0000	0.0000	derpy_mr_brass_1
wh3_main_ksl_resource_iron_3	derpy_effect_region_resource_brass_production	building_to_building_own	12.0000	6.0000	0.0000	derpy_mr_brass_1
wh3_main_ogr_resource_iron_1	derpy_effect_region_resource_brass_production	building_to_building_own	6.0000	3.0000	0.0000	derpy_mr_brass_1
wh3_main_ogr_resource_iron_2	derpy_effect_region_resource_brass_production	building_to_building_own	8.0000	4.0000	0.0000	derpy_mr_brass_1
wh3_main_ogr_resource_iron_3	derpy_effect_region_resource_brass_production	building_to_building_own	12.0000	6.0000	0.0000	derpy_mr_brass_1
wh_dlc05_wef_resource_iron_1	derpy_effect_region_resource_brass_production	building_to_building_own	6.0000	3.0000	0.0000	derpy_mr_brass_1
wh_main_dwf_resource_iron_1	derpy_effect_region_resource_brass_production	building_to_building_own	6.0000	3.0000	0.0000	derpy_mr_brass_1
wh_main_dwf_resource_iron_2	derpy_effect_region_resource_brass_production	building_to_building_own	8.0000	4.0000	0.0000	derpy_mr_brass_1
wh_main_dwf_resource_iron_3	derpy_effect_region_resource_brass_production	building_to_building_own	12.0000	6.0000	0.0000	derpy_mr_brass_1
wh_main_dwf_resource_iron_4	derpy_effect_region_resource_brass_production	building_to_building_own	12.0000	6.0000	0.0000	derpy_mr_brass_1
wh_main_emp_resource_iron_1	derpy_effect_region_resource_brass_production	building_to_building_own	6.0000	3.0000	0.0000	derpy_mr_brass_1
wh_main_emp_resource_iron_2	derpy_effect_region_resource_brass_production	building_to_building_own	8.0000	4.0000	0.0000	derpy_mr_brass_1
wh_main_emp_resource_iron_3	derpy_effect_region_resource_brass_production	building_to_building_own	12.0000	6.0000	0.0000	derpy_mr_brass_1
wh_dlc08_nor_resource_iron_1	derpy_effect_region_resource_brass_production	building_to_building_own	6.0000	3.0000	0.0000	derpy_mr_brass_1
wh_main_vmp_resource_iron_1	derpy_effect_region_resource_brass_production	building_to_building_own	6.0000	3.0000	0.0000	derpy_mr_brass_1
wh_main_vmp_resource_iron_2	derpy_effect_region_resource_brass_production	building_to_building_own	8.0000	4.0000	0.0000	derpy_mr_brass_1
wh_main_vmp_resource_iron_3	derpy_effect_region_resource_brass_production	building_to_building_own	12.0000	6.0000	0.0000	derpy_mr_brass_1
wh2_dlc11_cst_resource_salt_1	derpy_effect_region_resource_blackpowder_production	building_to_building_own	6.0000	3.0000	0.0000	derpy_mr_blackpowder_0
wh2_main_brt_resource_salt_1	derpy_effect_region_resource_blackpowder_production	building_to_building_own	6.0000	3.0000	0.0000	derpy_mr_blackpowder_0
wh2_main_brt_resource_salt_2	derpy_effect_region_resource_blackpowder_production	building_to_building_own	8.0000	4.0000	0.0000	derpy_mr_blackpowder_0
wh2_main_brt_resource_salt_3	derpy_effect_region_resource_blackpowder_production	building_to_building_own	12.0000	6.0000	0.0000	derpy_mr_blackpowder_0
wh2_main_def_resource_salt_1	derpy_effect_region_resource_blackpowder_production	building_to_building_own	6.0000	3.0000	0.0000	derpy_mr_blackpowder_0
wh2_main_def_resource_salt_2	derpy_effect_region_resource_blackpowder_production	building_to_building_own	8.0000	4.0000	0.0000	derpy_mr_blackpowder_0
wh2_main_def_resource_salt_3	derpy_effect_region_resource_blackpowder_production	building_to_building_own	12.0000	6.0000	0.0000	derpy_mr_blackpowder_0
wh2_main_hef_resource_salt_1	derpy_effect_region_resource_blackpowder_production	building_to_building_own	6.0000	3.0000	0.0000	derpy_mr_blackpowder_0
wh2_main_hef_resource_salt_2	derpy_effect_region_resource_blackpowder_production	building_to_building_own	8.0000	4.0000	0.0000	derpy_mr_blackpowder_0
wh2_main_hef_resource_salt_3	derpy_effect_region_resource_blackpowder_production	building_to_building_own	12.0000	6.0000	0.0000	derpy_mr_blackpowder_0
wh2_main_lzd_resource_salt_1	derpy_effect_region_resource_blackpowder_production	building_to_building_own	6.0000	3.0000	0.0000	derpy_mr_blackpowder_0
wh2_main_lzd_resource_salt_2	derpy_effect_region_resource_blackpowder_production	building_to_building_own	8.0000	4.0000	0.0000	derpy_mr_blackpowder_0
wh2_main_lzd_resource_salt_3	derpy_effect_region_resource_blackpowder_production	building_to_building_own	12.0000	6.0000	0.0000	derpy_mr_blackpowder_0
wh2_main_skv_resource_salt_1	derpy_effect_region_resource_blackpowder_production	building_to_building_own	6.0000	3.0000	0.0000	derpy_mr_blackpowder_0
wh2_main_skv_resource_salt_2	derpy_effect_region_resource_blackpowder_production	building_to_building_own	8.0000	4.0000	0.0000	derpy_mr_blackpowder_0
wh2_main_skv_resource_salt_3	derpy_effect_region_resource_blackpowder_production	building_to_building_own	12.0000	6.0000	0.0000	derpy_mr_blackpowder_0
wh3_dlc20_woc_resource_salt_1	derpy_effect_region_resource_blackpowder_production	building_to_building_own	6.0000	3.0000	0.0000	derpy_mr_blackpowder_0
wh3_dlc23_chd_resource_salt_1	derpy_effect_region_resource_blackpowder_production	building_to_building_own	6.0000	3.0000	0.0000	derpy_mr_blackpowder_0
wh3_dlc23_chd_resource_salt_2	derpy_effect_region_resource_blackpowder_production	building_to_building_own	8.0000	4.0000	0.0000	derpy_mr_blackpowder_0
wh3_dlc23_chd_resource_salt_3	derpy_effect_region_resource_blackpowder_production	building_to_building_own	12.0000	6.0000	0.0000	derpy_mr_blackpowder_0
wh3_main_cth_resource_salt_1	derpy_effect_region_resource_blackpowder_production	building_to_building_own	6.0000	3.0000	0.0000	derpy_mr_blackpowder_0
wh3_main_cth_resource_salt_2	derpy_effect_region_resource_blackpowder_production	building_to_building_own	8.0000	4.0000	0.0000	derpy_mr_blackpowder_0
wh3_main_cth_resource_salt_3	derpy_effect_region_resource_blackpowder_production	building_to_building_own	12.0000	6.0000	0.0000	derpy_mr_blackpowder_0
wh3_main_ie_NORSCA_resource_salt	derpy_effect_region_resource_blackpowder_production	building_to_building_own	6.0000	3.0000	0.0000	derpy_mr_blackpowder_0
wh3_main_ksl_resource_salt_1	derpy_effect_region_resource_blackpowder_production	building_to_building_own	6.0000	3.0000	0.0000	derpy_mr_blackpowder_0
wh3_main_ksl_resource_salt_2	derpy_effect_region_resource_blackpowder_production	building_to_building_own	8.0000	4.0000	0.0000	derpy_mr_blackpowder_0
wh3_main_ksl_resource_salt_3	derpy_effect_region_resource_blackpowder_production	building_to_building_own	12.0000	6.0000	0.0000	derpy_mr_blackpowder_0
wh3_main_ogr_resource_salt_1	derpy_effect_region_resource_blackpowder_production	building_to_building_own	6.0000	3.0000	0.0000	derpy_mr_blackpowder_0
wh3_main_ogr_resource_salt_2	derpy_effect_region_resource_blackpowder_production	building_to_building_own	8.0000	4.0000	0.0000	derpy_mr_blackpowder_0
wh3_main_ogr_resource_salt_3	derpy_effect_region_resource_blackpowder_production	building_to_building_own	12.0000	6.0000	0.0000	derpy_mr_blackpowder_0
wh_dlc05_wef_resource_salt_1	derpy_effect_region_resource_blackpowder_production	building_to_building_own	6.0000	3.0000	0.0000	derpy_mr_blackpowder_0
wh_main_dwf_resource_salt_1	derpy_effect_region_resource_blackpowder_production	building_to_building_own	6.0000	3.0000	0.0000	derpy_mr_blackpowder_0
wh_main_dwf_resource_salt_2	derpy_effect_region_resource_blackpowder_production	building_to_building_own	8.0000	4.0000	0.0000	derpy_mr_blackpowder_0
wh_main_dwf_resource_salt_3	derpy_effect_region_resource_blackpowder_production	building_to_building_own	12.0000	6.0000	0.0000	derpy_mr_blackpowder_0
wh_main_dwf_resource_salt_4	derpy_effect_region_resource_blackpowder_production	building_to_building_own	12.0000	6.0000	0.0000	derpy_mr_blackpowder_0
wh_main_emp_resource_salt_1	derpy_effect_region_resource_blackpowder_production	building_to_building_own	6.0000	3.0000	0.0000	derpy_mr_blackpowder_0
wh_main_emp_resource_salt_2	derpy_effect_region_resource_blackpowder_production	building_to_building_own	8.0000	4.0000	0.0000	derpy_mr_blackpowder_0
wh_main_emp_resource_salt_3	derpy_effect_region_resource_blackpowder_production	building_to_building_own	12.0000	6.0000	0.0000	derpy_mr_blackpowder_0
wh_main_vmp_resource_salt_1	derpy_effect_region_resource_blackpowder_production	building_to_building_own	6.0000	3.0000	0.0000	derpy_mr_blackpowder_0
wh_main_vmp_resource_salt_2	derpy_effect_region_resource_blackpowder_production	building_to_building_own	8.0000	4.0000	0.0000	derpy_mr_blackpowder_0
wh_main_vmp_resource_salt_3	derpy_effect_region_resource_blackpowder_production	building_to_building_own	12.0000	6.0000	0.0000	derpy_mr_blackpowder_0
wh2_dlc11_special_settlement_galleons_graveyard_1	derpy_effect_region_resource_blackpowder_production	building_to_building_own	4.0000	2.0000	0.0000	derpy_mr_blackpowder_1
wh2_dlc11_special_settlement_galleons_graveyard_2	derpy_effect_region_resource_blackpowder_production	building_to_building_own	6.0000	3.0000	0.0000	derpy_mr_blackpowder_1
wh2_dlc11_special_settlement_galleons_graveyard_3	derpy_effect_region_resource_blackpowder_production	building_to_building_own	8.0000	4.0000	0.0000	derpy_mr_blackpowder_1
wh2_dlc11_special_settlement_galleons_graveyard_4	derpy_effect_region_resource_blackpowder_production	building_to_building_own	10.0000	5.0000	0.0000	derpy_mr_blackpowder_1
wh2_dlc11_special_settlement_galleons_graveyard_5	derpy_effect_region_resource_blackpowder_production	building_to_building_own	12.0000	6.0000	0.0000	derpy_mr_blackpowder_1
wh2_dlc11_special_settlement_galleons_graveyard_other_1	derpy_effect_region_resource_blackpowder_production	building_to_building_own	4.0000	2.0000	0.0000	derpy_mr_blackpowder_1
wh2_dlc11_vampirecoast_settlement_major_1	derpy_effect_region_resource_blackpowder_production	building_to_building_own	4.0000	2.0000	0.0000	derpy_mr_blackpowder_1
wh2_dlc11_vampirecoast_settlement_major_2	derpy_effect_region_resource_blackpowder_production	building_to_building_own	6.0000	3.0000	0.0000	derpy_mr_blackpowder_1
wh2_dlc11_vampirecoast_settlement_major_3	derpy_effect_region_resource_blackpowder_production	building_to_building_own	8.0000	4.0000	0.0000	derpy_mr_blackpowder_1
wh2_dlc11_vampirecoast_settlement_major_4	derpy_effect_region_resource_blackpowder_production	building_to_building_own	10.0000	5.0000	0.0000	derpy_mr_blackpowder_1
wh2_dlc11_vampirecoast_settlement_major_5	derpy_effect_region_resource_blackpowder_production	building_to_building_own	12.0000	6.0000	0.0000	derpy_mr_blackpowder_1
wh2_dlc11_vampirecoast_settlement_minor_1	derpy_effect_region_resource_blackpowder_production	building_to_building_own	4.0000	2.0000	0.0000	derpy_mr_blackpowder_1
wh2_dlc11_vampirecoast_settlement_minor_2	derpy_effect_region_resource_blackpowder_production	building_to_building_own	6.0000	3.0000	0.0000	derpy_mr_blackpowder_1
wh2_dlc11_vampirecoast_settlement_minor_3	derpy_effect_region_resource_blackpowder_production	building_to_building_own	8.0000	4.0000	0.0000	derpy_mr_blackpowder_1
wh2_dlc13_lzd_nakai_settlement_major_1	derpy_effect_region_resource_blackpowder_production	building_to_building_own	4.0000	2.0000	0.0000	derpy_mr_blackpowder_1
wh2_dlc13_lzd_nakai_settlement_minor_1	derpy_effect_region_resource_blackpowder_production	building_to_building_own	4.0000	2.0000	0.0000	derpy_mr_blackpowder_1
wh2_dlc15_special_settlement_massif_orcal_brt_1	derpy_effect_region_resource_blackpowder_production	building_to_building_own	4.0000	2.0000	0.0000	derpy_mr_blackpowder_1
wh2_dlc15_special_settlement_massif_orcal_brt_2	derpy_effect_region_resource_blackpowder_production	building_to_building_own	6.0000	3.0000	0.0000	derpy_mr_blackpowder_1
wh2_dlc15_special_settlement_massif_orcal_brt_3	derpy_effect_region_resource_blackpowder_production	building_to_building_own	8.0000	4.0000	0.0000	derpy_mr_blackpowder_1
wh2_dlc15_special_settlement_massif_orcal_brt_4	derpy_effect_region_resource_blackpowder_production	building_to_building_own	10.0000	5.0000	0.0000	derpy_mr_blackpowder_1
wh2_dlc15_special_settlement_massif_orcal_brt_5	derpy_effect_region_resource_blackpowder_production	building_to_building_own	12.0000	6.0000	0.0000	derpy_mr_blackpowder_1
wh2_dlc15_special_settlement_massif_orcal_grn_1	derpy_effect_region_resource_blackpowder_production	building_to_building_own	4.0000	2.0000	0.0000	derpy_mr_blackpowder_1
wh2_dlc15_special_settlement_massif_orcal_grn_2	derpy_effect_region_resource_blackpowder_production	building_to_building_own	6.0000	3.0000	0.0000	derpy_mr_blackpowder_1
wh2_dlc15_special_settlement_massif_orcal_grn_3	derpy_effect_region_resource_blackpowder_production	building_to_building_own	8.0000	4.0000	0.0000	derpy_mr_blackpowder_1
wh2_dlc15_special_settlement_massif_orcal_grn_4	derpy_effect_region_resource_blackpowder_production	building_to_building_own	10.0000	5.0000	0.0000	derpy_mr_blackpowder_1
wh2_dlc15_special_settlement_massif_orcal_grn_5	derpy_effect_region_resource_blackpowder_production	building_to_building_own	12.0000	6.0000	0.0000	derpy_mr_blackpowder_1
wh2_dlc15_special_settlement_massif_orcal_savage_1	derpy_effect_region_resource_blackpowder_production	building_to_building_own	4.0000	2.0000	0.0000	derpy_mr_blackpowder_1
wh2_dlc15_special_settlement_massif_orcal_savage_2	derpy_effect_region_resource_blackpowder_production	building_to_building_own	6.0000	3.0000	0.0000	derpy_mr_blackpowder_1
wh2_dlc15_special_settlement_massif_orcal_savage_3	derpy_effect_region_resource_blackpowder_production	building_to_building_own	8.0000	4.0000	0.0000	derpy_mr_blackpowder_1
wh2_dlc15_special_settlement_tor_yvresse_def_1	derpy_effect_region_resource_blackpowder_production	building_to_building_own	4.0000	2.0000	0.0000	derpy_mr_blackpowder_1
wh2_dlc15_special_settlement_tor_yvresse_def_2	derpy_effect_region_resource_blackpowder_production	building_to_building_own	6.0000	3.0000	0.0000	derpy_mr_blackpowder_1
wh2_dlc15_special_settlement_tor_yvresse_def_3	derpy_effect_region_resource_blackpowder_production	building_to_building_own	8.0000	4.0000	0.0000	derpy_mr_blackpowder_1
wh2_dlc15_special_settlement_tor_yvresse_def_4	derpy_effect_region_resource_blackpowder_production	building_to_building_own	10.0000	5.0000	0.0000	derpy_mr_blackpowder_1
wh2_dlc15_special_settlement_tor_yvresse_def_5	derpy_effect_region_resource_blackpowder_production	building_to_building_own	12.0000	6.0000	0.0000	derpy_mr_blackpowder_1
wh2_dlc15_special_settlement_tor_yvresse_eltharion_1	derpy_effect_region_resource_blackpowder_production	building_to_building_own	4.0000	2.0000	0.0000	derpy_mr_blackpowder_1
wh2_dlc15_special_settlement_tor_yvresse_eltharion_2	derpy_effect_region_resource_blackpowder_production	building_to_building_own	6.0000	3.0000	0.0000	derpy_mr_blackpowder_1
wh2_dlc15_special_settlement_tor_yvresse_eltharion_3	derpy_effect_region_resource_blackpowder_production	building_to_building_own	8.0000	4.0000	0.0000	derpy_mr_blackpowder_1
wh2_dlc15_special_settlement_tor_yvresse_eltharion_4	derpy_effect_region_resource_blackpowder_production	building_to_building_own	10.0000	5.0000	0.0000	derpy_mr_blackpowder_1
wh2_dlc15_special_settlement_tor_yvresse_eltharion_5	derpy_effect_region_resource_blackpowder_production	building_to_building_own	12.0000	6.0000	0.0000	derpy_mr_blackpowder_1
wh2_dlc15_special_settlement_tor_yvresse_hef_1	derpy_effect_region_resource_blackpowder_production	building_to_building_own	4.0000	2.0000	0.0000	derpy_mr_blackpowder_1
wh2_dlc15_special_settlement_tor_yvresse_hef_2	derpy_effect_region_resource_blackpowder_production	building_to_building_own	6.0000	3.0000	0.0000	derpy_mr_blackpowder_1
wh2_dlc15_special_settlement_tor_yvresse_hef_3	derpy_effect_region_resource_blackpowder_production	building_to_building_own	8.0000	4.0000	0.0000	derpy_mr_blackpowder_1
wh2_dlc15_special_settlement_tor_yvresse_hef_4	derpy_effect_region_resource_blackpowder_production	building_to_building_own	10.0000	5.0000	0.0000	derpy_mr_blackpowder_1
wh2_dlc15_special_settlement_tor_yvresse_hef_5	derpy_effect_region_resource_blackpowder_production	building_to_building_own	12.0000	6.0000	0.0000	derpy_mr_blackpowder_1
wh2_main_def_settlement_major_1	derpy_effect_region_resource_blackpowder_production	building_to_building_own	4.0000	2.0000	0.0000	derpy_mr_blackpowder_1
wh2_main_def_settlement_major_2	derpy_effect_region_resource_blackpowder_production	building_to_building_own	6.0000	3.0000	0.0000	derpy_mr_blackpowder_1
wh2_main_def_settlement_major_3	derpy_effect_region_resource_blackpowder_production	building_to_building_own	8.0000	4.0000	0.0000	derpy_mr_blackpowder_1
wh2_main_def_settlement_major_4	derpy_effect_region_resource_blackpowder_production	building_to_building_own	10.0000	5.0000	0.0000	derpy_mr_blackpowder_1
wh2_main_def_settlement_major_5	derpy_effect_region_resource_blackpowder_production	building_to_building_own	12.0000	6.0000	0.0000	derpy_mr_blackpowder_1
wh2_main_def_settlement_minor_1	derpy_effect_region_resource_blackpowder_production	building_to_building_own	4.0000	2.0000	0.0000	derpy_mr_blackpowder_1
wh2_main_def_settlement_minor_2	derpy_effect_region_resource_blackpowder_production	building_to_building_own	6.0000	3.0000	0.0000	derpy_mr_blackpowder_1
wh2_main_def_settlement_minor_3	derpy_effect_region_resource_blackpowder_production	building_to_building_own	8.0000	4.0000	0.0000	derpy_mr_blackpowder_1
wh2_main_hef_settlement_major_1	derpy_effect_region_resource_blackpowder_production	building_to_building_own	4.0000	2.0000	0.0000	derpy_mr_blackpowder_1
wh2_main_hef_settlement_major_2	derpy_effect_region_resource_blackpowder_production	building_to_building_own	6.0000	3.0000	0.0000	derpy_mr_blackpowder_1
wh2_main_hef_settlement_major_3	derpy_effect_region_resource_blackpowder_production	building_to_building_own	8.0000	4.0000	0.0000	derpy_mr_blackpowder_1
wh2_main_hef_settlement_major_4	derpy_effect_region_resource_blackpowder_production	building_to_building_own	10.0000	5.0000	0.0000	derpy_mr_blackpowder_1
wh2_main_hef_settlement_major_5	derpy_effect_region_resource_blackpowder_production	building_to_building_own	12.0000	6.0000	0.0000	derpy_mr_blackpowder_1
wh2_main_hef_settlement_minor_1	derpy_effect_region_resource_blackpowder_production	building_to_building_own	4.0000	2.0000	0.0000	derpy_mr_blackpowder_1
wh2_main_hef_settlement_minor_2	derpy_effect_region_resource_blackpowder_production	building_to_building_own	6.0000	3.0000	0.0000	derpy_mr_blackpowder_1
wh2_main_hef_settlement_minor_3	derpy_effect_region_resource_blackpowder_production	building_to_building_own	8.0000	4.0000	0.0000	derpy_mr_blackpowder_1
wh2_main_lzd_settlement_major_1	derpy_effect_region_resource_blackpowder_production	building_to_building_own	4.0000	2.0000	0.0000	derpy_mr_blackpowder_1
wh2_main_lzd_settlement_major_2	derpy_effect_region_resource_blackpowder_production	building_to_building_own	6.0000	3.0000	0.0000	derpy_mr_blackpowder_1
wh2_main_lzd_settlement_major_3	derpy_effect_region_resource_blackpowder_production	building_to_building_own	8.0000	4.0000	0.0000	derpy_mr_blackpowder_1
wh2_main_lzd_settlement_major_4	derpy_effect_region_resource_blackpowder_production	building_to_building_own	10.0000	5.0000	0.0000	derpy_mr_blackpowder_1
wh2_main_lzd_settlement_major_5	derpy_effect_region_resource_blackpowder_production	building_to_building_own	12.0000	6.0000	0.0000	derpy_mr_blackpowder_1
wh2_main_lzd_settlement_minor_1	derpy_effect_region_resource_blackpowder_production	building_to_building_own	4.0000	2.0000	0.0000	derpy_mr_blackpowder_1
wh2_main_lzd_settlement_minor_2	derpy_effect_region_resource_blackpowder_production	building_to_building_own	6.0000	3.0000	0.0000	derpy_mr_blackpowder_1
wh2_main_lzd_settlement_minor_3	derpy_effect_region_resource_blackpowder_production	building_to_building_own	8.0000	4.0000	0.0000	derpy_mr_blackpowder_1
wh2_main_rogue_settlement_major_1	derpy_effect_region_resource_blackpowder_production	building_to_building_own	4.0000	2.0000	0.0000	derpy_mr_blackpowder_1
wh2_main_rogue_settlement_major_2	derpy_effect_region_resource_blackpowder_production	building_to_building_own	6.0000	3.0000	0.0000	derpy_mr_blackpowder_1
wh2_main_rogue_settlement_major_3	derpy_effect_region_resource_blackpowder_production	building_to_building_own	8.0000	4.0000	0.0000	derpy_mr_blackpowder_1
wh2_main_rogue_settlement_minor_1	derpy_effect_region_resource_blackpowder_production	building_to_building_own	4.0000	2.0000	0.0000	derpy_mr_blackpowder_1
wh2_main_rogue_settlement_minor_2	derpy_effect_region_resource_blackpowder_production	building_to_building_own	6.0000	3.0000	0.0000	derpy_mr_blackpowder_1
wh2_main_rogue_settlement_minor_3	derpy_effect_region_resource_blackpowder_production	building_to_building_own	8.0000	4.0000	0.0000	derpy_mr_blackpowder_1
wh2_main_skv_settlement_major_1	derpy_effect_region_resource_blackpowder_production	building_to_building_own	4.0000	2.0000	0.0000	derpy_mr_blackpowder_1
wh2_main_skv_settlement_major_2	derpy_effect_region_resource_blackpowder_production	building_to_building_own	6.0000	3.0000	0.0000	derpy_mr_blackpowder_1
wh2_main_skv_settlement_major_3	derpy_effect_region_resource_blackpowder_production	building_to_building_own	8.0000	4.0000	0.0000	derpy_mr_blackpowder_1
wh2_main_skv_settlement_major_4	derpy_effect_region_resource_blackpowder_production	building_to_building_own	10.0000	5.0000	0.0000	derpy_mr_blackpowder_1
wh2_main_skv_settlement_major_5	derpy_effect_region_resource_blackpowder_production	building_to_building_own	12.0000	6.0000	0.0000	derpy_mr_blackpowder_1
wh2_main_skv_settlement_minor_1	derpy_effect_region_resource_blackpowder_production	building_to_building_own	4.0000	2.0000	0.0000	derpy_mr_blackpowder_1
wh2_main_skv_settlement_minor_2	derpy_effect_region_resource_blackpowder_production	building_to_building_own	6.0000	3.0000	0.0000	derpy_mr_blackpowder_1
wh2_main_skv_settlement_minor_3	derpy_effect_region_resource_blackpowder_production	building_to_building_own	8.0000	4.0000	0.0000	derpy_mr_blackpowder_1
wh2_main_special_empire_fort_emp_1	derpy_effect_region_resource_blackpowder_production	building_to_building_own	4.0000	2.0000	0.0000	derpy_mr_blackpowder_1
wh2_main_special_empire_fort_emp_2	derpy_effect_region_resource_blackpowder_production	building_to_building_own	6.0000	3.0000	0.0000	derpy_mr_blackpowder_1
wh2_main_special_empire_fort_emp_3	derpy_effect_region_resource_blackpowder_production	building_to_building_own	8.0000	4.0000	0.0000	derpy_mr_blackpowder_1
wh2_main_special_empire_fort_emp_4	derpy_effect_region_resource_blackpowder_production	building_to_building_own	10.0000	5.0000	0.0000	derpy_mr_blackpowder_1
wh2_main_special_empire_fort_emp_5	derpy_effect_region_resource_blackpowder_production	building_to_building_own	12.0000	6.0000	0.0000	derpy_mr_blackpowder_1
wh2_main_special_fortress_gate_eagle_hef_1	derpy_effect_region_resource_blackpowder_production	building_to_building_own	4.0000	2.0000	0.0000	derpy_mr_blackpowder_1
wh2_main_special_fortress_gate_eagle_hef_2	derpy_effect_region_resource_blackpowder_production	building_to_building_own	6.0000	3.0000	0.0000	derpy_mr_blackpowder_1
wh2_main_special_fortress_gate_eagle_hef_3	derpy_effect_region_resource_blackpowder_production	building_to_building_own	8.0000	4.0000	0.0000	derpy_mr_blackpowder_1
wh2_main_special_fortress_gate_eagle_hef_4	derpy_effect_region_resource_blackpowder_production	building_to_building_own	10.0000	5.0000	0.0000	derpy_mr_blackpowder_1
wh2_main_special_fortress_gate_eagle_hef_5	derpy_effect_region_resource_blackpowder_production	building_to_building_own	12.0000	6.0000	0.0000	derpy_mr_blackpowder_1
wh2_main_special_fortress_gate_eagle_untainted_1	derpy_effect_region_resource_blackpowder_production	building_to_building_own	4.0000	2.0000	0.0000	derpy_mr_blackpowder_1
wh2_main_special_fortress_gate_eagle_untainted_2	derpy_effect_region_resource_blackpowder_production	building_to_building_own	6.0000	3.0000	0.0000	derpy_mr_blackpowder_1
wh2_main_special_fortress_gate_eagle_untainted_3	derpy_effect_region_resource_blackpowder_production	building_to_building_own	8.0000	4.0000	0.0000	derpy_mr_blackpowder_1
wh2_main_special_fortress_gate_eagle_untainted_4	derpy_effect_region_resource_blackpowder_production	building_to_building_own	10.0000	5.0000	0.0000	derpy_mr_blackpowder_1
wh2_main_special_fortress_gate_eagle_untainted_5	derpy_effect_region_resource_blackpowder_production	building_to_building_own	12.0000	6.0000	0.0000	derpy_mr_blackpowder_1
wh2_main_special_fortress_gate_griffon_hef_1	derpy_effect_region_resource_blackpowder_production	building_to_building_own	4.0000	2.0000	0.0000	derpy_mr_blackpowder_1
wh2_main_special_fortress_gate_griffon_hef_2	derpy_effect_region_resource_blackpowder_production	building_to_building_own	6.0000	3.0000	0.0000	derpy_mr_blackpowder_1
wh2_main_special_fortress_gate_griffon_hef_3	derpy_effect_region_resource_blackpowder_production	building_to_building_own	8.0000	4.0000	0.0000	derpy_mr_blackpowder_1
wh2_main_special_fortress_gate_griffon_hef_4	derpy_effect_region_resource_blackpowder_production	building_to_building_own	10.0000	5.0000	0.0000	derpy_mr_blackpowder_1
wh2_main_special_fortress_gate_griffon_hef_5	derpy_effect_region_resource_blackpowder_production	building_to_building_own	12.0000	6.0000	0.0000	derpy_mr_blackpowder_1
wh2_main_special_fortress_gate_griffon_untainted_1	derpy_effect_region_resource_blackpowder_production	building_to_building_own	4.0000	2.0000	0.0000	derpy_mr_blackpowder_1
wh2_main_special_fortress_gate_griffon_untainted_2	derpy_effect_region_resource_blackpowder_production	building_to_building_own	6.0000	3.0000	0.0000	derpy_mr_blackpowder_1
wh2_main_special_fortress_gate_griffon_untainted_3	derpy_effect_region_resource_blackpowder_production	building_to_building_own	8.0000	4.0000	0.0000	derpy_mr_blackpowder_1
wh2_main_special_fortress_gate_griffon_untainted_4	derpy_effect_region_resource_blackpowder_production	building_to_building_own	10.0000	5.0000	0.0000	derpy_mr_blackpowder_1
wh2_main_special_fortress_gate_griffon_untainted_5	derpy_effect_region_resource_blackpowder_production	building_to_building_own	12.0000	6.0000	0.0000	derpy_mr_blackpowder_1
wh2_main_special_fortress_gate_phoenix_hef_1	derpy_effect_region_resource_blackpowder_production	building_to_building_own	4.0000	2.0000	0.0000	derpy_mr_blackpowder_1
wh2_main_special_fortress_gate_phoenix_hef_2	derpy_effect_region_resource_blackpowder_production	building_to_building_own	6.0000	3.0000	0.0000	derpy_mr_blackpowder_1
wh2_main_special_fortress_gate_phoenix_hef_3	derpy_effect_region_resource_blackpowder_production	building_to_building_own	8.0000	4.0000	0.0000	derpy_mr_blackpowder_1
wh2_main_special_fortress_gate_phoenix_hef_4	derpy_effect_region_resource_blackpowder_production	building_to_building_own	10.0000	5.0000	0.0000	derpy_mr_blackpowder_1
wh2_main_special_fortress_gate_phoenix_hef_5	derpy_effect_region_resource_blackpowder_production	building_to_building_own	12.0000	6.0000	0.0000	derpy_mr_blackpowder_1
wh2_main_special_fortress_gate_phoenix_untainted_1	derpy_effect_region_resource_blackpowder_production	building_to_building_own	4.0000	2.0000	0.0000	derpy_mr_blackpowder_1
wh2_main_special_fortress_gate_phoenix_untainted_2	derpy_effect_region_resource_blackpowder_production	building_to_building_own	6.0000	3.0000	0.0000	derpy_mr_blackpowder_1
wh2_main_special_fortress_gate_phoenix_untainted_3	derpy_effect_region_resource_blackpowder_production	building_to_building_own	8.0000	4.0000	0.0000	derpy_mr_blackpowder_1
wh2_main_special_fortress_gate_phoenix_untainted_4	derpy_effect_region_resource_blackpowder_production	building_to_building_own	10.0000	5.0000	0.0000	derpy_mr_blackpowder_1
wh2_main_special_fortress_gate_phoenix_untainted_5	derpy_effect_region_resource_blackpowder_production	building_to_building_own	12.0000	6.0000	0.0000	derpy_mr_blackpowder_1
wh2_main_special_fortress_gate_unicorn_hef_1	derpy_effect_region_resource_blackpowder_production	building_to_building_own	4.0000	2.0000	0.0000	derpy_mr_blackpowder_1
wh2_main_special_fortress_gate_unicorn_hef_2	derpy_effect_region_resource_blackpowder_production	building_to_building_own	6.0000	3.0000	0.0000	derpy_mr_blackpowder_1
wh2_main_special_fortress_gate_unicorn_hef_3	derpy_effect_region_resource_blackpowder_production	building_to_building_own	8.0000	4.0000	0.0000	derpy_mr_blackpowder_1
wh2_main_special_fortress_gate_unicorn_hef_4	derpy_effect_region_resource_blackpowder_production	building_to_building_own	10.0000	5.0000	0.0000	derpy_mr_blackpowder_1
wh2_main_special_fortress_gate_unicorn_hef_5	derpy_effect_region_resource_blackpowder_production	building_to_building_own	12.0000	6.0000	0.0000	derpy_mr_blackpowder_1
wh2_main_special_fortress_gate_unicorn_untainted_1	derpy_effect_region_resource_blackpowder_production	building_to_building_own	4.0000	2.0000	0.0000	derpy_mr_blackpowder_1
wh2_main_special_fortress_gate_unicorn_untainted_2	derpy_effect_region_resource_blackpowder_production	building_to_building_own	6.0000	3.0000	0.0000	derpy_mr_blackpowder_1
wh2_main_special_fortress_gate_unicorn_untainted_3	derpy_effect_region_resource_blackpowder_production	building_to_building_own	8.0000	4.0000	0.0000	derpy_mr_blackpowder_1
wh2_main_special_fortress_gate_unicorn_untainted_4	derpy_effect_region_resource_blackpowder_production	building_to_building_own	10.0000	5.0000	0.0000	derpy_mr_blackpowder_1
wh2_main_special_fortress_gate_unicorn_untainted_5	derpy_effect_region_resource_blackpowder_production	building_to_building_own	12.0000	6.0000	0.0000	derpy_mr_blackpowder_1
wh2_main_special_settlement_colony_major_hef_1	derpy_effect_region_resource_blackpowder_production	building_to_building_own	4.0000	2.0000	0.0000	derpy_mr_blackpowder_1
wh2_main_special_settlement_colony_major_hef_2	derpy_effect_region_resource_blackpowder_production	building_to_building_own	6.0000	3.0000	0.0000	derpy_mr_blackpowder_1
wh2_main_special_settlement_colony_major_hef_3	derpy_effect_region_resource_blackpowder_production	building_to_building_own	8.0000	4.0000	0.0000	derpy_mr_blackpowder_1
wh2_main_special_settlement_colony_major_hef_4	derpy_effect_region_resource_blackpowder_production	building_to_building_own	10.0000	5.0000	0.0000	derpy_mr_blackpowder_1
wh2_main_special_settlement_colony_major_hef_5	derpy_effect_region_resource_blackpowder_production	building_to_building_own	12.0000	6.0000	0.0000	derpy_mr_blackpowder_1
wh2_main_special_settlement_colony_minor_hef_1	derpy_effect_region_resource_blackpowder_production	building_to_building_own	4.0000	2.0000	0.0000	derpy_mr_blackpowder_1
wh2_main_special_settlement_colony_minor_hef_2	derpy_effect_region_resource_blackpowder_production	building_to_building_own	6.0000	3.0000	0.0000	derpy_mr_blackpowder_1
wh2_main_special_settlement_colony_minor_hef_3	derpy_effect_region_resource_blackpowder_production	building_to_building_own	8.0000	4.0000	0.0000	derpy_mr_blackpowder_1
wh2_main_special_settlement_eight_peaks_skv_1	derpy_effect_region_resource_blackpowder_production	building_to_building_own	4.0000	2.0000	0.0000	derpy_mr_blackpowder_1
wh2_main_special_settlement_eight_peaks_skv_2	derpy_effect_region_resource_blackpowder_production	building_to_building_own	6.0000	3.0000	0.0000	derpy_mr_blackpowder_1
wh2_main_special_settlement_eight_peaks_skv_3	derpy_effect_region_resource_blackpowder_production	building_to_building_own	8.0000	4.0000	0.0000	derpy_mr_blackpowder_1
wh2_main_special_settlement_eight_peaks_skv_4	derpy_effect_region_resource_blackpowder_production	building_to_building_own	10.0000	5.0000	0.0000	derpy_mr_blackpowder_1
wh2_main_special_settlement_eight_peaks_skv_5	derpy_effect_region_resource_blackpowder_production	building_to_building_own	12.0000	6.0000	0.0000	derpy_mr_blackpowder_1
wh2_main_special_settlement_gaean_vale_1	derpy_effect_region_resource_blackpowder_production	building_to_building_own	4.0000	2.0000	0.0000	derpy_mr_blackpowder_1
wh2_main_special_settlement_gaean_vale_2	derpy_effect_region_resource_blackpowder_production	building_to_building_own	6.0000	3.0000	0.0000	derpy_mr_blackpowder_1
wh2_main_special_settlement_gaean_vale_3	derpy_effect_region_resource_blackpowder_production	building_to_building_own	8.0000	4.0000	0.0000	derpy_mr_blackpowder_1
wh2_main_special_settlement_gaean_vale_4	derpy_effect_region_resource_blackpowder_production	building_to_building_own	10.0000	5.0000	0.0000	derpy_mr_blackpowder_1
wh2_main_special_settlement_gaean_vale_5	derpy_effect_region_resource_blackpowder_production	building_to_building_own	12.0000	6.0000	0.0000	derpy_mr_blackpowder_1
wh_dlc05_special_settlement_gaean_vale_1_wef	derpy_effect_region_resource_blackpowder_production	building_to_building_own	4.0000	2.0000	0.0000	derpy_mr_blackpowder_1
wh_dlc05_special_settlement_gaean_vale_2_wef	derpy_effect_region_resource_blackpowder_production	building_to_building_own	6.0000	3.0000	0.0000	derpy_mr_blackpowder_1
wh_dlc05_special_settlement_gaean_vale_3_wef	derpy_effect_region_resource_blackpowder_production	building_to_building_own	8.0000	4.0000	0.0000	derpy_mr_blackpowder_1
wh_dlc05_special_settlement_gaean_vale_4_wef	derpy_effect_region_resource_blackpowder_production	building_to_building_own	10.0000	5.0000	0.0000	derpy_mr_blackpowder_1
wh_dlc05_special_settlement_gaean_vale_5_wef	derpy_effect_region_resource_blackpowder_production	building_to_building_own	12.0000	6.0000	0.0000	derpy_mr_blackpowder_1
wh2_main_special_settlement_hellpit_1	derpy_effect_region_resource_blackpowder_production	building_to_building_own	4.0000	2.0000	0.0000	derpy_mr_blackpowder_1
wh2_main_special_settlement_hellpit_2	derpy_effect_region_resource_blackpowder_production	building_to_building_own	6.0000	3.0000	0.0000	derpy_mr_blackpowder_1
wh2_main_special_settlement_hellpit_3	derpy_effect_region_resource_blackpowder_production	building_to_building_own	8.0000	4.0000	0.0000	derpy_mr_blackpowder_1
wh2_main_special_settlement_hellpit_4	derpy_effect_region_resource_blackpowder_production	building_to_building_own	10.0000	5.0000	0.0000	derpy_mr_blackpowder_1
wh2_main_special_settlement_hellpit_5	derpy_effect_region_resource_blackpowder_production	building_to_building_own	12.0000	6.0000	0.0000	derpy_mr_blackpowder_1
wh_dlc05_special_settlement_hellpit_1_wef	derpy_effect_region_resource_blackpowder_production	building_to_building_own	4.0000	2.0000	0.0000	derpy_mr_blackpowder_1
wh2_main_special_settlement_hexoatl_lzd_1	derpy_effect_region_resource_blackpowder_production	building_to_building_own	4.0000	2.0000	0.0000	derpy_mr_blackpowder_1
wh2_main_special_settlement_hexoatl_lzd_2	derpy_effect_region_resource_blackpowder_production	building_to_building_own	6.0000	3.0000	0.0000	derpy_mr_blackpowder_1
wh2_main_special_settlement_hexoatl_lzd_3	derpy_effect_region_resource_blackpowder_production	building_to_building_own	8.0000	4.0000	0.0000	derpy_mr_blackpowder_1
wh2_main_special_settlement_hexoatl_lzd_4	derpy_effect_region_resource_blackpowder_production	building_to_building_own	10.0000	5.0000	0.0000	derpy_mr_blackpowder_1
wh2_main_special_settlement_hexoatl_lzd_5	derpy_effect_region_resource_blackpowder_production	building_to_building_own	12.0000	6.0000	0.0000	derpy_mr_blackpowder_1
wh_dlc05_special_settlement_hexoatl_1_wef	derpy_effect_region_resource_blackpowder_production	building_to_building_own	4.0000	2.0000	0.0000	derpy_mr_blackpowder_1
wh2_main_special_settlement_itza_lzd_1	derpy_effect_region_resource_blackpowder_production	building_to_building_own	4.0000	2.0000	0.0000	derpy_mr_blackpowder_1
wh2_main_special_settlement_itza_lzd_2	derpy_effect_region_resource_blackpowder_production	building_to_building_own	6.0000	3.0000	0.0000	derpy_mr_blackpowder_1
wh2_main_special_settlement_itza_lzd_3	derpy_effect_region_resource_blackpowder_production	building_to_building_own	8.0000	4.0000	0.0000	derpy_mr_blackpowder_1
wh2_main_special_settlement_itza_lzd_4	derpy_effect_region_resource_blackpowder_production	building_to_building_own	10.0000	5.0000	0.0000	derpy_mr_blackpowder_1
wh2_main_special_settlement_itza_lzd_5	derpy_effect_region_resource_blackpowder_production	building_to_building_own	12.0000	6.0000	0.0000	derpy_mr_blackpowder_1
wh_dlc05_special_settlement_itza_1_wef	derpy_effect_region_resource_blackpowder_production	building_to_building_own	4.0000	2.0000	0.0000	derpy_mr_blackpowder_1
wh2_main_special_settlement_karaz_a_karak_skv_1	derpy_effect_region_resource_blackpowder_production	building_to_building_own	4.0000	2.0000	0.0000	derpy_mr_blackpowder_1
wh2_main_special_settlement_karaz_a_karak_skv_2	derpy_effect_region_resource_blackpowder_production	building_to_building_own	6.0000	3.0000	0.0000	derpy_mr_blackpowder_1
wh2_main_special_settlement_karaz_a_karak_skv_3	derpy_effect_region_resource_blackpowder_production	building_to_building_own	8.0000	4.0000	0.0000	derpy_mr_blackpowder_1
wh2_main_special_settlement_karaz_a_karak_skv_4	derpy_effect_region_resource_blackpowder_production	building_to_building_own	10.0000	5.0000	0.0000	derpy_mr_blackpowder_1
wh2_main_special_settlement_karaz_a_karak_skv_5	derpy_effect_region_resource_blackpowder_production	building_to_building_own	12.0000	6.0000	0.0000	derpy_mr_blackpowder_1
wh_dlc05_special_settlement_khemri_1_wef	derpy_effect_region_resource_blackpowder_production	building_to_building_own	4.0000	2.0000	0.0000	derpy_mr_blackpowder_1
wh_dlc05_special_settlement_konquata_1_wef	derpy_effect_region_resource_blackpowder_production	building_to_building_own	4.0000	2.0000	0.0000	derpy_mr_blackpowder_1
wh_dlc05_special_settlement_lahmia_1_wef	derpy_effect_region_resource_blackpowder_production	building_to_building_own	4.0000	2.0000	0.0000	derpy_mr_blackpowder_1
wh2_main_special_settlement_lothern_1	derpy_effect_region_resource_blackpowder_production	building_to_building_own	4.0000	2.0000	0.0000	derpy_mr_blackpowder_1
wh2_main_special_settlement_lothern_2	derpy_effect_region_resource_blackpowder_production	building_to_building_own	6.0000	3.0000	0.0000	derpy_mr_blackpowder_1
wh2_main_special_settlement_lothern_3	derpy_effect_region_resource_blackpowder_production	building_to_building_own	8.0000	4.0000	0.0000	derpy_mr_blackpowder_1
wh2_main_special_settlement_lothern_4	derpy_effect_region_resource_blackpowder_production	building_to_building_own	10.0000	5.0000	0.0000	derpy_mr_blackpowder_1
wh2_main_special_settlement_lothern_5	derpy_effect_region_resource_blackpowder_production	building_to_building_own	12.0000	6.0000	0.0000	derpy_mr_blackpowder_1
wh2_main_special_settlement_lothern_def_1	derpy_effect_region_resource_blackpowder_production	building_to_building_own	4.0000	2.0000	0.0000	derpy_mr_blackpowder_1
wh2_main_special_settlement_lothern_def_2	derpy_effect_region_resource_blackpowder_production	building_to_building_own	6.0000	3.0000	0.0000	derpy_mr_blackpowder_1
wh2_main_special_settlement_lothern_def_3	derpy_effect_region_resource_blackpowder_production	building_to_building_own	8.0000	4.0000	0.0000	derpy_mr_blackpowder_1
wh2_main_special_settlement_lothern_def_4	derpy_effect_region_resource_blackpowder_production	building_to_building_own	10.0000	5.0000	0.0000	derpy_mr_blackpowder_1
wh2_main_special_settlement_lothern_def_5	derpy_effect_region_resource_blackpowder_production	building_to_building_own	12.0000	6.0000	0.0000	derpy_mr_blackpowder_1
wh_dlc05_special_settlement_lothern_1_wef	derpy_effect_region_resource_blackpowder_production	building_to_building_own	4.0000	2.0000	0.0000	derpy_mr_blackpowder_1
wh2_main_special_settlement_naggarond_1	derpy_effect_region_resource_blackpowder_production	building_to_building_own	4.0000	2.0000	0.0000	derpy_mr_blackpowder_1
wh2_main_special_settlement_naggarond_2	derpy_effect_region_resource_blackpowder_production	building_to_building_own	6.0000	3.0000	0.0000	derpy_mr_blackpowder_1
wh2_main_special_settlement_naggarond_3	derpy_effect_region_resource_blackpowder_production	building_to_building_own	8.0000	4.0000	0.0000	derpy_mr_blackpowder_1
wh2_main_special_settlement_naggarond_4	derpy_effect_region_resource_blackpowder_production	building_to_building_own	10.0000	5.0000	0.0000	derpy_mr_blackpowder_1
wh2_main_special_settlement_naggarond_5	derpy_effect_region_resource_blackpowder_production	building_to_building_own	12.0000	6.0000	0.0000	derpy_mr_blackpowder_1
wh2_main_special_settlement_naggarond_hef_1	derpy_effect_region_resource_blackpowder_production	building_to_building_own	4.0000	2.0000	0.0000	derpy_mr_blackpowder_1
wh2_main_special_settlement_naggarond_hef_2	derpy_effect_region_resource_blackpowder_production	building_to_building_own	6.0000	3.0000	0.0000	derpy_mr_blackpowder_1
wh2_main_special_settlement_naggarond_hef_3	derpy_effect_region_resource_blackpowder_production	building_to_building_own	8.0000	4.0000	0.0000	derpy_mr_blackpowder_1
wh2_main_special_settlement_naggarond_hef_4	derpy_effect_region_resource_blackpowder_production	building_to_building_own	10.0000	5.0000	0.0000	derpy_mr_blackpowder_1
wh2_main_special_settlement_naggarond_hef_5	derpy_effect_region_resource_blackpowder_production	building_to_building_own	12.0000	6.0000	0.0000	derpy_mr_blackpowder_1
wh_dlc05_special_settlement_naggarond_1_wef	derpy_effect_region_resource_blackpowder_production	building_to_building_own	4.0000	2.0000	0.0000	derpy_mr_blackpowder_1
wh2_main_special_settlement_pyramid_of_nagash_1_wef	derpy_effect_region_resource_blackpowder_production	building_to_building_own	4.0000	2.0000	0.0000	derpy_mr_blackpowder_1
wh2_main_special_settlement_sartosa_brt_1	derpy_effect_region_resource_blackpowder_production	building_to_building_own	4.0000	2.0000	0.0000	derpy_mr_blackpowder_1
wh2_main_special_settlement_sartosa_brt_2	derpy_effect_region_resource_blackpowder_production	building_to_building_own	6.0000	3.0000	0.0000	derpy_mr_blackpowder_1
wh2_main_special_settlement_sartosa_brt_3	derpy_effect_region_resource_blackpowder_production	building_to_building_own	8.0000	4.0000	0.0000	derpy_mr_blackpowder_1
wh2_main_special_settlement_sartosa_brt_4	derpy_effect_region_resource_blackpowder_production	building_to_building_own	10.0000	5.0000	0.0000	derpy_mr_blackpowder_1
wh2_main_special_settlement_sartosa_brt_5	derpy_effect_region_resource_blackpowder_production	building_to_building_own	12.0000	6.0000	0.0000	derpy_mr_blackpowder_1
wh2_main_special_settlement_sartosa_cst_1	derpy_effect_region_resource_blackpowder_production	building_to_building_own	4.0000	2.0000	0.0000	derpy_mr_blackpowder_1
wh2_main_special_settlement_sartosa_cst_2	derpy_effect_region_resource_blackpowder_production	building_to_building_own	6.0000	3.0000	0.0000	derpy_mr_blackpowder_1
wh2_main_special_settlement_sartosa_cst_3	derpy_effect_region_resource_blackpowder_production	building_to_building_own	8.0000	4.0000	0.0000	derpy_mr_blackpowder_1
wh2_main_special_settlement_sartosa_cst_4	derpy_effect_region_resource_blackpowder_production	building_to_building_own	10.0000	5.0000	0.0000	derpy_mr_blackpowder_1
wh2_main_special_settlement_sartosa_cst_5	derpy_effect_region_resource_blackpowder_production	building_to_building_own	12.0000	6.0000	0.0000	derpy_mr_blackpowder_1
wh2_main_special_settlement_sartosa_def_1	derpy_effect_region_resource_blackpowder_production	building_to_building_own	4.0000	2.0000	0.0000	derpy_mr_blackpowder_1
wh2_main_special_settlement_sartosa_def_2	derpy_effect_region_resource_blackpowder_production	building_to_building_own	6.0000	3.0000	0.0000	derpy_mr_blackpowder_1
wh2_main_special_settlement_sartosa_def_3	derpy_effect_region_resource_blackpowder_production	building_to_building_own	8.0000	4.0000	0.0000	derpy_mr_blackpowder_1
wh2_main_special_settlement_sartosa_def_4	derpy_effect_region_resource_blackpowder_production	building_to_building_own	10.0000	5.0000	0.0000	derpy_mr_blackpowder_1
wh2_main_special_settlement_sartosa_def_5	derpy_effect_region_resource_blackpowder_production	building_to_building_own	12.0000	6.0000	0.0000	derpy_mr_blackpowder_1
wh2_main_special_settlement_sartosa_emp_1	derpy_effect_region_resource_blackpowder_production	building_to_building_own	4.0000	2.0000	0.0000	derpy_mr_blackpowder_1
wh2_main_special_settlement_sartosa_emp_2	derpy_effect_region_resource_blackpowder_production	building_to_building_own	6.0000	3.0000	0.0000	derpy_mr_blackpowder_1
wh2_main_special_settlement_sartosa_emp_3	derpy_effect_region_resource_blackpowder_production	building_to_building_own	8.0000	4.0000	0.0000	derpy_mr_blackpowder_1
wh2_main_special_settlement_sartosa_emp_4	derpy_effect_region_resource_blackpowder_production	building_to_building_own	10.0000	5.0000	0.0000	derpy_mr_blackpowder_1
wh2_main_special_settlement_sartosa_emp_5	derpy_effect_region_resource_blackpowder_production	building_to_building_own	12.0000	6.0000	0.0000	derpy_mr_blackpowder_1
wh2_main_special_settlement_sartosa_wef_1	derpy_effect_region_resource_blackpowder_production	building_to_building_own	4.0000	2.0000	0.0000	derpy_mr_blackpowder_1
wh2_main_special_settlement_skavenblight_1	derpy_effect_region_resource_blackpowder_production	building_to_building_own	4.0000	2.0000	0.0000	derpy_mr_blackpowder_1
wh2_main_special_settlement_skavenblight_2	derpy_effect_region_resource_blackpowder_production	building_to_building_own	6.0000	3.0000	0.0000	derpy_mr_blackpowder_1
wh2_main_special_settlement_skavenblight_3	derpy_effect_region_resource_blackpowder_production	building_to_building_own	8.0000	4.0000	0.0000	derpy_mr_blackpowder_1
wh2_main_special_settlement_skavenblight_4	derpy_effect_region_resource_blackpowder_production	building_to_building_own	10.0000	5.0000	0.0000	derpy_mr_blackpowder_1
wh2_main_special_settlement_skavenblight_5	derpy_effect_region_resource_blackpowder_production	building_to_building_own	12.0000	6.0000	0.0000	derpy_mr_blackpowder_1
wh_dlc05_special_settlement_skavenblight_1_wef	derpy_effect_region_resource_blackpowder_production	building_to_building_own	4.0000	2.0000	0.0000	derpy_mr_blackpowder_1
wh2_main_special_settlement_the_awakening_cst_1	derpy_effect_region_resource_blackpowder_production	building_to_building_own	4.0000	2.0000	0.0000	derpy_mr_blackpowder_1
wh2_main_special_settlement_the_awakening_cst_2	derpy_effect_region_resource_blackpowder_production	building_to_building_own	6.0000	3.0000	0.0000	derpy_mr_blackpowder_1
wh2_main_special_settlement_the_awakening_cst_3	derpy_effect_region_resource_blackpowder_production	building_to_building_own	8.0000	4.0000	0.0000	derpy_mr_blackpowder_1
wh2_main_special_settlement_the_awakening_cst_4	derpy_effect_region_resource_blackpowder_production	building_to_building_own	10.0000	5.0000	0.0000	derpy_mr_blackpowder_1
wh2_main_special_settlement_the_awakening_cst_5	derpy_effect_region_resource_blackpowder_production	building_to_building_own	12.0000	6.0000	0.0000	derpy_mr_blackpowder_1
wh2_main_special_settlement_the_awakening_wef_1	derpy_effect_region_resource_blackpowder_production	building_to_building_own	4.0000	2.0000	0.0000	derpy_mr_blackpowder_1
wh2_main_wef_oak_of_ages_occupied_1	derpy_effect_region_resource_blackpowder_production	building_to_building_own	4.0000	2.0000	0.0000	derpy_mr_blackpowder_1
wh2_twa03_special_settlement_konquata_lzd_1	derpy_effect_region_resource_blackpowder_production	building_to_building_own	4.0000	2.0000	0.0000	derpy_mr_blackpowder_1
wh2_twa03_special_settlement_konquata_lzd_2	derpy_effect_region_resource_blackpowder_production	building_to_building_own	6.0000	3.0000	0.0000	derpy_mr_blackpowder_1
wh2_twa03_special_settlement_konquata_lzd_3	derpy_effect_region_resource_blackpowder_production	building_to_building_own	8.0000	4.0000	0.0000	derpy_mr_blackpowder_1
wh2_twa03_special_settlement_konquata_lzd_4	derpy_effect_region_resource_blackpowder_production	building_to_building_own	10.0000	5.0000	0.0000	derpy_mr_blackpowder_1
wh2_twa03_special_settlement_konquata_lzd_5	derpy_effect_region_resource_blackpowder_production	building_to_building_own	12.0000	6.0000	0.0000	derpy_mr_blackpowder_1
wh3_cp1_cth_bhashiva_settlement_major_1	derpy_effect_region_resource_blackpowder_production	building_to_building_own	4.0000	2.0000	0.0000	derpy_mr_blackpowder_1
wh3_cp1_cth_bhashiva_settlement_major_2	derpy_effect_region_resource_blackpowder_production	building_to_building_own	6.0000	3.0000	0.0000	derpy_mr_blackpowder_1
wh3_cp1_cth_bhashiva_settlement_major_3	derpy_effect_region_resource_blackpowder_production	building_to_building_own	8.0000	4.0000	0.0000	derpy_mr_blackpowder_1
wh3_cp1_cth_bhashiva_settlement_major_4	derpy_effect_region_resource_blackpowder_production	building_to_building_own	10.0000	5.0000	0.0000	derpy_mr_blackpowder_1
wh3_cp1_cth_bhashiva_settlement_major_5	derpy_effect_region_resource_blackpowder_production	building_to_building_own	12.0000	6.0000	0.0000	derpy_mr_blackpowder_1
wh3_cp1_cth_bhashiva_settlement_minor_1	derpy_effect_region_resource_blackpowder_production	building_to_building_own	4.0000	2.0000	0.0000	derpy_mr_blackpowder_1
wh3_cp1_cth_bhashiva_settlement_minor_2	derpy_effect_region_resource_blackpowder_production	building_to_building_own	6.0000	3.0000	0.0000	derpy_mr_blackpowder_1
wh3_cp1_cth_bhashiva_settlement_minor_3	derpy_effect_region_resource_blackpowder_production	building_to_building_own	8.0000	4.0000	0.0000	derpy_mr_blackpowder_1
wh3_dlc20_woc_chaos_altar_major_human_1	derpy_effect_region_resource_blackpowder_production	building_to_building_own	4.0000	2.0000	0.0000	derpy_mr_blackpowder_1
wh3_dlc20_woc_chaos_altar_special_gate_settlement_1	derpy_effect_region_resource_blackpowder_production	building_to_building_own	4.0000	2.0000	0.0000	derpy_mr_blackpowder_1
wh3_dlc20_woc_chaos_altar_special_gate_settlement_2	derpy_effect_region_resource_blackpowder_production	building_to_building_own	6.0000	3.0000	0.0000	derpy_mr_blackpowder_1
wh3_dlc20_woc_chaos_altar_special_gate_settlement_3	derpy_effect_region_resource_blackpowder_production	building_to_building_own	8.0000	4.0000	0.0000	derpy_mr_blackpowder_1
wh3_dlc20_settlement_woc_dark_fortress_1	derpy_effect_region_resource_blackpowder_production	building_to_building_own	4.0000	2.0000	0.0000	derpy_mr_blackpowder_1
wh3_dlc20_settlement_woc_dark_fortress_2	derpy_effect_region_resource_blackpowder_production	building_to_building_own	6.0000	3.0000	0.0000	derpy_mr_blackpowder_1
wh3_dlc20_settlement_woc_dark_fortress_3	derpy_effect_region_resource_blackpowder_production	building_to_building_own	8.0000	4.0000	0.0000	derpy_mr_blackpowder_1
wh3_dlc20_settlement_woc_dark_fortress_4	derpy_effect_region_resource_blackpowder_production	building_to_building_own	10.0000	5.0000	0.0000	derpy_mr_blackpowder_1
wh3_dlc20_settlement_woc_dark_fortress_5	derpy_effect_region_resource_blackpowder_production	building_to_building_own	12.0000	6.0000	0.0000	derpy_mr_blackpowder_1
wh3_dlc23_chd_settlement_factory_1	derpy_effect_region_resource_blackpowder_production	building_to_building_own	4.0000	2.0000	0.0000	derpy_mr_blackpowder_1
wh3_dlc23_chd_settlement_factory_2	derpy_effect_region_resource_blackpowder_production	building_to_building_own	6.0000	3.0000	0.0000	derpy_mr_blackpowder_1
wh3_dlc23_chd_settlement_factory_3	derpy_effect_region_resource_blackpowder_production	building_to_building_own	8.0000	4.0000	0.0000	derpy_mr_blackpowder_1
wh3_dlc23_chd_settlement_outpost_1	derpy_effect_region_resource_blackpowder_production	building_to_building_own	4.0000	2.0000	0.0000	derpy_mr_blackpowder_1
wh3_dlc23_chd_settlement_outpost_2	derpy_effect_region_resource_blackpowder_production	building_to_building_own	6.0000	3.0000	0.0000	derpy_mr_blackpowder_1
wh3_dlc23_chd_settlement_outpost_3	derpy_effect_region_resource_blackpowder_production	building_to_building_own	8.0000	4.0000	0.0000	derpy_mr_blackpowder_1
wh3_dlc23_chd_settlement_tower_1	derpy_effect_region_resource_blackpowder_production	building_to_building_own	4.0000	2.0000	0.0000	derpy_mr_blackpowder_1
wh3_dlc23_chd_settlement_tower_2	derpy_effect_region_resource_blackpowder_production	building_to_building_own	6.0000	3.0000	0.0000	derpy_mr_blackpowder_1
wh3_dlc23_chd_settlement_tower_3	derpy_effect_region_resource_blackpowder_production	building_to_building_own	8.0000	4.0000	0.0000	derpy_mr_blackpowder_1
wh3_dlc23_chd_settlement_tower_4	derpy_effect_region_resource_blackpowder_production	building_to_building_own	10.0000	5.0000	0.0000	derpy_mr_blackpowder_1
wh3_dlc23_chd_settlement_tower_5	derpy_effect_region_resource_blackpowder_production	building_to_building_own	12.0000	6.0000	0.0000	derpy_mr_blackpowder_1
wh3_dlc23_chd_special_settlement_tower_1	derpy_effect_region_resource_blackpowder_production	building_to_building_own	4.0000	2.0000	0.0000	derpy_mr_blackpowder_1
wh3_dlc23_chd_special_settlement_tower_2	derpy_effect_region_resource_blackpowder_production	building_to_building_own	6.0000	3.0000	0.0000	derpy_mr_blackpowder_1
wh3_dlc23_chd_special_settlement_tower_3	derpy_effect_region_resource_blackpowder_production	building_to_building_own	8.0000	4.0000	0.0000	derpy_mr_blackpowder_1
wh3_dlc23_chd_special_settlement_tower_4	derpy_effect_region_resource_blackpowder_production	building_to_building_own	10.0000	5.0000	0.0000	derpy_mr_blackpowder_1
wh3_dlc23_chd_special_settlement_tower_5	derpy_effect_region_resource_blackpowder_production	building_to_building_own	12.0000	6.0000	0.0000	derpy_mr_blackpowder_1
wh3_dlc23_special_empire_fort_chd_1	derpy_effect_region_resource_blackpowder_production	building_to_building_own	4.0000	2.0000	0.0000	derpy_mr_blackpowder_1
wh3_dlc23_special_empire_fort_chd_2	derpy_effect_region_resource_blackpowder_production	building_to_building_own	6.0000	3.0000	0.0000	derpy_mr_blackpowder_1
wh3_dlc23_special_empire_fort_chd_3	derpy_effect_region_resource_blackpowder_production	building_to_building_own	8.0000	4.0000	0.0000	derpy_mr_blackpowder_1
wh3_dlc23_special_empire_fort_chd_4	derpy_effect_region_resource_blackpowder_production	building_to_building_own	10.0000	5.0000	0.0000	derpy_mr_blackpowder_1
wh3_dlc23_special_empire_fort_chd_5	derpy_effect_region_resource_blackpowder_production	building_to_building_own	12.0000	6.0000	0.0000	derpy_mr_blackpowder_1
wh2_main_special_fortress_gate_eagle_chd_1	derpy_effect_region_resource_blackpowder_production	building_to_building_own	4.0000	2.0000	0.0000	derpy_mr_blackpowder_1
wh2_main_special_fortress_gate_eagle_chd_2	derpy_effect_region_resource_blackpowder_production	building_to_building_own	6.0000	3.0000	0.0000	derpy_mr_blackpowder_1
wh2_main_special_fortress_gate_eagle_chd_3	derpy_effect_region_resource_blackpowder_production	building_to_building_own	8.0000	4.0000	0.0000	derpy_mr_blackpowder_1
wh2_main_special_fortress_gate_eagle_chd_4	derpy_effect_region_resource_blackpowder_production	building_to_building_own	10.0000	5.0000	0.0000	derpy_mr_blackpowder_1
wh2_main_special_fortress_gate_eagle_chd_5	derpy_effect_region_resource_blackpowder_production	building_to_building_own	12.0000	6.0000	0.0000	derpy_mr_blackpowder_1
wh2_main_special_fortress_gate_griffon_chd_1	derpy_effect_region_resource_blackpowder_production	building_to_building_own	4.0000	2.0000	0.0000	derpy_mr_blackpowder_1
wh2_main_special_fortress_gate_griffon_chd_2	derpy_effect_region_resource_blackpowder_production	building_to_building_own	6.0000	3.0000	0.0000	derpy_mr_blackpowder_1
wh2_main_special_fortress_gate_griffon_chd_3	derpy_effect_region_resource_blackpowder_production	building_to_building_own	8.0000	4.0000	0.0000	derpy_mr_blackpowder_1
wh2_main_special_fortress_gate_griffon_chd_4	derpy_effect_region_resource_blackpowder_production	building_to_building_own	10.0000	5.0000	0.0000	derpy_mr_blackpowder_1
wh2_main_special_fortress_gate_griffon_chd_5	derpy_effect_region_resource_blackpowder_production	building_to_building_own	12.0000	6.0000	0.0000	derpy_mr_blackpowder_1
wh2_main_special_fortress_gate_phoenix_chd_1	derpy_effect_region_resource_blackpowder_production	building_to_building_own	4.0000	2.0000	0.0000	derpy_mr_blackpowder_1
wh2_main_special_fortress_gate_phoenix_chd_2	derpy_effect_region_resource_blackpowder_production	building_to_building_own	6.0000	3.0000	0.0000	derpy_mr_blackpowder_1
wh2_main_special_fortress_gate_phoenix_chd_3	derpy_effect_region_resource_blackpowder_production	building_to_building_own	8.0000	4.0000	0.0000	derpy_mr_blackpowder_1
wh2_main_special_fortress_gate_phoenix_chd_4	derpy_effect_region_resource_blackpowder_production	building_to_building_own	10.0000	5.0000	0.0000	derpy_mr_blackpowder_1
wh2_main_special_fortress_gate_phoenix_chd_5	derpy_effect_region_resource_blackpowder_production	building_to_building_own	12.0000	6.0000	0.0000	derpy_mr_blackpowder_1
wh2_main_special_fortress_gate_unicorn_chd_1	derpy_effect_region_resource_blackpowder_production	building_to_building_own	4.0000	2.0000	0.0000	derpy_mr_blackpowder_1
wh2_main_special_fortress_gate_unicorn_chd_2	derpy_effect_region_resource_blackpowder_production	building_to_building_own	6.0000	3.0000	0.0000	derpy_mr_blackpowder_1
wh2_main_special_fortress_gate_unicorn_chd_3	derpy_effect_region_resource_blackpowder_production	building_to_building_own	8.0000	4.0000	0.0000	derpy_mr_blackpowder_1
wh2_main_special_fortress_gate_unicorn_chd_4	derpy_effect_region_resource_blackpowder_production	building_to_building_own	10.0000	5.0000	0.0000	derpy_mr_blackpowder_1
wh2_main_special_fortress_gate_unicorn_chd_5	derpy_effect_region_resource_blackpowder_production	building_to_building_own	12.0000	6.0000	0.0000	derpy_mr_blackpowder_1
wh3_main_special_settlement_bastion_chd_1	derpy_effect_region_resource_blackpowder_production	building_to_building_own	4.0000	2.0000	0.0000	derpy_mr_blackpowder_1
wh3_main_special_settlement_bastion_chd_2	derpy_effect_region_resource_blackpowder_production	building_to_building_own	6.0000	3.0000	0.0000	derpy_mr_blackpowder_1
wh3_main_special_settlement_bastion_chd_3	derpy_effect_region_resource_blackpowder_production	building_to_building_own	8.0000	4.0000	0.0000	derpy_mr_blackpowder_1
wh3_main_special_settlement_bastion_chd_4	derpy_effect_region_resource_blackpowder_production	building_to_building_own	10.0000	5.0000	0.0000	derpy_mr_blackpowder_1
wh3_main_special_settlement_bastion_chd_5	derpy_effect_region_resource_blackpowder_production	building_to_building_own	12.0000	6.0000	0.0000	derpy_mr_blackpowder_1
wh3_dlc25_dwf_special_settlement_oak_of_ages_1	derpy_effect_region_resource_blackpowder_production	building_to_building_own	4.0000	2.0000	0.0000	derpy_mr_blackpowder_1
wh3_dlc27_hef_colony_settlement_major_1	derpy_effect_region_resource_blackpowder_production	building_to_building_own	4.0000	2.0000	0.0000	derpy_mr_blackpowder_1
wh3_dlc27_hef_colony_settlement_major_2	derpy_effect_region_resource_blackpowder_production	building_to_building_own	6.0000	3.0000	0.0000	derpy_mr_blackpowder_1
wh3_dlc27_hef_colony_settlement_major_3	derpy_effect_region_resource_blackpowder_production	building_to_building_own	8.0000	4.0000	0.0000	derpy_mr_blackpowder_1
wh3_dlc27_hef_colony_settlement_major_4	derpy_effect_region_resource_blackpowder_production	building_to_building_own	10.0000	5.0000	0.0000	derpy_mr_blackpowder_1
wh3_dlc27_hef_colony_settlement_major_5	derpy_effect_region_resource_blackpowder_production	building_to_building_own	12.0000	6.0000	0.0000	derpy_mr_blackpowder_1
wh3_dlc27_hef_colony_settlement_minor_1	derpy_effect_region_resource_blackpowder_production	building_to_building_own	4.0000	2.0000	0.0000	derpy_mr_blackpowder_1
wh3_dlc27_hef_colony_settlement_minor_2	derpy_effect_region_resource_blackpowder_production	building_to_building_own	6.0000	3.0000	0.0000	derpy_mr_blackpowder_1
wh3_dlc27_hef_colony_settlement_minor_3	derpy_effect_region_resource_blackpowder_production	building_to_building_own	8.0000	4.0000	0.0000	derpy_mr_blackpowder_1
wh3_dlc27_nor_chaos_altar_und_minor_human_1	derpy_effect_region_resource_blackpowder_production	building_to_building_own	4.0000	2.0000	0.0000	derpy_mr_blackpowder_1
wh3_dlc27_nor_chaos_altar_und_minor_human_2	derpy_effect_region_resource_blackpowder_production	building_to_building_own	6.0000	3.0000	0.0000	derpy_mr_blackpowder_1
wh3_dlc27_nor_chaos_altar_und_minor_human_3	derpy_effect_region_resource_blackpowder_production	building_to_building_own	8.0000	4.0000	0.0000	derpy_mr_blackpowder_1
wh3_dlc27_settlement_nor_chaos_altar_und_special_gate_1	derpy_effect_region_resource_blackpowder_production	building_to_building_own	4.0000	2.0000	0.0000	derpy_mr_blackpowder_1
wh3_dlc27_settlement_nor_chaos_altar_und_special_gate_2	derpy_effect_region_resource_blackpowder_production	building_to_building_own	6.0000	3.0000	0.0000	derpy_mr_blackpowder_1
wh3_dlc27_settlement_nor_chaos_altar_und_special_gate_3	derpy_effect_region_resource_blackpowder_production	building_to_building_own	8.0000	4.0000	0.0000	derpy_mr_blackpowder_1
wh3_dlc27_nor_chaos_altar_und_minor_human_port_1	derpy_effect_region_resource_blackpowder_production	building_to_building_own	4.0000	2.0000	0.0000	derpy_mr_blackpowder_1
wh3_dlc27_nor_chaos_altar_und_minor_human_port_2	derpy_effect_region_resource_blackpowder_production	building_to_building_own	6.0000	3.0000	0.0000	derpy_mr_blackpowder_1
wh3_dlc27_nor_chaos_altar_und_minor_human_port_3	derpy_effect_region_resource_blackpowder_production	building_to_building_own	8.0000	4.0000	0.0000	derpy_mr_blackpowder_1
wh3_dlc29_settlement_woc_nurgle_garden_ruins	derpy_effect_region_resource_blackpowder_production	building_to_building_own	4.0000	2.0000	0.0000	derpy_mr_blackpowder_1
wh3_dlc29_settlement_woc_nurgle_garden_1	derpy_effect_region_resource_blackpowder_production	building_to_building_own	6.0000	3.0000	0.0000	derpy_mr_blackpowder_1
wh3_dlc29_settlement_woc_nurgle_garden_2	derpy_effect_region_resource_blackpowder_production	building_to_building_own	8.0000	4.0000	0.0000	derpy_mr_blackpowder_1
wh3_dlc29_settlement_woc_nurgle_garden_3	derpy_effect_region_resource_blackpowder_production	building_to_building_own	10.0000	5.0000	0.0000	derpy_mr_blackpowder_1
wh3_dlc29_settlement_woc_nurgle_garden_4	derpy_effect_region_resource_blackpowder_production	building_to_building_own	12.0000	6.0000	0.0000	derpy_mr_blackpowder_1
wh3_dlc29_settlement_woc_nurgle_garden_5	derpy_effect_region_resource_blackpowder_production	building_to_building_own	12.0000	6.0000	0.0000	derpy_mr_blackpowder_1
wh3_dlc29_settlement_woc_nurgle_garden_minor_ruins	derpy_effect_region_resource_blackpowder_production	building_to_building_own	4.0000	2.0000	0.0000	derpy_mr_blackpowder_1
wh3_dlc29_settlement_woc_nurgle_garden_minor_1	derpy_effect_region_resource_blackpowder_production	building_to_building_own	6.0000	3.0000	0.0000	derpy_mr_blackpowder_1
wh3_dlc29_settlement_woc_nurgle_garden_minor_2	derpy_effect_region_resource_blackpowder_production	building_to_building_own	8.0000	4.0000	0.0000	derpy_mr_blackpowder_1
wh3_dlc29_settlement_woc_nurgle_garden_minor_3	derpy_effect_region_resource_blackpowder_production	building_to_building_own	10.0000	5.0000	0.0000	derpy_mr_blackpowder_1
wh3_dlc29_special_settlement_middenheim_1_emp	derpy_effect_region_resource_blackpowder_production	building_to_building_own	4.0000	2.0000	0.0000	derpy_mr_blackpowder_1
wh3_dlc29_special_settlement_middenheim_2_emp	derpy_effect_region_resource_blackpowder_production	building_to_building_own	6.0000	3.0000	0.0000	derpy_mr_blackpowder_1
wh3_dlc29_special_settlement_middenheim_3_emp	derpy_effect_region_resource_blackpowder_production	building_to_building_own	8.0000	4.0000	0.0000	derpy_mr_blackpowder_1
wh3_dlc29_special_settlement_middenheim_4_emp	derpy_effect_region_resource_blackpowder_production	building_to_building_own	10.0000	5.0000	0.0000	derpy_mr_blackpowder_1
wh3_dlc29_special_settlement_middenheim_5_emp	derpy_effect_region_resource_blackpowder_production	building_to_building_own	12.0000	6.0000	0.0000	derpy_mr_blackpowder_1
wh3_main_chs_settlement_minor_1	derpy_effect_region_resource_blackpowder_production	building_to_building_own	4.0000	2.0000	0.0000	derpy_mr_blackpowder_1
wh3_main_chs_settlement_minor_2	derpy_effect_region_resource_blackpowder_production	building_to_building_own	6.0000	3.0000	0.0000	derpy_mr_blackpowder_1
wh3_main_chs_settlement_minor_3	derpy_effect_region_resource_blackpowder_production	building_to_building_own	8.0000	4.0000	0.0000	derpy_mr_blackpowder_1
wh3_main_cth_bastion_primary_1	derpy_effect_region_resource_blackpowder_production	building_to_building_own	4.0000	2.0000	0.0000	derpy_mr_blackpowder_1
wh3_main_cth_bastion_primary_2	derpy_effect_region_resource_blackpowder_production	building_to_building_own	6.0000	3.0000	0.0000	derpy_mr_blackpowder_1
wh3_main_cth_bastion_primary_3	derpy_effect_region_resource_blackpowder_production	building_to_building_own	8.0000	4.0000	0.0000	derpy_mr_blackpowder_1
wh3_main_cth_bastion_primary_4	derpy_effect_region_resource_blackpowder_production	building_to_building_own	10.0000	5.0000	0.0000	derpy_mr_blackpowder_1
wh3_main_cth_bastion_primary_5	derpy_effect_region_resource_blackpowder_production	building_to_building_own	12.0000	6.0000	0.0000	derpy_mr_blackpowder_1
wh3_main_cth_settlement_major_1	derpy_effect_region_resource_blackpowder_production	building_to_building_own	4.0000	2.0000	0.0000	derpy_mr_blackpowder_1
wh3_main_cth_settlement_major_2	derpy_effect_region_resource_blackpowder_production	building_to_building_own	6.0000	3.0000	0.0000	derpy_mr_blackpowder_1
wh3_main_cth_settlement_major_3	derpy_effect_region_resource_blackpowder_production	building_to_building_own	8.0000	4.0000	0.0000	derpy_mr_blackpowder_1
wh3_main_cth_settlement_major_4	derpy_effect_region_resource_blackpowder_production	building_to_building_own	10.0000	5.0000	0.0000	derpy_mr_blackpowder_1
wh3_main_cth_settlement_major_5	derpy_effect_region_resource_blackpowder_production	building_to_building_own	12.0000	6.0000	0.0000	derpy_mr_blackpowder_1
wh3_main_cth_settlement_minor_1	derpy_effect_region_resource_blackpowder_production	building_to_building_own	4.0000	2.0000	0.0000	derpy_mr_blackpowder_1
wh3_main_cth_settlement_minor_2	derpy_effect_region_resource_blackpowder_production	building_to_building_own	6.0000	3.0000	0.0000	derpy_mr_blackpowder_1
wh3_main_cth_settlement_minor_3	derpy_effect_region_resource_blackpowder_production	building_to_building_own	8.0000	4.0000	0.0000	derpy_mr_blackpowder_1
wh3_main_ksl_erengrad_city_1	derpy_effect_region_resource_blackpowder_production	building_to_building_own	4.0000	2.0000	0.0000	derpy_mr_blackpowder_1
wh3_main_ksl_erengrad_city_2	derpy_effect_region_resource_blackpowder_production	building_to_building_own	6.0000	3.0000	0.0000	derpy_mr_blackpowder_1
wh3_main_ksl_erengrad_city_3	derpy_effect_region_resource_blackpowder_production	building_to_building_own	8.0000	4.0000	0.0000	derpy_mr_blackpowder_1
wh3_main_ksl_erengrad_city_4	derpy_effect_region_resource_blackpowder_production	building_to_building_own	10.0000	5.0000	0.0000	derpy_mr_blackpowder_1
wh3_main_ksl_erengrad_city_5	derpy_effect_region_resource_blackpowder_production	building_to_building_own	12.0000	6.0000	0.0000	derpy_mr_blackpowder_1
wh3_main_ksl_kislev_city_1	derpy_effect_region_resource_blackpowder_production	building_to_building_own	4.0000	2.0000	0.0000	derpy_mr_blackpowder_1
wh3_main_ksl_kislev_city_2	derpy_effect_region_resource_blackpowder_production	building_to_building_own	6.0000	3.0000	0.0000	derpy_mr_blackpowder_1
wh3_main_ksl_kislev_city_3	derpy_effect_region_resource_blackpowder_production	building_to_building_own	8.0000	4.0000	0.0000	derpy_mr_blackpowder_1
wh3_main_ksl_kislev_city_4	derpy_effect_region_resource_blackpowder_production	building_to_building_own	10.0000	5.0000	0.0000	derpy_mr_blackpowder_1
wh3_main_ksl_kislev_city_5	derpy_effect_region_resource_blackpowder_production	building_to_building_own	12.0000	6.0000	0.0000	derpy_mr_blackpowder_1
wh3_main_ksl_praag_city_1	derpy_effect_region_resource_blackpowder_production	building_to_building_own	4.0000	2.0000	0.0000	derpy_mr_blackpowder_1
wh3_main_ksl_praag_city_2	derpy_effect_region_resource_blackpowder_production	building_to_building_own	6.0000	3.0000	0.0000	derpy_mr_blackpowder_1
wh3_main_ksl_praag_city_3	derpy_effect_region_resource_blackpowder_production	building_to_building_own	8.0000	4.0000	0.0000	derpy_mr_blackpowder_1
wh3_main_ksl_praag_city_4	derpy_effect_region_resource_blackpowder_production	building_to_building_own	10.0000	5.0000	0.0000	derpy_mr_blackpowder_1
wh3_main_ksl_praag_city_5	derpy_effect_region_resource_blackpowder_production	building_to_building_own	12.0000	6.0000	0.0000	derpy_mr_blackpowder_1
wh3_main_ksl_settlement_major_1	derpy_effect_region_resource_blackpowder_production	building_to_building_own	4.0000	2.0000	0.0000	derpy_mr_blackpowder_1
wh3_main_ksl_settlement_major_2	derpy_effect_region_resource_blackpowder_production	building_to_building_own	6.0000	3.0000	0.0000	derpy_mr_blackpowder_1
wh3_main_ksl_settlement_major_3	derpy_effect_region_resource_blackpowder_production	building_to_building_own	8.0000	4.0000	0.0000	derpy_mr_blackpowder_1
wh3_main_ksl_settlement_major_4	derpy_effect_region_resource_blackpowder_production	building_to_building_own	10.0000	5.0000	0.0000	derpy_mr_blackpowder_1
wh3_main_ksl_settlement_major_5	derpy_effect_region_resource_blackpowder_production	building_to_building_own	12.0000	6.0000	0.0000	derpy_mr_blackpowder_1
wh3_main_ksl_settlement_minor_1	derpy_effect_region_resource_blackpowder_production	building_to_building_own	4.0000	2.0000	0.0000	derpy_mr_blackpowder_1
wh3_main_ksl_settlement_minor_2	derpy_effect_region_resource_blackpowder_production	building_to_building_own	6.0000	3.0000	0.0000	derpy_mr_blackpowder_1
wh3_main_ksl_settlement_minor_3	derpy_effect_region_resource_blackpowder_production	building_to_building_own	8.0000	4.0000	0.0000	derpy_mr_blackpowder_1
wh3_main_ogr_settlement_major_1	derpy_effect_region_resource_blackpowder_production	building_to_building_own	4.0000	2.0000	0.0000	derpy_mr_blackpowder_1
wh3_main_ogr_settlement_major_2	derpy_effect_region_resource_blackpowder_production	building_to_building_own	6.0000	3.0000	0.0000	derpy_mr_blackpowder_1
wh3_main_ogr_settlement_major_3	derpy_effect_region_resource_blackpowder_production	building_to_building_own	8.0000	4.0000	0.0000	derpy_mr_blackpowder_1
wh3_main_ogr_settlement_minor_1	derpy_effect_region_resource_blackpowder_production	building_to_building_own	4.0000	2.0000	0.0000	derpy_mr_blackpowder_1
wh3_main_ogr_settlement_minor_2	derpy_effect_region_resource_blackpowder_production	building_to_building_own	6.0000	3.0000	0.0000	derpy_mr_blackpowder_1
wh3_main_ogr_settlement_minor_3	derpy_effect_region_resource_blackpowder_production	building_to_building_own	8.0000	4.0000	0.0000	derpy_mr_blackpowder_1
wh3_main_special_settlement_wei_jin_1_wef	derpy_effect_region_resource_blackpowder_production	building_to_building_own	4.0000	2.0000	0.0000	derpy_mr_blackpowder_1
wh3_main_special_settlement_zharr_naggrund_1_wef	derpy_effect_region_resource_blackpowder_production	building_to_building_own	4.0000	2.0000	0.0000	derpy_mr_blackpowder_1
wh3_main_special_settlement_bastion_other_1	derpy_effect_region_resource_blackpowder_production	building_to_building_own	4.0000	2.0000	0.0000	derpy_mr_blackpowder_1
wh3_main_special_settlement_bastion_other_2	derpy_effect_region_resource_blackpowder_production	building_to_building_own	6.0000	3.0000	0.0000	derpy_mr_blackpowder_1
wh3_main_special_settlement_bastion_other_3	derpy_effect_region_resource_blackpowder_production	building_to_building_own	8.0000	4.0000	0.0000	derpy_mr_blackpowder_1
wh3_main_special_settlement_bastion_other_4	derpy_effect_region_resource_blackpowder_production	building_to_building_own	10.0000	5.0000	0.0000	derpy_mr_blackpowder_1
wh3_main_special_settlement_bastion_other_5	derpy_effect_region_resource_blackpowder_production	building_to_building_own	12.0000	6.0000	0.0000	derpy_mr_blackpowder_1
wh2_main_special_empire_fort_untainted_1	derpy_effect_region_resource_blackpowder_production	building_to_building_own	4.0000	2.0000	0.0000	derpy_mr_blackpowder_1
wh2_main_special_empire_fort_untainted_2	derpy_effect_region_resource_blackpowder_production	building_to_building_own	6.0000	3.0000	0.0000	derpy_mr_blackpowder_1
wh2_main_special_empire_fort_untainted_3	derpy_effect_region_resource_blackpowder_production	building_to_building_own	8.0000	4.0000	0.0000	derpy_mr_blackpowder_1
wh2_main_special_empire_fort_untainted_4	derpy_effect_region_resource_blackpowder_production	building_to_building_own	10.0000	5.0000	0.0000	derpy_mr_blackpowder_1
wh2_main_special_empire_fort_untainted_5	derpy_effect_region_resource_blackpowder_production	building_to_building_own	12.0000	6.0000	0.0000	derpy_mr_blackpowder_1
wh3_main_special_settlement_silver_pinnacle_1	derpy_effect_region_resource_blackpowder_production	building_to_building_own	4.0000	2.0000	0.0000	derpy_mr_blackpowder_1
wh3_main_special_settlement_silver_pinnacle_2	derpy_effect_region_resource_blackpowder_production	building_to_building_own	6.0000	3.0000	0.0000	derpy_mr_blackpowder_1
wh3_main_special_settlement_silver_pinnacle_3	derpy_effect_region_resource_blackpowder_production	building_to_building_own	8.0000	4.0000	0.0000	derpy_mr_blackpowder_1
wh3_main_special_settlement_silver_pinnacle_4	derpy_effect_region_resource_blackpowder_production	building_to_building_own	10.0000	5.0000	0.0000	derpy_mr_blackpowder_1
wh3_main_special_settlement_silver_pinnacle_5	derpy_effect_region_resource_blackpowder_production	building_to_building_own	12.0000	6.0000	0.0000	derpy_mr_blackpowder_1
wh_main_special_settlement_wei_jin_1	derpy_effect_region_resource_blackpowder_production	building_to_building_own	4.0000	2.0000	0.0000	derpy_mr_blackpowder_1
wh_main_special_settlement_wei_jin_2	derpy_effect_region_resource_blackpowder_production	building_to_building_own	6.0000	3.0000	0.0000	derpy_mr_blackpowder_1
wh_main_special_settlement_wei_jin_3	derpy_effect_region_resource_blackpowder_production	building_to_building_own	8.0000	4.0000	0.0000	derpy_mr_blackpowder_1
wh_main_special_settlement_wei_jin_4	derpy_effect_region_resource_blackpowder_production	building_to_building_own	10.0000	5.0000	0.0000	derpy_mr_blackpowder_1
wh_main_special_settlement_wei_jin_5	derpy_effect_region_resource_blackpowder_production	building_to_building_own	12.0000	6.0000	0.0000	derpy_mr_blackpowder_1
wh_dlc05_wef_outpost_major_human_1	derpy_effect_region_resource_blackpowder_production	building_to_building_own	4.0000	2.0000	0.0000	derpy_mr_blackpowder_1
wh_dlc05_special_settlement_altdorf_1_wef	derpy_effect_region_resource_blackpowder_production	building_to_building_own	4.0000	2.0000	0.0000	derpy_mr_blackpowder_1
wh_dlc05_special_settlement_black_crag_1_wef	derpy_effect_region_resource_blackpowder_production	building_to_building_own	4.0000	2.0000	0.0000	derpy_mr_blackpowder_1
wh_dlc05_special_settlement_castle_drakenhof_1_wef	derpy_effect_region_resource_blackpowder_production	building_to_building_own	4.0000	2.0000	0.0000	derpy_mr_blackpowder_1
wh_dlc05_special_settlement_couronne_1_wef	derpy_effect_region_resource_blackpowder_production	building_to_building_own	4.0000	2.0000	0.0000	derpy_mr_blackpowder_1
wh_dlc05_special_settlement_eight_peaks_1_wef	derpy_effect_region_resource_blackpowder_production	building_to_building_own	4.0000	2.0000	0.0000	derpy_mr_blackpowder_1
wh_dlc05_special_settlement_karaz_a_karak_1_wef	derpy_effect_region_resource_blackpowder_production	building_to_building_own	4.0000	2.0000	0.0000	derpy_mr_blackpowder_1
wh_dlc05_special_settlement_kislev_1_wef	derpy_effect_region_resource_blackpowder_production	building_to_building_own	4.0000	2.0000	0.0000	derpy_mr_blackpowder_1
wh_dlc05_special_settlement_miragliano_1_wef	derpy_effect_region_resource_blackpowder_production	building_to_building_own	4.0000	2.0000	0.0000	derpy_mr_blackpowder_1
wh_dlc05_wef_oak_of_ages_1	derpy_effect_region_resource_blackpowder_production	building_to_building_own	4.0000	2.0000	0.0000	derpy_mr_blackpowder_1
wh_dlc05_wef_oak_of_ages_2	derpy_effect_region_resource_blackpowder_production	building_to_building_own	6.0000	3.0000	0.0000	derpy_mr_blackpowder_1
wh_dlc05_wef_oak_of_ages_3	derpy_effect_region_resource_blackpowder_production	building_to_building_own	8.0000	4.0000	0.0000	derpy_mr_blackpowder_1
wh_dlc05_wef_oak_of_ages_4	derpy_effect_region_resource_blackpowder_production	building_to_building_own	10.0000	5.0000	0.0000	derpy_mr_blackpowder_1
wh_dlc05_wef_oak_of_ages_5	derpy_effect_region_resource_blackpowder_production	building_to_building_own	12.0000	6.0000	0.0000	derpy_mr_blackpowder_1
wh_dlc05_wef_settlement_major_main_1	derpy_effect_region_resource_blackpowder_production	building_to_building_own	4.0000	2.0000	0.0000	derpy_mr_blackpowder_1
wh_dlc05_wef_settlement_major_main_2	derpy_effect_region_resource_blackpowder_production	building_to_building_own	6.0000	3.0000	0.0000	derpy_mr_blackpowder_1
wh_dlc05_wef_settlement_major_main_3	derpy_effect_region_resource_blackpowder_production	building_to_building_own	8.0000	4.0000	0.0000	derpy_mr_blackpowder_1
wh_dlc05_wef_settlement_major_main_4	derpy_effect_region_resource_blackpowder_production	building_to_building_own	10.0000	5.0000	0.0000	derpy_mr_blackpowder_1
wh_dlc05_wef_settlement_major_main_5	derpy_effect_region_resource_blackpowder_production	building_to_building_own	12.0000	6.0000	0.0000	derpy_mr_blackpowder_1
wh_main_grn_settlement_major_1_skarsnik	derpy_effect_region_resource_blackpowder_production	building_to_building_own	4.0000	2.0000	0.0000	derpy_mr_blackpowder_1
wh_main_grn_settlement_major_2_skarsnik	derpy_effect_region_resource_blackpowder_production	building_to_building_own	6.0000	3.0000	0.0000	derpy_mr_blackpowder_1
wh_main_grn_settlement_major_3_skarsnik	derpy_effect_region_resource_blackpowder_production	building_to_building_own	8.0000	4.0000	0.0000	derpy_mr_blackpowder_1
wh_main_grn_settlement_major_4_skarsnik	derpy_effect_region_resource_blackpowder_production	building_to_building_own	10.0000	5.0000	0.0000	derpy_mr_blackpowder_1
wh_main_grn_settlement_major_5_skarsnik	derpy_effect_region_resource_blackpowder_production	building_to_building_own	12.0000	6.0000	0.0000	derpy_mr_blackpowder_1
wh_main_grn_settlement_major_1_wurrzag	derpy_effect_region_resource_blackpowder_production	building_to_building_own	4.0000	2.0000	0.0000	derpy_mr_blackpowder_1
wh_main_grn_settlement_major_2_wurrzag	derpy_effect_region_resource_blackpowder_production	building_to_building_own	6.0000	3.0000	0.0000	derpy_mr_blackpowder_1
wh_main_grn_settlement_major_3_wurrzag	derpy_effect_region_resource_blackpowder_production	building_to_building_own	8.0000	4.0000	0.0000	derpy_mr_blackpowder_1
wh_main_grn_settlement_major_4_wurrzag	derpy_effect_region_resource_blackpowder_production	building_to_building_own	10.0000	5.0000	0.0000	derpy_mr_blackpowder_1
wh_main_grn_settlement_major_5_wurrzag	derpy_effect_region_resource_blackpowder_production	building_to_building_own	12.0000	6.0000	0.0000	derpy_mr_blackpowder_1
wh_main_grn_settlement_minor_1_skarsnik	derpy_effect_region_resource_blackpowder_production	building_to_building_own	4.0000	2.0000	0.0000	derpy_mr_blackpowder_1
wh_main_grn_settlement_minor_2_skarsnik	derpy_effect_region_resource_blackpowder_production	building_to_building_own	6.0000	3.0000	0.0000	derpy_mr_blackpowder_1
wh_main_grn_settlement_minor_3_skarsnik	derpy_effect_region_resource_blackpowder_production	building_to_building_own	8.0000	4.0000	0.0000	derpy_mr_blackpowder_1
wh_main_grn_settlement_minor_1_wurrzag	derpy_effect_region_resource_blackpowder_production	building_to_building_own	4.0000	2.0000	0.0000	derpy_mr_blackpowder_1
wh_main_grn_settlement_minor_2_wurrzag	derpy_effect_region_resource_blackpowder_production	building_to_building_own	6.0000	3.0000	0.0000	derpy_mr_blackpowder_1
wh_main_grn_settlement_minor_3_wurrzag	derpy_effect_region_resource_blackpowder_production	building_to_building_own	8.0000	4.0000	0.0000	derpy_mr_blackpowder_1
wh_main_brt_settlement_major_1	derpy_effect_region_resource_blackpowder_production	building_to_building_own	4.0000	2.0000	0.0000	derpy_mr_blackpowder_1
wh_main_brt_settlement_major_2	derpy_effect_region_resource_blackpowder_production	building_to_building_own	6.0000	3.0000	0.0000	derpy_mr_blackpowder_1
wh_main_brt_settlement_major_3	derpy_effect_region_resource_blackpowder_production	building_to_building_own	8.0000	4.0000	0.0000	derpy_mr_blackpowder_1
wh_main_brt_settlement_major_4	derpy_effect_region_resource_blackpowder_production	building_to_building_own	10.0000	5.0000	0.0000	derpy_mr_blackpowder_1
wh_main_brt_settlement_major_5	derpy_effect_region_resource_blackpowder_production	building_to_building_own	12.0000	6.0000	0.0000	derpy_mr_blackpowder_1
wh_main_brt_settlement_minor_1	derpy_effect_region_resource_blackpowder_production	building_to_building_own	4.0000	2.0000	0.0000	derpy_mr_blackpowder_1
wh_main_brt_settlement_minor_2	derpy_effect_region_resource_blackpowder_production	building_to_building_own	6.0000	3.0000	0.0000	derpy_mr_blackpowder_1
wh_main_brt_settlement_minor_3	derpy_effect_region_resource_blackpowder_production	building_to_building_own	8.0000	4.0000	0.0000	derpy_mr_blackpowder_1
wh_main_dwf_settlement_major_1	derpy_effect_region_resource_blackpowder_production	building_to_building_own	4.0000	2.0000	0.0000	derpy_mr_blackpowder_1
wh_main_dwf_settlement_major_2	derpy_effect_region_resource_blackpowder_production	building_to_building_own	6.0000	3.0000	0.0000	derpy_mr_blackpowder_1
wh_main_dwf_settlement_major_3	derpy_effect_region_resource_blackpowder_production	building_to_building_own	8.0000	4.0000	0.0000	derpy_mr_blackpowder_1
wh_main_dwf_settlement_major_4	derpy_effect_region_resource_blackpowder_production	building_to_building_own	10.0000	5.0000	0.0000	derpy_mr_blackpowder_1
wh_main_dwf_settlement_major_5	derpy_effect_region_resource_blackpowder_production	building_to_building_own	12.0000	6.0000	0.0000	derpy_mr_blackpowder_1
wh_main_dwf_settlement_minor_1	derpy_effect_region_resource_blackpowder_production	building_to_building_own	4.0000	2.0000	0.0000	derpy_mr_blackpowder_1
wh_main_dwf_settlement_minor_2	derpy_effect_region_resource_blackpowder_production	building_to_building_own	6.0000	3.0000	0.0000	derpy_mr_blackpowder_1
wh_main_dwf_settlement_minor_3	derpy_effect_region_resource_blackpowder_production	building_to_building_own	8.0000	4.0000	0.0000	derpy_mr_blackpowder_1
wh_main_emp_settlement_major_1	derpy_effect_region_resource_blackpowder_production	building_to_building_own	4.0000	2.0000	0.0000	derpy_mr_blackpowder_1
wh_main_emp_settlement_major_2	derpy_effect_region_resource_blackpowder_production	building_to_building_own	6.0000	3.0000	0.0000	derpy_mr_blackpowder_1
wh_main_emp_settlement_major_3	derpy_effect_region_resource_blackpowder_production	building_to_building_own	8.0000	4.0000	0.0000	derpy_mr_blackpowder_1
wh_main_emp_settlement_major_4	derpy_effect_region_resource_blackpowder_production	building_to_building_own	10.0000	5.0000	0.0000	derpy_mr_blackpowder_1
wh_main_emp_settlement_major_5	derpy_effect_region_resource_blackpowder_production	building_to_building_own	12.0000	6.0000	0.0000	derpy_mr_blackpowder_1
wh_main_emp_settlement_minor_1	derpy_effect_region_resource_blackpowder_production	building_to_building_own	4.0000	2.0000	0.0000	derpy_mr_blackpowder_1
wh_main_emp_settlement_minor_2	derpy_effect_region_resource_blackpowder_production	building_to_building_own	6.0000	3.0000	0.0000	derpy_mr_blackpowder_1
wh_main_emp_settlement_minor_3	derpy_effect_region_resource_blackpowder_production	building_to_building_own	8.0000	4.0000	0.0000	derpy_mr_blackpowder_1
wh_main_grn_settlement_major_1	derpy_effect_region_resource_blackpowder_production	building_to_building_own	4.0000	2.0000	0.0000	derpy_mr_blackpowder_1
wh_main_grn_settlement_major_2	derpy_effect_region_resource_blackpowder_production	building_to_building_own	6.0000	3.0000	0.0000	derpy_mr_blackpowder_1
wh_main_grn_settlement_major_3	derpy_effect_region_resource_blackpowder_production	building_to_building_own	8.0000	4.0000	0.0000	derpy_mr_blackpowder_1
wh_main_grn_settlement_major_4	derpy_effect_region_resource_blackpowder_production	building_to_building_own	10.0000	5.0000	0.0000	derpy_mr_blackpowder_1
wh_main_grn_settlement_major_5	derpy_effect_region_resource_blackpowder_production	building_to_building_own	12.0000	6.0000	0.0000	derpy_mr_blackpowder_1
wh_main_grn_settlement_minor_1	derpy_effect_region_resource_blackpowder_production	building_to_building_own	4.0000	2.0000	0.0000	derpy_mr_blackpowder_1
wh_main_grn_settlement_minor_2	derpy_effect_region_resource_blackpowder_production	building_to_building_own	6.0000	3.0000	0.0000	derpy_mr_blackpowder_1
wh_main_grn_settlement_minor_3	derpy_effect_region_resource_blackpowder_production	building_to_building_own	8.0000	4.0000	0.0000	derpy_mr_blackpowder_1
wh_main_nor_settlement_major_1	derpy_effect_region_resource_blackpowder_production	building_to_building_own	4.0000	2.0000	0.0000	derpy_mr_blackpowder_1
wh_main_nor_settlement_major_2	derpy_effect_region_resource_blackpowder_production	building_to_building_own	6.0000	3.0000	0.0000	derpy_mr_blackpowder_1
wh_main_nor_settlement_major_3	derpy_effect_region_resource_blackpowder_production	building_to_building_own	8.0000	4.0000	0.0000	derpy_mr_blackpowder_1
wh_main_nor_settlement_major_4	derpy_effect_region_resource_blackpowder_production	building_to_building_own	10.0000	5.0000	0.0000	derpy_mr_blackpowder_1
wh_main_nor_settlement_major_5	derpy_effect_region_resource_blackpowder_production	building_to_building_own	12.0000	6.0000	0.0000	derpy_mr_blackpowder_1
wh_main_nor_settlement_minor_1	derpy_effect_region_resource_blackpowder_production	building_to_building_own	4.0000	2.0000	0.0000	derpy_mr_blackpowder_1
wh_main_nor_settlement_minor_2	derpy_effect_region_resource_blackpowder_production	building_to_building_own	6.0000	3.0000	0.0000	derpy_mr_blackpowder_1
wh_main_nor_settlement_minor_3	derpy_effect_region_resource_blackpowder_production	building_to_building_own	8.0000	4.0000	0.0000	derpy_mr_blackpowder_1
wh_main_savage_settlement_major_1	derpy_effect_region_resource_blackpowder_production	building_to_building_own	4.0000	2.0000	0.0000	derpy_mr_blackpowder_1
wh_main_savage_settlement_major_2	derpy_effect_region_resource_blackpowder_production	building_to_building_own	6.0000	3.0000	0.0000	derpy_mr_blackpowder_1
wh_main_savage_settlement_major_3	derpy_effect_region_resource_blackpowder_production	building_to_building_own	8.0000	4.0000	0.0000	derpy_mr_blackpowder_1
wh_main_savage_settlement_minor_1	derpy_effect_region_resource_blackpowder_production	building_to_building_own	4.0000	2.0000	0.0000	derpy_mr_blackpowder_1
wh_main_savage_settlement_minor_2	derpy_effect_region_resource_blackpowder_production	building_to_building_own	6.0000	3.0000	0.0000	derpy_mr_blackpowder_1
wh_main_savage_settlement_minor_3	derpy_effect_region_resource_blackpowder_production	building_to_building_own	8.0000	4.0000	0.0000	derpy_mr_blackpowder_1
wh_main_vmp_settlement_major_1	derpy_effect_region_resource_blackpowder_production	building_to_building_own	4.0000	2.0000	0.0000	derpy_mr_blackpowder_1
wh_main_vmp_settlement_major_2	derpy_effect_region_resource_blackpowder_production	building_to_building_own	6.0000	3.0000	0.0000	derpy_mr_blackpowder_1
wh_main_vmp_settlement_major_3	derpy_effect_region_resource_blackpowder_production	building_to_building_own	8.0000	4.0000	0.0000	derpy_mr_blackpowder_1
wh_main_vmp_settlement_major_4	derpy_effect_region_resource_blackpowder_production	building_to_building_own	10.0000	5.0000	0.0000	derpy_mr_blackpowder_1
wh_main_vmp_settlement_major_5	derpy_effect_region_resource_blackpowder_production	building_to_building_own	12.0000	6.0000	0.0000	derpy_mr_blackpowder_1
wh_main_vmp_settlement_minor_1	derpy_effect_region_resource_blackpowder_production	building_to_building_own	4.0000	2.0000	0.0000	derpy_mr_blackpowder_1
wh_main_vmp_settlement_minor_2	derpy_effect_region_resource_blackpowder_production	building_to_building_own	6.0000	3.0000	0.0000	derpy_mr_blackpowder_1
wh_main_vmp_settlement_minor_3	derpy_effect_region_resource_blackpowder_production	building_to_building_own	8.0000	4.0000	0.0000	derpy_mr_blackpowder_1
wh_main_special_settlement_altdorf_1_emp	derpy_effect_region_resource_blackpowder_production	building_to_building_own	4.0000	2.0000	0.0000	derpy_mr_blackpowder_1
wh_main_special_settlement_altdorf_2_emp	derpy_effect_region_resource_blackpowder_production	building_to_building_own	6.0000	3.0000	0.0000	derpy_mr_blackpowder_1
wh_main_special_settlement_altdorf_3_emp	derpy_effect_region_resource_blackpowder_production	building_to_building_own	8.0000	4.0000	0.0000	derpy_mr_blackpowder_1
wh_main_special_settlement_altdorf_4_emp	derpy_effect_region_resource_blackpowder_production	building_to_building_own	10.0000	5.0000	0.0000	derpy_mr_blackpowder_1
wh_main_special_settlement_altdorf_5_emp	derpy_effect_region_resource_blackpowder_production	building_to_building_own	12.0000	6.0000	0.0000	derpy_mr_blackpowder_1
wh_main_special_settlement_altdorf_1_vmp	derpy_effect_region_resource_blackpowder_production	building_to_building_own	4.0000	2.0000	0.0000	derpy_mr_blackpowder_1
wh_main_special_settlement_altdorf_2_vmp	derpy_effect_region_resource_blackpowder_production	building_to_building_own	6.0000	3.0000	0.0000	derpy_mr_blackpowder_1
wh_main_special_settlement_altdorf_3_vmp	derpy_effect_region_resource_blackpowder_production	building_to_building_own	8.0000	4.0000	0.0000	derpy_mr_blackpowder_1
wh_main_special_settlement_altdorf_4_vmp	derpy_effect_region_resource_blackpowder_production	building_to_building_own	10.0000	5.0000	0.0000	derpy_mr_blackpowder_1
wh_main_special_settlement_altdorf_5_vmp	derpy_effect_region_resource_blackpowder_production	building_to_building_own	12.0000	6.0000	0.0000	derpy_mr_blackpowder_1
wh_main_special_settlement_black_crag_1_grn	derpy_effect_region_resource_blackpowder_production	building_to_building_own	4.0000	2.0000	0.0000	derpy_mr_blackpowder_1
wh_main_special_settlement_black_crag_2_grn	derpy_effect_region_resource_blackpowder_production	building_to_building_own	6.0000	3.0000	0.0000	derpy_mr_blackpowder_1
wh_main_special_settlement_black_crag_3_grn	derpy_effect_region_resource_blackpowder_production	building_to_building_own	8.0000	4.0000	0.0000	derpy_mr_blackpowder_1
wh_main_special_settlement_black_crag_4_grn	derpy_effect_region_resource_blackpowder_production	building_to_building_own	10.0000	5.0000	0.0000	derpy_mr_blackpowder_1
wh_main_special_settlement_black_crag_5_grn	derpy_effect_region_resource_blackpowder_production	building_to_building_own	12.0000	6.0000	0.0000	derpy_mr_blackpowder_1
wh_main_special_settlement_black_crag_1_dwf	derpy_effect_region_resource_blackpowder_production	building_to_building_own	4.0000	2.0000	0.0000	derpy_mr_blackpowder_1
wh_main_special_settlement_black_crag_2_dwf	derpy_effect_region_resource_blackpowder_production	building_to_building_own	6.0000	3.0000	0.0000	derpy_mr_blackpowder_1
wh_main_special_settlement_black_crag_3_dwf	derpy_effect_region_resource_blackpowder_production	building_to_building_own	8.0000	4.0000	0.0000	derpy_mr_blackpowder_1
wh_main_special_settlement_black_crag_4_dwf	derpy_effect_region_resource_blackpowder_production	building_to_building_own	10.0000	5.0000	0.0000	derpy_mr_blackpowder_1
wh_main_special_settlement_black_crag_5_dwf	derpy_effect_region_resource_blackpowder_production	building_to_building_own	12.0000	6.0000	0.0000	derpy_mr_blackpowder_1
wh_main_special_settlement_black_crag_1_savage	derpy_effect_region_resource_blackpowder_production	building_to_building_own	4.0000	2.0000	0.0000	derpy_mr_blackpowder_1
wh_main_special_settlement_black_crag_2_savage	derpy_effect_region_resource_blackpowder_production	building_to_building_own	6.0000	3.0000	0.0000	derpy_mr_blackpowder_1
wh_main_special_settlement_black_crag_3_savage	derpy_effect_region_resource_blackpowder_production	building_to_building_own	8.0000	4.0000	0.0000	derpy_mr_blackpowder_1
wh_main_special_settlement_castle_drakenhof_1_vmp	derpy_effect_region_resource_blackpowder_production	building_to_building_own	4.0000	2.0000	0.0000	derpy_mr_blackpowder_1
wh_main_special_settlement_castle_drakenhof_2_vmp	derpy_effect_region_resource_blackpowder_production	building_to_building_own	6.0000	3.0000	0.0000	derpy_mr_blackpowder_1
wh_main_special_settlement_castle_drakenhof_3_vmp	derpy_effect_region_resource_blackpowder_production	building_to_building_own	8.0000	4.0000	0.0000	derpy_mr_blackpowder_1
wh_main_special_settlement_castle_drakenhof_4_vmp	derpy_effect_region_resource_blackpowder_production	building_to_building_own	10.0000	5.0000	0.0000	derpy_mr_blackpowder_1
wh_main_special_settlement_castle_drakenhof_5_vmp	derpy_effect_region_resource_blackpowder_production	building_to_building_own	12.0000	6.0000	0.0000	derpy_mr_blackpowder_1
wh_main_special_settlement_castle_drakenhof_1_brt	derpy_effect_region_resource_blackpowder_production	building_to_building_own	4.0000	2.0000	0.0000	derpy_mr_blackpowder_1
wh_main_special_settlement_castle_drakenhof_2_brt	derpy_effect_region_resource_blackpowder_production	building_to_building_own	6.0000	3.0000	0.0000	derpy_mr_blackpowder_1
wh_main_special_settlement_castle_drakenhof_3_brt	derpy_effect_region_resource_blackpowder_production	building_to_building_own	8.0000	4.0000	0.0000	derpy_mr_blackpowder_1
wh_main_special_settlement_castle_drakenhof_4_brt	derpy_effect_region_resource_blackpowder_production	building_to_building_own	10.0000	5.0000	0.0000	derpy_mr_blackpowder_1
wh_main_special_settlement_castle_drakenhof_5_brt	derpy_effect_region_resource_blackpowder_production	building_to_building_own	12.0000	6.0000	0.0000	derpy_mr_blackpowder_1
wh_main_special_settlement_castle_drakenhof_1_emp	derpy_effect_region_resource_blackpowder_production	building_to_building_own	4.0000	2.0000	0.0000	derpy_mr_blackpowder_1
wh_main_special_settlement_castle_drakenhof_2_emp	derpy_effect_region_resource_blackpowder_production	building_to_building_own	6.0000	3.0000	0.0000	derpy_mr_blackpowder_1
wh_main_special_settlement_castle_drakenhof_3_emp	derpy_effect_region_resource_blackpowder_production	building_to_building_own	8.0000	4.0000	0.0000	derpy_mr_blackpowder_1
wh_main_special_settlement_castle_drakenhof_4_emp	derpy_effect_region_resource_blackpowder_production	building_to_building_own	10.0000	5.0000	0.0000	derpy_mr_blackpowder_1
wh_main_special_settlement_castle_drakenhof_5_emp	derpy_effect_region_resource_blackpowder_production	building_to_building_own	12.0000	6.0000	0.0000	derpy_mr_blackpowder_1
wh_main_special_settlement_couronne_1_brt	derpy_effect_region_resource_blackpowder_production	building_to_building_own	4.0000	2.0000	0.0000	derpy_mr_blackpowder_1
wh_main_special_settlement_couronne_2_brt	derpy_effect_region_resource_blackpowder_production	building_to_building_own	6.0000	3.0000	0.0000	derpy_mr_blackpowder_1
wh_main_special_settlement_couronne_3_brt	derpy_effect_region_resource_blackpowder_production	building_to_building_own	8.0000	4.0000	0.0000	derpy_mr_blackpowder_1
wh_main_special_settlement_couronne_4_brt	derpy_effect_region_resource_blackpowder_production	building_to_building_own	10.0000	5.0000	0.0000	derpy_mr_blackpowder_1
wh_main_special_settlement_couronne_5_brt	derpy_effect_region_resource_blackpowder_production	building_to_building_own	12.0000	6.0000	0.0000	derpy_mr_blackpowder_1
wh_main_special_settlement_couronne_1_emp	derpy_effect_region_resource_blackpowder_production	building_to_building_own	4.0000	2.0000	0.0000	derpy_mr_blackpowder_1
wh_main_special_settlement_couronne_2_emp	derpy_effect_region_resource_blackpowder_production	building_to_building_own	6.0000	3.0000	0.0000	derpy_mr_blackpowder_1
wh_main_special_settlement_couronne_3_emp	derpy_effect_region_resource_blackpowder_production	building_to_building_own	8.0000	4.0000	0.0000	derpy_mr_blackpowder_1
wh_main_special_settlement_couronne_4_emp	derpy_effect_region_resource_blackpowder_production	building_to_building_own	10.0000	5.0000	0.0000	derpy_mr_blackpowder_1
wh_main_special_settlement_couronne_5_emp	derpy_effect_region_resource_blackpowder_production	building_to_building_own	12.0000	6.0000	0.0000	derpy_mr_blackpowder_1
wh_main_special_settlement_couronne_1_vmp	derpy_effect_region_resource_blackpowder_production	building_to_building_own	4.0000	2.0000	0.0000	derpy_mr_blackpowder_1
wh_main_special_settlement_couronne_2_vmp	derpy_effect_region_resource_blackpowder_production	building_to_building_own	6.0000	3.0000	0.0000	derpy_mr_blackpowder_1
wh_main_special_settlement_couronne_3_vmp	derpy_effect_region_resource_blackpowder_production	building_to_building_own	8.0000	4.0000	0.0000	derpy_mr_blackpowder_1
wh_main_special_settlement_couronne_4_vmp	derpy_effect_region_resource_blackpowder_production	building_to_building_own	10.0000	5.0000	0.0000	derpy_mr_blackpowder_1
wh_main_special_settlement_couronne_5_vmp	derpy_effect_region_resource_blackpowder_production	building_to_building_own	12.0000	6.0000	0.0000	derpy_mr_blackpowder_1
wh_main_special_settlement_eight_peaks_1_grn	derpy_effect_region_resource_blackpowder_production	building_to_building_own	4.0000	2.0000	0.0000	derpy_mr_blackpowder_1
wh_main_special_settlement_eight_peaks_2_grn	derpy_effect_region_resource_blackpowder_production	building_to_building_own	6.0000	3.0000	0.0000	derpy_mr_blackpowder_1
wh_main_special_settlement_eight_peaks_3_grn	derpy_effect_region_resource_blackpowder_production	building_to_building_own	8.0000	4.0000	0.0000	derpy_mr_blackpowder_1
wh_main_special_settlement_eight_peaks_4_grn	derpy_effect_region_resource_blackpowder_production	building_to_building_own	10.0000	5.0000	0.0000	derpy_mr_blackpowder_1
wh_main_special_settlement_eight_peaks_5_grn	derpy_effect_region_resource_blackpowder_production	building_to_building_own	12.0000	6.0000	0.0000	derpy_mr_blackpowder_1
wh_main_special_settlement_eight_peaks_1_dwf	derpy_effect_region_resource_blackpowder_production	building_to_building_own	4.0000	2.0000	0.0000	derpy_mr_blackpowder_1
wh_main_special_settlement_eight_peaks_2_dwf	derpy_effect_region_resource_blackpowder_production	building_to_building_own	6.0000	3.0000	0.0000	derpy_mr_blackpowder_1
wh_main_special_settlement_eight_peaks_3_dwf	derpy_effect_region_resource_blackpowder_production	building_to_building_own	8.0000	4.0000	0.0000	derpy_mr_blackpowder_1
wh_main_special_settlement_eight_peaks_4_dwf	derpy_effect_region_resource_blackpowder_production	building_to_building_own	10.0000	5.0000	0.0000	derpy_mr_blackpowder_1
wh_main_special_settlement_eight_peaks_5_dwf	derpy_effect_region_resource_blackpowder_production	building_to_building_own	12.0000	6.0000	0.0000	derpy_mr_blackpowder_1
wh_main_special_settlement_eight_peaks_1_savage	derpy_effect_region_resource_blackpowder_production	building_to_building_own	4.0000	2.0000	0.0000	derpy_mr_blackpowder_1
wh_main_special_settlement_eight_peaks_2_savage	derpy_effect_region_resource_blackpowder_production	building_to_building_own	6.0000	3.0000	0.0000	derpy_mr_blackpowder_1
wh_main_special_settlement_eight_peaks_3_savage	derpy_effect_region_resource_blackpowder_production	building_to_building_own	8.0000	4.0000	0.0000	derpy_mr_blackpowder_1
wh_main_special_settlement_karaz_a_karak_1_dwf	derpy_effect_region_resource_blackpowder_production	building_to_building_own	4.0000	2.0000	0.0000	derpy_mr_blackpowder_1
wh_main_special_settlement_karaz_a_karak_2_dwf	derpy_effect_region_resource_blackpowder_production	building_to_building_own	6.0000	3.0000	0.0000	derpy_mr_blackpowder_1
wh_main_special_settlement_karaz_a_karak_3_dwf	derpy_effect_region_resource_blackpowder_production	building_to_building_own	8.0000	4.0000	0.0000	derpy_mr_blackpowder_1
wh_main_special_settlement_karaz_a_karak_4_dwf	derpy_effect_region_resource_blackpowder_production	building_to_building_own	10.0000	5.0000	0.0000	derpy_mr_blackpowder_1
wh_main_special_settlement_karaz_a_karak_5_dwf	derpy_effect_region_resource_blackpowder_production	building_to_building_own	12.0000	6.0000	0.0000	derpy_mr_blackpowder_1
wh_main_special_settlement_karaz_a_karak_1_grn	derpy_effect_region_resource_blackpowder_production	building_to_building_own	4.0000	2.0000	0.0000	derpy_mr_blackpowder_1
wh_main_special_settlement_karaz_a_karak_2_grn	derpy_effect_region_resource_blackpowder_production	building_to_building_own	6.0000	3.0000	0.0000	derpy_mr_blackpowder_1
wh_main_special_settlement_karaz_a_karak_3_grn	derpy_effect_region_resource_blackpowder_production	building_to_building_own	8.0000	4.0000	0.0000	derpy_mr_blackpowder_1
wh_main_special_settlement_karaz_a_karak_4_grn	derpy_effect_region_resource_blackpowder_production	building_to_building_own	10.0000	5.0000	0.0000	derpy_mr_blackpowder_1
wh_main_special_settlement_karaz_a_karak_5_grn	derpy_effect_region_resource_blackpowder_production	building_to_building_own	12.0000	6.0000	0.0000	derpy_mr_blackpowder_1
wh_main_special_settlement_karaz_a_karak_1_savage	derpy_effect_region_resource_blackpowder_production	building_to_building_own	4.0000	2.0000	0.0000	derpy_mr_blackpowder_1
wh_main_special_settlement_karaz_a_karak_2_savage	derpy_effect_region_resource_blackpowder_production	building_to_building_own	6.0000	3.0000	0.0000	derpy_mr_blackpowder_1
wh_main_special_settlement_karaz_a_karak_3_savage	derpy_effect_region_resource_blackpowder_production	building_to_building_own	8.0000	4.0000	0.0000	derpy_mr_blackpowder_1
wh_main_special_settlement_miragliano_1_teb	derpy_effect_region_resource_blackpowder_production	building_to_building_own	4.0000	2.0000	0.0000	derpy_mr_blackpowder_1
wh_main_special_settlement_miragliano_2_teb	derpy_effect_region_resource_blackpowder_production	building_to_building_own	6.0000	3.0000	0.0000	derpy_mr_blackpowder_1
wh_main_special_settlement_miragliano_3_teb	derpy_effect_region_resource_blackpowder_production	building_to_building_own	8.0000	4.0000	0.0000	derpy_mr_blackpowder_1
wh_main_special_settlement_miragliano_4_teb	derpy_effect_region_resource_blackpowder_production	building_to_building_own	10.0000	5.0000	0.0000	derpy_mr_blackpowder_1
wh_main_special_settlement_miragliano_5_teb	derpy_effect_region_resource_blackpowder_production	building_to_building_own	12.0000	6.0000	0.0000	derpy_mr_blackpowder_1
wh_main_special_settlement_miragliano_1_brt	derpy_effect_region_resource_blackpowder_production	building_to_building_own	4.0000	2.0000	0.0000	derpy_mr_blackpowder_1
wh_main_special_settlement_miragliano_2_brt	derpy_effect_region_resource_blackpowder_production	building_to_building_own	6.0000	3.0000	0.0000	derpy_mr_blackpowder_1
wh_main_special_settlement_miragliano_3_brt	derpy_effect_region_resource_blackpowder_production	building_to_building_own	8.0000	4.0000	0.0000	derpy_mr_blackpowder_1
wh_main_special_settlement_miragliano_4_brt	derpy_effect_region_resource_blackpowder_production	building_to_building_own	10.0000	5.0000	0.0000	derpy_mr_blackpowder_1
wh_main_special_settlement_miragliano_5_brt	derpy_effect_region_resource_blackpowder_production	building_to_building_own	12.0000	6.0000	0.0000	derpy_mr_blackpowder_1
wh_main_special_settlement_miragliano_1_emp	derpy_effect_region_resource_blackpowder_production	building_to_building_own	4.0000	2.0000	0.0000	derpy_mr_blackpowder_1
wh_main_special_settlement_miragliano_2_emp	derpy_effect_region_resource_blackpowder_production	building_to_building_own	6.0000	3.0000	0.0000	derpy_mr_blackpowder_1
wh_main_special_settlement_miragliano_3_emp	derpy_effect_region_resource_blackpowder_production	building_to_building_own	8.0000	4.0000	0.0000	derpy_mr_blackpowder_1
wh_main_special_settlement_miragliano_4_emp	derpy_effect_region_resource_blackpowder_production	building_to_building_own	10.0000	5.0000	0.0000	derpy_mr_blackpowder_1
wh_main_special_settlement_miragliano_5_emp	derpy_effect_region_resource_blackpowder_production	building_to_building_own	12.0000	6.0000	0.0000	derpy_mr_blackpowder_1
wh2_dlc11_cst_resource_gems_1	derpy_effect_region_resource_ithilmar_production	building_to_building_own	3.0000	2.0000	0.0000	derpy_mr_ithilmar_0
wh2_dlc11_cst_resource_gold_1	derpy_effect_region_resource_ithilmar_production	building_to_building_own	3.0000	2.0000	0.0000	derpy_mr_ithilmar_0
wh2_dlc11_cst_resource_iron_1	derpy_effect_region_resource_ithilmar_production	building_to_building_own	3.0000	2.0000	0.0000	derpy_mr_ithilmar_0
wh2_dlc11_cst_resource_marble_1	derpy_effect_region_resource_ithilmar_production	building_to_building_own	3.0000	2.0000	0.0000	derpy_mr_ithilmar_0
wh2_main_emp_resource_gemstones_1	derpy_effect_region_resource_ithilmar_production	building_to_building_own	3.0000	2.0000	0.0000	derpy_mr_ithilmar_0
wh2_main_emp_resource_gemstones_2	derpy_effect_region_resource_ithilmar_production	building_to_building_own	4.0000	2.0000	0.0000	derpy_mr_ithilmar_0
wh2_main_emp_resource_gemstones_3	derpy_effect_region_resource_ithilmar_production	building_to_building_own	6.0000	3.0000	0.0000	derpy_mr_ithilmar_0
wh2_main_vmp_resource_gemstones_1	derpy_effect_region_resource_ithilmar_production	building_to_building_own	3.0000	2.0000	0.0000	derpy_mr_ithilmar_0
wh2_main_vmp_resource_gemstones_2	derpy_effect_region_resource_ithilmar_production	building_to_building_own	4.0000	2.0000	0.0000	derpy_mr_ithilmar_0
wh2_main_vmp_resource_gemstones_3	derpy_effect_region_resource_ithilmar_production	building_to_building_own	6.0000	3.0000	0.0000	derpy_mr_ithilmar_0
wh2_main_vmp_resource_gemstones_mannfred_1	derpy_effect_region_resource_ithilmar_production	building_to_building_own	3.0000	2.0000	0.0000	derpy_mr_ithilmar_0
wh2_main_vmp_resource_gemstones_mannfred_2	derpy_effect_region_resource_ithilmar_production	building_to_building_own	4.0000	2.0000	0.0000	derpy_mr_ithilmar_0
wh2_main_vmp_resource_gemstones_mannfred_3	derpy_effect_region_resource_ithilmar_production	building_to_building_own	6.0000	3.0000	0.0000	derpy_mr_ithilmar_0
wh2_main_brt_resource_gemstones_1	derpy_effect_region_resource_ithilmar_production	building_to_building_own	3.0000	2.0000	0.0000	derpy_mr_ithilmar_0
wh2_main_brt_resource_gemstones_2	derpy_effect_region_resource_ithilmar_production	building_to_building_own	4.0000	2.0000	0.0000	derpy_mr_ithilmar_0
wh2_main_brt_resource_gemstones_3	derpy_effect_region_resource_ithilmar_production	building_to_building_own	6.0000	3.0000	0.0000	derpy_mr_ithilmar_0
wh2_main_brt_resource_gold_1	derpy_effect_region_resource_ithilmar_production	building_to_building_own	3.0000	2.0000	0.0000	derpy_mr_ithilmar_0
wh2_main_brt_resource_gold_2	derpy_effect_region_resource_ithilmar_production	building_to_building_own	4.0000	2.0000	0.0000	derpy_mr_ithilmar_0
wh2_main_brt_resource_gold_3	derpy_effect_region_resource_ithilmar_production	building_to_building_own	6.0000	3.0000	0.0000	derpy_mr_ithilmar_0
wh2_main_brt_resource_iron_1	derpy_effect_region_resource_ithilmar_production	building_to_building_own	3.0000	2.0000	0.0000	derpy_mr_ithilmar_0
wh2_main_brt_resource_iron_2	derpy_effect_region_resource_ithilmar_production	building_to_building_own	4.0000	2.0000	0.0000	derpy_mr_ithilmar_0
wh2_main_brt_resource_iron_3	derpy_effect_region_resource_ithilmar_production	building_to_building_own	6.0000	3.0000	0.0000	derpy_mr_ithilmar_0
wh2_main_brt_resource_marble_1	derpy_effect_region_resource_ithilmar_production	building_to_building_own	3.0000	2.0000	0.0000	derpy_mr_ithilmar_0
wh2_main_brt_resource_marble_2	derpy_effect_region_resource_ithilmar_production	building_to_building_own	4.0000	2.0000	0.0000	derpy_mr_ithilmar_0
wh2_main_brt_resource_marble_3	derpy_effect_region_resource_ithilmar_production	building_to_building_own	6.0000	3.0000	0.0000	derpy_mr_ithilmar_0
wh2_main_def_resource_gems_1	derpy_effect_region_resource_ithilmar_production	building_to_building_own	3.0000	2.0000	0.0000	derpy_mr_ithilmar_0
wh2_main_def_resource_gems_2	derpy_effect_region_resource_ithilmar_production	building_to_building_own	4.0000	2.0000	0.0000	derpy_mr_ithilmar_0
wh2_main_def_resource_gems_3	derpy_effect_region_resource_ithilmar_production	building_to_building_own	6.0000	3.0000	0.0000	derpy_mr_ithilmar_0
wh2_main_def_resource_gold_1	derpy_effect_region_resource_ithilmar_production	building_to_building_own	3.0000	2.0000	0.0000	derpy_mr_ithilmar_0
wh2_main_def_resource_gold_2	derpy_effect_region_resource_ithilmar_production	building_to_building_own	4.0000	2.0000	0.0000	derpy_mr_ithilmar_0
wh2_main_def_resource_gold_3	derpy_effect_region_resource_ithilmar_production	building_to_building_own	6.0000	3.0000	0.0000	derpy_mr_ithilmar_0
wh2_main_def_resource_iron_1	derpy_effect_region_resource_ithilmar_production	building_to_building_own	3.0000	2.0000	0.0000	derpy_mr_ithilmar_0
wh2_main_def_resource_iron_2	derpy_effect_region_resource_ithilmar_production	building_to_building_own	4.0000	2.0000	0.0000	derpy_mr_ithilmar_0
wh2_main_def_resource_iron_3	derpy_effect_region_resource_ithilmar_production	building_to_building_own	6.0000	3.0000	0.0000	derpy_mr_ithilmar_0
wh2_main_def_resource_marble_1	derpy_effect_region_resource_ithilmar_production	building_to_building_own	3.0000	2.0000	0.0000	derpy_mr_ithilmar_0
wh2_main_def_resource_marble_2	derpy_effect_region_resource_ithilmar_production	building_to_building_own	4.0000	2.0000	0.0000	derpy_mr_ithilmar_0
wh2_main_def_resource_marble_3	derpy_effect_region_resource_ithilmar_production	building_to_building_own	6.0000	3.0000	0.0000	derpy_mr_ithilmar_0
wh2_main_hef_resource_gems_1	derpy_effect_region_resource_ithilmar_production	building_to_building_own	3.0000	2.0000	0.0000	derpy_mr_ithilmar_0
wh2_main_hef_resource_gems_2	derpy_effect_region_resource_ithilmar_production	building_to_building_own	4.0000	2.0000	0.0000	derpy_mr_ithilmar_0
wh2_main_hef_resource_gems_3	derpy_effect_region_resource_ithilmar_production	building_to_building_own	6.0000	3.0000	0.0000	derpy_mr_ithilmar_0
wh2_main_hef_resource_gold_1	derpy_effect_region_resource_ithilmar_production	building_to_building_own	3.0000	2.0000	0.0000	derpy_mr_ithilmar_0
wh2_main_hef_resource_gold_2	derpy_effect_region_resource_ithilmar_production	building_to_building_own	4.0000	2.0000	0.0000	derpy_mr_ithilmar_0
wh2_main_hef_resource_gold_3	derpy_effect_region_resource_ithilmar_production	building_to_building_own	6.0000	3.0000	0.0000	derpy_mr_ithilmar_0
wh2_main_hef_resource_iron_1	derpy_effect_region_resource_ithilmar_production	building_to_building_own	3.0000	2.0000	0.0000	derpy_mr_ithilmar_0
wh2_main_hef_resource_iron_2	derpy_effect_region_resource_ithilmar_production	building_to_building_own	4.0000	2.0000	0.0000	derpy_mr_ithilmar_0
wh2_main_hef_resource_iron_3	derpy_effect_region_resource_ithilmar_production	building_to_building_own	6.0000	3.0000	0.0000	derpy_mr_ithilmar_0
wh2_main_hef_resource_marble_1	derpy_effect_region_resource_ithilmar_production	building_to_building_own	3.0000	2.0000	0.0000	derpy_mr_ithilmar_0
wh2_main_hef_resource_marble_2	derpy_effect_region_resource_ithilmar_production	building_to_building_own	4.0000	2.0000	0.0000	derpy_mr_ithilmar_0
wh2_main_hef_resource_marble_3	derpy_effect_region_resource_ithilmar_production	building_to_building_own	6.0000	3.0000	0.0000	derpy_mr_ithilmar_0
wh2_main_lzd_resource_gems_1	derpy_effect_region_resource_ithilmar_production	building_to_building_own	3.0000	2.0000	0.0000	derpy_mr_ithilmar_0
wh2_main_lzd_resource_gems_2	derpy_effect_region_resource_ithilmar_production	building_to_building_own	4.0000	2.0000	0.0000	derpy_mr_ithilmar_0
wh2_main_lzd_resource_gems_3	derpy_effect_region_resource_ithilmar_production	building_to_building_own	6.0000	3.0000	0.0000	derpy_mr_ithilmar_0
wh2_main_lzd_resource_gold_1	derpy_effect_region_resource_ithilmar_production	building_to_building_own	3.0000	2.0000	0.0000	derpy_mr_ithilmar_0
wh2_main_lzd_resource_gold_2	derpy_effect_region_resource_ithilmar_production	building_to_building_own	4.0000	2.0000	0.0000	derpy_mr_ithilmar_0
wh2_main_lzd_resource_gold_3	derpy_effect_region_resource_ithilmar_production	building_to_building_own	6.0000	3.0000	0.0000	derpy_mr_ithilmar_0
wh2_main_lzd_resource_iron_1	derpy_effect_region_resource_ithilmar_production	building_to_building_own	3.0000	2.0000	0.0000	derpy_mr_ithilmar_0
wh2_main_lzd_resource_iron_2	derpy_effect_region_resource_ithilmar_production	building_to_building_own	4.0000	2.0000	0.0000	derpy_mr_ithilmar_0
wh2_main_lzd_resource_iron_3	derpy_effect_region_resource_ithilmar_production	building_to_building_own	6.0000	3.0000	0.0000	derpy_mr_ithilmar_0
wh2_main_lzd_resource_marble_1	derpy_effect_region_resource_ithilmar_production	building_to_building_own	3.0000	2.0000	0.0000	derpy_mr_ithilmar_0
wh2_main_lzd_resource_marble_2	derpy_effect_region_resource_ithilmar_production	building_to_building_own	4.0000	2.0000	0.0000	derpy_mr_ithilmar_0
wh2_main_lzd_resource_marble_3	derpy_effect_region_resource_ithilmar_production	building_to_building_own	6.0000	3.0000	0.0000	derpy_mr_ithilmar_0
wh2_main_skv_resource_gems_1	derpy_effect_region_resource_ithilmar_production	building_to_building_own	3.0000	2.0000	0.0000	derpy_mr_ithilmar_0
wh2_main_skv_resource_gems_2	derpy_effect_region_resource_ithilmar_production	building_to_building_own	4.0000	2.0000	0.0000	derpy_mr_ithilmar_0
wh2_main_skv_resource_gems_3	derpy_effect_region_resource_ithilmar_production	building_to_building_own	6.0000	3.0000	0.0000	derpy_mr_ithilmar_0
wh2_main_skv_resource_gold_1	derpy_effect_region_resource_ithilmar_production	building_to_building_own	3.0000	2.0000	0.0000	derpy_mr_ithilmar_0
wh2_main_skv_resource_gold_2	derpy_effect_region_resource_ithilmar_production	building_to_building_own	4.0000	2.0000	0.0000	derpy_mr_ithilmar_0
wh2_main_skv_resource_gold_3	derpy_effect_region_resource_ithilmar_production	building_to_building_own	6.0000	3.0000	0.0000	derpy_mr_ithilmar_0
wh2_main_skv_resource_iron_1	derpy_effect_region_resource_ithilmar_production	building_to_building_own	3.0000	2.0000	0.0000	derpy_mr_ithilmar_0
wh2_main_skv_resource_iron_2	derpy_effect_region_resource_ithilmar_production	building_to_building_own	4.0000	2.0000	0.0000	derpy_mr_ithilmar_0
wh2_main_skv_resource_iron_3	derpy_effect_region_resource_ithilmar_production	building_to_building_own	6.0000	3.0000	0.0000	derpy_mr_ithilmar_0
wh2_main_skv_resource_marble_1	derpy_effect_region_resource_ithilmar_production	building_to_building_own	3.0000	2.0000	0.0000	derpy_mr_ithilmar_0
wh2_main_skv_resource_marble_2	derpy_effect_region_resource_ithilmar_production	building_to_building_own	4.0000	2.0000	0.0000	derpy_mr_ithilmar_0
wh2_main_skv_resource_marble_3	derpy_effect_region_resource_ithilmar_production	building_to_building_own	6.0000	3.0000	0.0000	derpy_mr_ithilmar_0
wh2_main_wef_resource_gems_1	derpy_effect_region_resource_ithilmar_production	building_to_building_own	3.0000	2.0000	0.0000	derpy_mr_ithilmar_0
wh3_dlc20_woc_resource_gems_1	derpy_effect_region_resource_ithilmar_production	building_to_building_own	3.0000	2.0000	0.0000	derpy_mr_ithilmar_0
wh3_dlc20_woc_resource_gold_1	derpy_effect_region_resource_ithilmar_production	building_to_building_own	3.0000	2.0000	0.0000	derpy_mr_ithilmar_0
wh3_dlc20_woc_resource_iron_1	derpy_effect_region_resource_ithilmar_production	building_to_building_own	3.0000	2.0000	0.0000	derpy_mr_ithilmar_0
wh3_dlc20_woc_resource_marble_1	derpy_effect_region_resource_ithilmar_production	building_to_building_own	3.0000	2.0000	0.0000	derpy_mr_ithilmar_0
wh3_dlc23_chd_resource_gems_1	derpy_effect_region_resource_ithilmar_production	building_to_building_own	3.0000	2.0000	0.0000	derpy_mr_ithilmar_0
wh3_dlc23_chd_resource_gold_1	derpy_effect_region_resource_ithilmar_production	building_to_building_own	3.0000	2.0000	0.0000	derpy_mr_ithilmar_0
wh3_dlc23_chd_resource_gold_2	derpy_effect_region_resource_ithilmar_production	building_to_building_own	4.0000	2.0000	0.0000	derpy_mr_ithilmar_0
wh3_dlc23_chd_resource_gold_3	derpy_effect_region_resource_ithilmar_production	building_to_building_own	6.0000	3.0000	0.0000	derpy_mr_ithilmar_0
wh3_dlc23_chd_resource_iron_1	derpy_effect_region_resource_ithilmar_production	building_to_building_own	3.0000	2.0000	0.0000	derpy_mr_ithilmar_0
wh3_dlc23_chd_resource_marble_1	derpy_effect_region_resource_ithilmar_production	building_to_building_own	3.0000	2.0000	0.0000	derpy_mr_ithilmar_0
wh3_main_cth_resource_gems_1	derpy_effect_region_resource_ithilmar_production	building_to_building_own	3.0000	2.0000	0.0000	derpy_mr_ithilmar_0
wh3_main_cth_resource_gems_2	derpy_effect_region_resource_ithilmar_production	building_to_building_own	4.0000	2.0000	0.0000	derpy_mr_ithilmar_0
wh3_main_cth_resource_gems_3	derpy_effect_region_resource_ithilmar_production	building_to_building_own	6.0000	3.0000	0.0000	derpy_mr_ithilmar_0
wh3_main_cth_resource_gold_1	derpy_effect_region_resource_ithilmar_production	building_to_building_own	3.0000	2.0000	0.0000	derpy_mr_ithilmar_0
wh3_main_cth_resource_gold_2	derpy_effect_region_resource_ithilmar_production	building_to_building_own	4.0000	2.0000	0.0000	derpy_mr_ithilmar_0
wh3_main_cth_resource_gold_3	derpy_effect_region_resource_ithilmar_production	building_to_building_own	6.0000	3.0000	0.0000	derpy_mr_ithilmar_0
wh3_main_cth_resource_iron_1	derpy_effect_region_resource_ithilmar_production	building_to_building_own	3.0000	2.0000	0.0000	derpy_mr_ithilmar_0
wh3_main_cth_resource_iron_2	derpy_effect_region_resource_ithilmar_production	building_to_building_own	4.0000	2.0000	0.0000	derpy_mr_ithilmar_0
wh3_main_cth_resource_iron_3	derpy_effect_region_resource_ithilmar_production	building_to_building_own	6.0000	3.0000	0.0000	derpy_mr_ithilmar_0
wh3_main_cth_resource_marble_1	derpy_effect_region_resource_ithilmar_production	building_to_building_own	3.0000	2.0000	0.0000	derpy_mr_ithilmar_0
wh3_main_cth_resource_marble_2	derpy_effect_region_resource_ithilmar_production	building_to_building_own	4.0000	2.0000	0.0000	derpy_mr_ithilmar_0
wh3_main_cth_resource_marble_3	derpy_effect_region_resource_ithilmar_production	building_to_building_own	6.0000	3.0000	0.0000	derpy_mr_ithilmar_0
wh3_main_ie_NORSCA_resource_gemstones	derpy_effect_region_resource_ithilmar_production	building_to_building_own	3.0000	2.0000	0.0000	derpy_mr_ithilmar_0
wh3_main_ie_NORSCA_resource_gold	derpy_effect_region_resource_ithilmar_production	building_to_building_own	3.0000	2.0000	0.0000	derpy_mr_ithilmar_0
wh3_main_ksl_resource_gems_1	derpy_effect_region_resource_ithilmar_production	building_to_building_own	3.0000	2.0000	0.0000	derpy_mr_ithilmar_0
wh3_main_ksl_resource_gems_2	derpy_effect_region_resource_ithilmar_production	building_to_building_own	4.0000	2.0000	0.0000	derpy_mr_ithilmar_0
wh3_main_ksl_resource_gems_3	derpy_effect_region_resource_ithilmar_production	building_to_building_own	6.0000	3.0000	0.0000	derpy_mr_ithilmar_0
wh3_main_ksl_resource_gold_1	derpy_effect_region_resource_ithilmar_production	building_to_building_own	3.0000	2.0000	0.0000	derpy_mr_ithilmar_0
wh3_main_ksl_resource_gold_2	derpy_effect_region_resource_ithilmar_production	building_to_building_own	4.0000	2.0000	0.0000	derpy_mr_ithilmar_0
wh3_main_ksl_resource_gold_3	derpy_effect_region_resource_ithilmar_production	building_to_building_own	6.0000	3.0000	0.0000	derpy_mr_ithilmar_0
wh3_main_ksl_resource_iron_1	derpy_effect_region_resource_ithilmar_production	building_to_building_own	3.0000	2.0000	0.0000	derpy_mr_ithilmar_0
wh3_main_ksl_resource_iron_2	derpy_effect_region_resource_ithilmar_production	building_to_building_own	4.0000	2.0000	0.0000	derpy_mr_ithilmar_0
wh3_main_ksl_resource_iron_3	derpy_effect_region_resource_ithilmar_production	building_to_building_own	6.0000	3.0000	0.0000	derpy_mr_ithilmar_0
wh3_main_ksl_resource_marble_1	derpy_effect_region_resource_ithilmar_production	building_to_building_own	3.0000	2.0000	0.0000	derpy_mr_ithilmar_0
wh3_main_ksl_resource_marble_2	derpy_effect_region_resource_ithilmar_production	building_to_building_own	4.0000	2.0000	0.0000	derpy_mr_ithilmar_0
wh3_main_ksl_resource_marble_3	derpy_effect_region_resource_ithilmar_production	building_to_building_own	6.0000	3.0000	0.0000	derpy_mr_ithilmar_0
wh3_main_ogr_resource_gems_1	derpy_effect_region_resource_ithilmar_production	building_to_building_own	3.0000	2.0000	0.0000	derpy_mr_ithilmar_0
wh3_main_ogr_resource_gems_2	derpy_effect_region_resource_ithilmar_production	building_to_building_own	4.0000	2.0000	0.0000	derpy_mr_ithilmar_0
wh3_main_ogr_resource_gems_3	derpy_effect_region_resource_ithilmar_production	building_to_building_own	6.0000	3.0000	0.0000	derpy_mr_ithilmar_0
wh3_main_ogr_resource_gold_1	derpy_effect_region_resource_ithilmar_production	building_to_building_own	3.0000	2.0000	0.0000	derpy_mr_ithilmar_0
wh3_main_ogr_resource_gold_2	derpy_effect_region_resource_ithilmar_production	building_to_building_own	4.0000	2.0000	0.0000	derpy_mr_ithilmar_0
wh3_main_ogr_resource_gold_3	derpy_effect_region_resource_ithilmar_production	building_to_building_own	6.0000	3.0000	0.0000	derpy_mr_ithilmar_0
wh3_main_ogr_resource_iron_1	derpy_effect_region_resource_ithilmar_production	building_to_building_own	3.0000	2.0000	0.0000	derpy_mr_ithilmar_0
wh3_main_ogr_resource_iron_2	derpy_effect_region_resource_ithilmar_production	building_to_building_own	4.0000	2.0000	0.0000	derpy_mr_ithilmar_0
wh3_main_ogr_resource_iron_3	derpy_effect_region_resource_ithilmar_production	building_to_building_own	6.0000	3.0000	0.0000	derpy_mr_ithilmar_0
wh3_main_ogr_resource_marble_1	derpy_effect_region_resource_ithilmar_production	building_to_building_own	3.0000	2.0000	0.0000	derpy_mr_ithilmar_0
wh3_main_ogr_resource_marble_2	derpy_effect_region_resource_ithilmar_production	building_to_building_own	4.0000	2.0000	0.0000	derpy_mr_ithilmar_0
wh3_main_ogr_resource_marble_3	derpy_effect_region_resource_ithilmar_production	building_to_building_own	6.0000	3.0000	0.0000	derpy_mr_ithilmar_0
wh_dlc05_wef_resource_gold_1	derpy_effect_region_resource_ithilmar_production	building_to_building_own	3.0000	2.0000	0.0000	derpy_mr_ithilmar_0
wh_dlc05_wef_resource_iron_1	derpy_effect_region_resource_ithilmar_production	building_to_building_own	3.0000	2.0000	0.0000	derpy_mr_ithilmar_0
wh_dlc05_wef_resource_marble_1	derpy_effect_region_resource_ithilmar_production	building_to_building_own	3.0000	2.0000	0.0000	derpy_mr_ithilmar_0
wh_main_dwf_resource_gems_1	derpy_effect_region_resource_ithilmar_production	building_to_building_own	3.0000	2.0000	0.0000	derpy_mr_ithilmar_0
wh_main_dwf_resource_gems_2	derpy_effect_region_resource_ithilmar_production	building_to_building_own	4.0000	2.0000	0.0000	derpy_mr_ithilmar_0
wh_main_dwf_resource_gems_3	derpy_effect_region_resource_ithilmar_production	building_to_building_own	6.0000	3.0000	0.0000	derpy_mr_ithilmar_0
wh_main_dwf_resource_gems_4	derpy_effect_region_resource_ithilmar_production	building_to_building_own	6.0000	3.0000	0.0000	derpy_mr_ithilmar_0
wh_main_dwf_resource_gold_1	derpy_effect_region_resource_ithilmar_production	building_to_building_own	3.0000	2.0000	0.0000	derpy_mr_ithilmar_0
wh_main_dwf_resource_gold_2	derpy_effect_region_resource_ithilmar_production	building_to_building_own	4.0000	2.0000	0.0000	derpy_mr_ithilmar_0
wh_main_dwf_resource_gold_3	derpy_effect_region_resource_ithilmar_production	building_to_building_own	6.0000	3.0000	0.0000	derpy_mr_ithilmar_0
wh_main_dwf_resource_gold_4	derpy_effect_region_resource_ithilmar_production	building_to_building_own	6.0000	3.0000	0.0000	derpy_mr_ithilmar_0
wh_main_dwf_resource_iron_1	derpy_effect_region_resource_ithilmar_production	building_to_building_own	3.0000	2.0000	0.0000	derpy_mr_ithilmar_0
wh_main_dwf_resource_iron_2	derpy_effect_region_resource_ithilmar_production	building_to_building_own	4.0000	2.0000	0.0000	derpy_mr_ithilmar_0
wh_main_dwf_resource_iron_3	derpy_effect_region_resource_ithilmar_production	building_to_building_own	6.0000	3.0000	0.0000	derpy_mr_ithilmar_0
wh_main_dwf_resource_iron_4	derpy_effect_region_resource_ithilmar_production	building_to_building_own	6.0000	3.0000	0.0000	derpy_mr_ithilmar_0
wh_main_dwf_resource_marble_1	derpy_effect_region_resource_ithilmar_production	building_to_building_own	3.0000	2.0000	0.0000	derpy_mr_ithilmar_0
wh_main_dwf_resource_marble_2	derpy_effect_region_resource_ithilmar_production	building_to_building_own	4.0000	2.0000	0.0000	derpy_mr_ithilmar_0
wh_main_dwf_resource_marble_3	derpy_effect_region_resource_ithilmar_production	building_to_building_own	6.0000	3.0000	0.0000	derpy_mr_ithilmar_0
wh_main_dwf_resource_marble_4	derpy_effect_region_resource_ithilmar_production	building_to_building_own	6.0000	3.0000	0.0000	derpy_mr_ithilmar_0
wh_main_grn_resource_gems_1	derpy_effect_region_resource_ithilmar_production	building_to_building_own	3.0000	2.0000	0.0000	derpy_mr_ithilmar_0
wh_main_grn_resource_gems_2	derpy_effect_region_resource_ithilmar_production	building_to_building_own	4.0000	2.0000	0.0000	derpy_mr_ithilmar_0
wh_main_grn_resource_gems_3	derpy_effect_region_resource_ithilmar_production	building_to_building_own	6.0000	3.0000	0.0000	derpy_mr_ithilmar_0
wh_main_grn_resource_gold_1	derpy_effect_region_resource_ithilmar_production	building_to_building_own	3.0000	2.0000	0.0000	derpy_mr_ithilmar_0
wh_main_grn_resource_gold_2	derpy_effect_region_resource_ithilmar_production	building_to_building_own	4.0000	2.0000	0.0000	derpy_mr_ithilmar_0
wh_main_grn_resource_gold_3	derpy_effect_region_resource_ithilmar_production	building_to_building_own	6.0000	3.0000	0.0000	derpy_mr_ithilmar_0
wh_main_emp_resource_gold_1	derpy_effect_region_resource_ithilmar_production	building_to_building_own	3.0000	2.0000	0.0000	derpy_mr_ithilmar_0
wh_main_emp_resource_gold_2	derpy_effect_region_resource_ithilmar_production	building_to_building_own	4.0000	2.0000	0.0000	derpy_mr_ithilmar_0
wh_main_emp_resource_gold_3	derpy_effect_region_resource_ithilmar_production	building_to_building_own	6.0000	3.0000	0.0000	derpy_mr_ithilmar_0
wh_main_emp_resource_iron_1	derpy_effect_region_resource_ithilmar_production	building_to_building_own	3.0000	2.0000	0.0000	derpy_mr_ithilmar_0
wh_main_emp_resource_iron_2	derpy_effect_region_resource_ithilmar_production	building_to_building_own	4.0000	2.0000	0.0000	derpy_mr_ithilmar_0
wh_main_emp_resource_iron_3	derpy_effect_region_resource_ithilmar_production	building_to_building_own	6.0000	3.0000	0.0000	derpy_mr_ithilmar_0
wh_main_emp_resource_marble_1	derpy_effect_region_resource_ithilmar_production	building_to_building_own	3.0000	2.0000	0.0000	derpy_mr_ithilmar_0
wh_main_emp_resource_marble_2	derpy_effect_region_resource_ithilmar_production	building_to_building_own	4.0000	2.0000	0.0000	derpy_mr_ithilmar_0
wh_main_emp_resource_marble_3	derpy_effect_region_resource_ithilmar_production	building_to_building_own	6.0000	3.0000	0.0000	derpy_mr_ithilmar_0
wh_dlc08_nor_resource_iron_1	derpy_effect_region_resource_ithilmar_production	building_to_building_own	3.0000	2.0000	0.0000	derpy_mr_ithilmar_0
wh_dlc08_nor_resource_marble_1	derpy_effect_region_resource_ithilmar_production	building_to_building_own	3.0000	2.0000	0.0000	derpy_mr_ithilmar_0
wh_main_vmp_resource_gold_1	derpy_effect_region_resource_ithilmar_production	building_to_building_own	3.0000	2.0000	0.0000	derpy_mr_ithilmar_0
wh_main_vmp_resource_gold_2	derpy_effect_region_resource_ithilmar_production	building_to_building_own	4.0000	2.0000	0.0000	derpy_mr_ithilmar_0
wh_main_vmp_resource_gold_3	derpy_effect_region_resource_ithilmar_production	building_to_building_own	6.0000	3.0000	0.0000	derpy_mr_ithilmar_0
wh_main_vmp_resource_gold_mannfred_1	derpy_effect_region_resource_ithilmar_production	building_to_building_own	3.0000	2.0000	0.0000	derpy_mr_ithilmar_0
wh_main_vmp_resource_gold_mannfred_2	derpy_effect_region_resource_ithilmar_production	building_to_building_own	4.0000	2.0000	0.0000	derpy_mr_ithilmar_0
wh_main_vmp_resource_gold_mannfred_3	derpy_effect_region_resource_ithilmar_production	building_to_building_own	6.0000	3.0000	0.0000	derpy_mr_ithilmar_0
wh_main_vmp_resource_iron_1	derpy_effect_region_resource_ithilmar_production	building_to_building_own	3.0000	2.0000	0.0000	derpy_mr_ithilmar_0
wh_main_vmp_resource_iron_2	derpy_effect_region_resource_ithilmar_production	building_to_building_own	4.0000	2.0000	0.0000	derpy_mr_ithilmar_0
wh_main_vmp_resource_iron_3	derpy_effect_region_resource_ithilmar_production	building_to_building_own	6.0000	3.0000	0.0000	derpy_mr_ithilmar_0
wh_main_vmp_resource_marble_1	derpy_effect_region_resource_ithilmar_production	building_to_building_own	3.0000	2.0000	0.0000	derpy_mr_ithilmar_0
wh_main_vmp_resource_marble_2	derpy_effect_region_resource_ithilmar_production	building_to_building_own	4.0000	2.0000	0.0000	derpy_mr_ithilmar_0
wh_main_vmp_resource_marble_3	derpy_effect_region_resource_ithilmar_production	building_to_building_own	6.0000	3.0000	0.0000	derpy_mr_ithilmar_0
wh_main_vmp_resource_marble_mannfred_1	derpy_effect_region_resource_ithilmar_production	building_to_building_own	3.0000	2.0000	0.0000	derpy_mr_ithilmar_0
wh_main_vmp_resource_marble_mannfred_2	derpy_effect_region_resource_ithilmar_production	building_to_building_own	4.0000	2.0000	0.0000	derpy_mr_ithilmar_0
wh_main_vmp_resource_marble_mannfred_3	derpy_effect_region_resource_ithilmar_production	building_to_building_own	6.0000	3.0000	0.0000	derpy_mr_ithilmar_0
wh2_dlc11_special_settlement_galleons_graveyard_1	derpy_effect_region_resource_ithilmar_production	building_to_building_own	2.0000	1.0000	0.0000	derpy_mr_ithilmar_1
wh2_dlc11_special_settlement_galleons_graveyard_2	derpy_effect_region_resource_ithilmar_production	building_to_building_own	3.0000	2.0000	0.0000	derpy_mr_ithilmar_1
wh2_dlc11_special_settlement_galleons_graveyard_3	derpy_effect_region_resource_ithilmar_production	building_to_building_own	4.0000	2.0000	0.0000	derpy_mr_ithilmar_1
wh2_dlc11_special_settlement_galleons_graveyard_4	derpy_effect_region_resource_ithilmar_production	building_to_building_own	5.0000	3.0000	0.0000	derpy_mr_ithilmar_1
wh2_dlc11_special_settlement_galleons_graveyard_5	derpy_effect_region_resource_ithilmar_production	building_to_building_own	6.0000	3.0000	0.0000	derpy_mr_ithilmar_1
wh2_dlc11_special_settlement_galleons_graveyard_other_1	derpy_effect_region_resource_ithilmar_production	building_to_building_own	2.0000	1.0000	0.0000	derpy_mr_ithilmar_1
wh2_dlc11_vampirecoast_settlement_major_1	derpy_effect_region_resource_ithilmar_production	building_to_building_own	2.0000	1.0000	0.0000	derpy_mr_ithilmar_1
wh2_dlc11_vampirecoast_settlement_major_2	derpy_effect_region_resource_ithilmar_production	building_to_building_own	3.0000	2.0000	0.0000	derpy_mr_ithilmar_1
wh2_dlc11_vampirecoast_settlement_major_3	derpy_effect_region_resource_ithilmar_production	building_to_building_own	4.0000	2.0000	0.0000	derpy_mr_ithilmar_1
wh2_dlc11_vampirecoast_settlement_major_4	derpy_effect_region_resource_ithilmar_production	building_to_building_own	5.0000	3.0000	0.0000	derpy_mr_ithilmar_1
wh2_dlc11_vampirecoast_settlement_major_5	derpy_effect_region_resource_ithilmar_production	building_to_building_own	6.0000	3.0000	0.0000	derpy_mr_ithilmar_1
wh2_dlc11_vampirecoast_settlement_minor_1	derpy_effect_region_resource_ithilmar_production	building_to_building_own	2.0000	1.0000	0.0000	derpy_mr_ithilmar_1
wh2_dlc11_vampirecoast_settlement_minor_2	derpy_effect_region_resource_ithilmar_production	building_to_building_own	3.0000	2.0000	0.0000	derpy_mr_ithilmar_1
wh2_dlc11_vampirecoast_settlement_minor_3	derpy_effect_region_resource_ithilmar_production	building_to_building_own	4.0000	2.0000	0.0000	derpy_mr_ithilmar_1
wh2_dlc13_lzd_nakai_settlement_major_1	derpy_effect_region_resource_ithilmar_production	building_to_building_own	2.0000	1.0000	0.0000	derpy_mr_ithilmar_1
wh2_dlc13_lzd_nakai_settlement_minor_1	derpy_effect_region_resource_ithilmar_production	building_to_building_own	2.0000	1.0000	0.0000	derpy_mr_ithilmar_1
wh2_dlc15_special_settlement_massif_orcal_brt_1	derpy_effect_region_resource_ithilmar_production	building_to_building_own	2.0000	1.0000	0.0000	derpy_mr_ithilmar_1
wh2_dlc15_special_settlement_massif_orcal_brt_2	derpy_effect_region_resource_ithilmar_production	building_to_building_own	3.0000	2.0000	0.0000	derpy_mr_ithilmar_1
wh2_dlc15_special_settlement_massif_orcal_brt_3	derpy_effect_region_resource_ithilmar_production	building_to_building_own	4.0000	2.0000	0.0000	derpy_mr_ithilmar_1
wh2_dlc15_special_settlement_massif_orcal_brt_4	derpy_effect_region_resource_ithilmar_production	building_to_building_own	5.0000	3.0000	0.0000	derpy_mr_ithilmar_1
wh2_dlc15_special_settlement_massif_orcal_brt_5	derpy_effect_region_resource_ithilmar_production	building_to_building_own	6.0000	3.0000	0.0000	derpy_mr_ithilmar_1
wh2_dlc15_special_settlement_massif_orcal_grn_1	derpy_effect_region_resource_ithilmar_production	building_to_building_own	2.0000	1.0000	0.0000	derpy_mr_ithilmar_1
wh2_dlc15_special_settlement_massif_orcal_grn_2	derpy_effect_region_resource_ithilmar_production	building_to_building_own	3.0000	2.0000	0.0000	derpy_mr_ithilmar_1
wh2_dlc15_special_settlement_massif_orcal_grn_3	derpy_effect_region_resource_ithilmar_production	building_to_building_own	4.0000	2.0000	0.0000	derpy_mr_ithilmar_1
wh2_dlc15_special_settlement_massif_orcal_grn_4	derpy_effect_region_resource_ithilmar_production	building_to_building_own	5.0000	3.0000	0.0000	derpy_mr_ithilmar_1
wh2_dlc15_special_settlement_massif_orcal_grn_5	derpy_effect_region_resource_ithilmar_production	building_to_building_own	6.0000	3.0000	0.0000	derpy_mr_ithilmar_1
wh2_dlc15_special_settlement_massif_orcal_savage_1	derpy_effect_region_resource_ithilmar_production	building_to_building_own	2.0000	1.0000	0.0000	derpy_mr_ithilmar_1
wh2_dlc15_special_settlement_massif_orcal_savage_2	derpy_effect_region_resource_ithilmar_production	building_to_building_own	3.0000	2.0000	0.0000	derpy_mr_ithilmar_1
wh2_dlc15_special_settlement_massif_orcal_savage_3	derpy_effect_region_resource_ithilmar_production	building_to_building_own	4.0000	2.0000	0.0000	derpy_mr_ithilmar_1
wh2_dlc15_special_settlement_tor_yvresse_def_1	derpy_effect_region_resource_ithilmar_production	building_to_building_own	2.0000	1.0000	0.0000	derpy_mr_ithilmar_1
wh2_dlc15_special_settlement_tor_yvresse_def_2	derpy_effect_region_resource_ithilmar_production	building_to_building_own	3.0000	2.0000	0.0000	derpy_mr_ithilmar_1
wh2_dlc15_special_settlement_tor_yvresse_def_3	derpy_effect_region_resource_ithilmar_production	building_to_building_own	4.0000	2.0000	0.0000	derpy_mr_ithilmar_1
wh2_dlc15_special_settlement_tor_yvresse_def_4	derpy_effect_region_resource_ithilmar_production	building_to_building_own	5.0000	3.0000	0.0000	derpy_mr_ithilmar_1
wh2_dlc15_special_settlement_tor_yvresse_def_5	derpy_effect_region_resource_ithilmar_production	building_to_building_own	6.0000	3.0000	0.0000	derpy_mr_ithilmar_1
wh2_dlc15_special_settlement_tor_yvresse_eltharion_1	derpy_effect_region_resource_ithilmar_production	building_to_building_own	2.0000	1.0000	0.0000	derpy_mr_ithilmar_1
wh2_dlc15_special_settlement_tor_yvresse_eltharion_2	derpy_effect_region_resource_ithilmar_production	building_to_building_own	3.0000	2.0000	0.0000	derpy_mr_ithilmar_1
wh2_dlc15_special_settlement_tor_yvresse_eltharion_3	derpy_effect_region_resource_ithilmar_production	building_to_building_own	4.0000	2.0000	0.0000	derpy_mr_ithilmar_1
wh2_dlc15_special_settlement_tor_yvresse_eltharion_4	derpy_effect_region_resource_ithilmar_production	building_to_building_own	5.0000	3.0000	0.0000	derpy_mr_ithilmar_1
wh2_dlc15_special_settlement_tor_yvresse_eltharion_5	derpy_effect_region_resource_ithilmar_production	building_to_building_own	6.0000	3.0000	0.0000	derpy_mr_ithilmar_1
wh2_dlc15_special_settlement_tor_yvresse_hef_1	derpy_effect_region_resource_ithilmar_production	building_to_building_own	2.0000	1.0000	0.0000	derpy_mr_ithilmar_1
wh2_dlc15_special_settlement_tor_yvresse_hef_2	derpy_effect_region_resource_ithilmar_production	building_to_building_own	3.0000	2.0000	0.0000	derpy_mr_ithilmar_1
wh2_dlc15_special_settlement_tor_yvresse_hef_3	derpy_effect_region_resource_ithilmar_production	building_to_building_own	4.0000	2.0000	0.0000	derpy_mr_ithilmar_1
wh2_dlc15_special_settlement_tor_yvresse_hef_4	derpy_effect_region_resource_ithilmar_production	building_to_building_own	5.0000	3.0000	0.0000	derpy_mr_ithilmar_1
wh2_dlc15_special_settlement_tor_yvresse_hef_5	derpy_effect_region_resource_ithilmar_production	building_to_building_own	6.0000	3.0000	0.0000	derpy_mr_ithilmar_1
wh2_main_def_settlement_major_1	derpy_effect_region_resource_ithilmar_production	building_to_building_own	2.0000	1.0000	0.0000	derpy_mr_ithilmar_1
wh2_main_def_settlement_major_2	derpy_effect_region_resource_ithilmar_production	building_to_building_own	3.0000	2.0000	0.0000	derpy_mr_ithilmar_1
wh2_main_def_settlement_major_3	derpy_effect_region_resource_ithilmar_production	building_to_building_own	4.0000	2.0000	0.0000	derpy_mr_ithilmar_1
wh2_main_def_settlement_major_4	derpy_effect_region_resource_ithilmar_production	building_to_building_own	5.0000	3.0000	0.0000	derpy_mr_ithilmar_1
wh2_main_def_settlement_major_5	derpy_effect_region_resource_ithilmar_production	building_to_building_own	6.0000	3.0000	0.0000	derpy_mr_ithilmar_1
wh2_main_def_settlement_minor_1	derpy_effect_region_resource_ithilmar_production	building_to_building_own	2.0000	1.0000	0.0000	derpy_mr_ithilmar_1
wh2_main_def_settlement_minor_2	derpy_effect_region_resource_ithilmar_production	building_to_building_own	3.0000	2.0000	0.0000	derpy_mr_ithilmar_1
wh2_main_def_settlement_minor_3	derpy_effect_region_resource_ithilmar_production	building_to_building_own	4.0000	2.0000	0.0000	derpy_mr_ithilmar_1
wh2_main_hef_settlement_major_1	derpy_effect_region_resource_ithilmar_production	building_to_building_own	2.0000	1.0000	0.0000	derpy_mr_ithilmar_1
wh2_main_hef_settlement_major_2	derpy_effect_region_resource_ithilmar_production	building_to_building_own	3.0000	2.0000	0.0000	derpy_mr_ithilmar_1
wh2_main_hef_settlement_major_3	derpy_effect_region_resource_ithilmar_production	building_to_building_own	4.0000	2.0000	0.0000	derpy_mr_ithilmar_1
wh2_main_hef_settlement_major_4	derpy_effect_region_resource_ithilmar_production	building_to_building_own	5.0000	3.0000	0.0000	derpy_mr_ithilmar_1
wh2_main_hef_settlement_major_5	derpy_effect_region_resource_ithilmar_production	building_to_building_own	6.0000	3.0000	0.0000	derpy_mr_ithilmar_1
wh2_main_hef_settlement_minor_1	derpy_effect_region_resource_ithilmar_production	building_to_building_own	2.0000	1.0000	0.0000	derpy_mr_ithilmar_1
wh2_main_hef_settlement_minor_2	derpy_effect_region_resource_ithilmar_production	building_to_building_own	3.0000	2.0000	0.0000	derpy_mr_ithilmar_1
wh2_main_hef_settlement_minor_3	derpy_effect_region_resource_ithilmar_production	building_to_building_own	4.0000	2.0000	0.0000	derpy_mr_ithilmar_1
wh2_main_lzd_settlement_major_1	derpy_effect_region_resource_ithilmar_production	building_to_building_own	2.0000	1.0000	0.0000	derpy_mr_ithilmar_1
wh2_main_lzd_settlement_major_2	derpy_effect_region_resource_ithilmar_production	building_to_building_own	3.0000	2.0000	0.0000	derpy_mr_ithilmar_1
wh2_main_lzd_settlement_major_3	derpy_effect_region_resource_ithilmar_production	building_to_building_own	4.0000	2.0000	0.0000	derpy_mr_ithilmar_1
wh2_main_lzd_settlement_major_4	derpy_effect_region_resource_ithilmar_production	building_to_building_own	5.0000	3.0000	0.0000	derpy_mr_ithilmar_1
wh2_main_lzd_settlement_major_5	derpy_effect_region_resource_ithilmar_production	building_to_building_own	6.0000	3.0000	0.0000	derpy_mr_ithilmar_1
wh2_main_lzd_settlement_minor_1	derpy_effect_region_resource_ithilmar_production	building_to_building_own	2.0000	1.0000	0.0000	derpy_mr_ithilmar_1
wh2_main_lzd_settlement_minor_2	derpy_effect_region_resource_ithilmar_production	building_to_building_own	3.0000	2.0000	0.0000	derpy_mr_ithilmar_1
wh2_main_lzd_settlement_minor_3	derpy_effect_region_resource_ithilmar_production	building_to_building_own	4.0000	2.0000	0.0000	derpy_mr_ithilmar_1
wh2_main_rogue_settlement_major_1	derpy_effect_region_resource_ithilmar_production	building_to_building_own	2.0000	1.0000	0.0000	derpy_mr_ithilmar_1
wh2_main_rogue_settlement_major_2	derpy_effect_region_resource_ithilmar_production	building_to_building_own	3.0000	2.0000	0.0000	derpy_mr_ithilmar_1
wh2_main_rogue_settlement_major_3	derpy_effect_region_resource_ithilmar_production	building_to_building_own	4.0000	2.0000	0.0000	derpy_mr_ithilmar_1
wh2_main_rogue_settlement_minor_1	derpy_effect_region_resource_ithilmar_production	building_to_building_own	2.0000	1.0000	0.0000	derpy_mr_ithilmar_1
wh2_main_rogue_settlement_minor_2	derpy_effect_region_resource_ithilmar_production	building_to_building_own	3.0000	2.0000	0.0000	derpy_mr_ithilmar_1
wh2_main_rogue_settlement_minor_3	derpy_effect_region_resource_ithilmar_production	building_to_building_own	4.0000	2.0000	0.0000	derpy_mr_ithilmar_1
wh2_main_skv_settlement_major_1	derpy_effect_region_resource_ithilmar_production	building_to_building_own	2.0000	1.0000	0.0000	derpy_mr_ithilmar_1
wh2_main_skv_settlement_major_2	derpy_effect_region_resource_ithilmar_production	building_to_building_own	3.0000	2.0000	0.0000	derpy_mr_ithilmar_1
wh2_main_skv_settlement_major_3	derpy_effect_region_resource_ithilmar_production	building_to_building_own	4.0000	2.0000	0.0000	derpy_mr_ithilmar_1
wh2_main_skv_settlement_major_4	derpy_effect_region_resource_ithilmar_production	building_to_building_own	5.0000	3.0000	0.0000	derpy_mr_ithilmar_1
wh2_main_skv_settlement_major_5	derpy_effect_region_resource_ithilmar_production	building_to_building_own	6.0000	3.0000	0.0000	derpy_mr_ithilmar_1
wh2_main_skv_settlement_minor_1	derpy_effect_region_resource_ithilmar_production	building_to_building_own	2.0000	1.0000	0.0000	derpy_mr_ithilmar_1
wh2_main_skv_settlement_minor_2	derpy_effect_region_resource_ithilmar_production	building_to_building_own	3.0000	2.0000	0.0000	derpy_mr_ithilmar_1
wh2_main_skv_settlement_minor_3	derpy_effect_region_resource_ithilmar_production	building_to_building_own	4.0000	2.0000	0.0000	derpy_mr_ithilmar_1
wh2_main_special_empire_fort_emp_1	derpy_effect_region_resource_ithilmar_production	building_to_building_own	2.0000	1.0000	0.0000	derpy_mr_ithilmar_1
wh2_main_special_empire_fort_emp_2	derpy_effect_region_resource_ithilmar_production	building_to_building_own	3.0000	2.0000	0.0000	derpy_mr_ithilmar_1
wh2_main_special_empire_fort_emp_3	derpy_effect_region_resource_ithilmar_production	building_to_building_own	4.0000	2.0000	0.0000	derpy_mr_ithilmar_1
wh2_main_special_empire_fort_emp_4	derpy_effect_region_resource_ithilmar_production	building_to_building_own	5.0000	3.0000	0.0000	derpy_mr_ithilmar_1
wh2_main_special_empire_fort_emp_5	derpy_effect_region_resource_ithilmar_production	building_to_building_own	6.0000	3.0000	0.0000	derpy_mr_ithilmar_1
wh2_main_special_fortress_gate_eagle_hef_1	derpy_effect_region_resource_ithilmar_production	building_to_building_own	2.0000	1.0000	0.0000	derpy_mr_ithilmar_1
wh2_main_special_fortress_gate_eagle_hef_2	derpy_effect_region_resource_ithilmar_production	building_to_building_own	3.0000	2.0000	0.0000	derpy_mr_ithilmar_1
wh2_main_special_fortress_gate_eagle_hef_3	derpy_effect_region_resource_ithilmar_production	building_to_building_own	4.0000	2.0000	0.0000	derpy_mr_ithilmar_1
wh2_main_special_fortress_gate_eagle_hef_4	derpy_effect_region_resource_ithilmar_production	building_to_building_own	5.0000	3.0000	0.0000	derpy_mr_ithilmar_1
wh2_main_special_fortress_gate_eagle_hef_5	derpy_effect_region_resource_ithilmar_production	building_to_building_own	6.0000	3.0000	0.0000	derpy_mr_ithilmar_1
wh2_main_special_fortress_gate_eagle_untainted_1	derpy_effect_region_resource_ithilmar_production	building_to_building_own	2.0000	1.0000	0.0000	derpy_mr_ithilmar_1
wh2_main_special_fortress_gate_eagle_untainted_2	derpy_effect_region_resource_ithilmar_production	building_to_building_own	3.0000	2.0000	0.0000	derpy_mr_ithilmar_1
wh2_main_special_fortress_gate_eagle_untainted_3	derpy_effect_region_resource_ithilmar_production	building_to_building_own	4.0000	2.0000	0.0000	derpy_mr_ithilmar_1
wh2_main_special_fortress_gate_eagle_untainted_4	derpy_effect_region_resource_ithilmar_production	building_to_building_own	5.0000	3.0000	0.0000	derpy_mr_ithilmar_1
wh2_main_special_fortress_gate_eagle_untainted_5	derpy_effect_region_resource_ithilmar_production	building_to_building_own	6.0000	3.0000	0.0000	derpy_mr_ithilmar_1
wh2_main_special_fortress_gate_griffon_hef_1	derpy_effect_region_resource_ithilmar_production	building_to_building_own	2.0000	1.0000	0.0000	derpy_mr_ithilmar_1
wh2_main_special_fortress_gate_griffon_hef_2	derpy_effect_region_resource_ithilmar_production	building_to_building_own	3.0000	2.0000	0.0000	derpy_mr_ithilmar_1
wh2_main_special_fortress_gate_griffon_hef_3	derpy_effect_region_resource_ithilmar_production	building_to_building_own	4.0000	2.0000	0.0000	derpy_mr_ithilmar_1
wh2_main_special_fortress_gate_griffon_hef_4	derpy_effect_region_resource_ithilmar_production	building_to_building_own	5.0000	3.0000	0.0000	derpy_mr_ithilmar_1
wh2_main_special_fortress_gate_griffon_hef_5	derpy_effect_region_resource_ithilmar_production	building_to_building_own	6.0000	3.0000	0.0000	derpy_mr_ithilmar_1
wh2_main_special_fortress_gate_griffon_untainted_1	derpy_effect_region_resource_ithilmar_production	building_to_building_own	2.0000	1.0000	0.0000	derpy_mr_ithilmar_1
wh2_main_special_fortress_gate_griffon_untainted_2	derpy_effect_region_resource_ithilmar_production	building_to_building_own	3.0000	2.0000	0.0000	derpy_mr_ithilmar_1
wh2_main_special_fortress_gate_griffon_untainted_3	derpy_effect_region_resource_ithilmar_production	building_to_building_own	4.0000	2.0000	0.0000	derpy_mr_ithilmar_1
wh2_main_special_fortress_gate_griffon_untainted_4	derpy_effect_region_resource_ithilmar_production	building_to_building_own	5.0000	3.0000	0.0000	derpy_mr_ithilmar_1
wh2_main_special_fortress_gate_griffon_untainted_5	derpy_effect_region_resource_ithilmar_production	building_to_building_own	6.0000	3.0000	0.0000	derpy_mr_ithilmar_1
wh2_main_special_fortress_gate_phoenix_hef_1	derpy_effect_region_resource_ithilmar_production	building_to_building_own	2.0000	1.0000	0.0000	derpy_mr_ithilmar_1
wh2_main_special_fortress_gate_phoenix_hef_2	derpy_effect_region_resource_ithilmar_production	building_to_building_own	3.0000	2.0000	0.0000	derpy_mr_ithilmar_1
wh2_main_special_fortress_gate_phoenix_hef_3	derpy_effect_region_resource_ithilmar_production	building_to_building_own	4.0000	2.0000	0.0000	derpy_mr_ithilmar_1
wh2_main_special_fortress_gate_phoenix_hef_4	derpy_effect_region_resource_ithilmar_production	building_to_building_own	5.0000	3.0000	0.0000	derpy_mr_ithilmar_1
wh2_main_special_fortress_gate_phoenix_hef_5	derpy_effect_region_resource_ithilmar_production	building_to_building_own	6.0000	3.0000	0.0000	derpy_mr_ithilmar_1
wh2_main_special_fortress_gate_phoenix_untainted_1	derpy_effect_region_resource_ithilmar_production	building_to_building_own	2.0000	1.0000	0.0000	derpy_mr_ithilmar_1
wh2_main_special_fortress_gate_phoenix_untainted_2	derpy_effect_region_resource_ithilmar_production	building_to_building_own	3.0000	2.0000	0.0000	derpy_mr_ithilmar_1
wh2_main_special_fortress_gate_phoenix_untainted_3	derpy_effect_region_resource_ithilmar_production	building_to_building_own	4.0000	2.0000	0.0000	derpy_mr_ithilmar_1
wh2_main_special_fortress_gate_phoenix_untainted_4	derpy_effect_region_resource_ithilmar_production	building_to_building_own	5.0000	3.0000	0.0000	derpy_mr_ithilmar_1
wh2_main_special_fortress_gate_phoenix_untainted_5	derpy_effect_region_resource_ithilmar_production	building_to_building_own	6.0000	3.0000	0.0000	derpy_mr_ithilmar_1
wh2_main_special_fortress_gate_unicorn_hef_1	derpy_effect_region_resource_ithilmar_production	building_to_building_own	2.0000	1.0000	0.0000	derpy_mr_ithilmar_1
wh2_main_special_fortress_gate_unicorn_hef_2	derpy_effect_region_resource_ithilmar_production	building_to_building_own	3.0000	2.0000	0.0000	derpy_mr_ithilmar_1
wh2_main_special_fortress_gate_unicorn_hef_3	derpy_effect_region_resource_ithilmar_production	building_to_building_own	4.0000	2.0000	0.0000	derpy_mr_ithilmar_1
wh2_main_special_fortress_gate_unicorn_hef_4	derpy_effect_region_resource_ithilmar_production	building_to_building_own	5.0000	3.0000	0.0000	derpy_mr_ithilmar_1
wh2_main_special_fortress_gate_unicorn_hef_5	derpy_effect_region_resource_ithilmar_production	building_to_building_own	6.0000	3.0000	0.0000	derpy_mr_ithilmar_1
wh2_main_special_fortress_gate_unicorn_untainted_1	derpy_effect_region_resource_ithilmar_production	building_to_building_own	2.0000	1.0000	0.0000	derpy_mr_ithilmar_1
wh2_main_special_fortress_gate_unicorn_untainted_2	derpy_effect_region_resource_ithilmar_production	building_to_building_own	3.0000	2.0000	0.0000	derpy_mr_ithilmar_1
wh2_main_special_fortress_gate_unicorn_untainted_3	derpy_effect_region_resource_ithilmar_production	building_to_building_own	4.0000	2.0000	0.0000	derpy_mr_ithilmar_1
wh2_main_special_fortress_gate_unicorn_untainted_4	derpy_effect_region_resource_ithilmar_production	building_to_building_own	5.0000	3.0000	0.0000	derpy_mr_ithilmar_1
wh2_main_special_fortress_gate_unicorn_untainted_5	derpy_effect_region_resource_ithilmar_production	building_to_building_own	6.0000	3.0000	0.0000	derpy_mr_ithilmar_1
wh2_main_special_settlement_colony_major_hef_1	derpy_effect_region_resource_ithilmar_production	building_to_building_own	2.0000	1.0000	0.0000	derpy_mr_ithilmar_1
wh2_main_special_settlement_colony_major_hef_2	derpy_effect_region_resource_ithilmar_production	building_to_building_own	3.0000	2.0000	0.0000	derpy_mr_ithilmar_1
wh2_main_special_settlement_colony_major_hef_3	derpy_effect_region_resource_ithilmar_production	building_to_building_own	4.0000	2.0000	0.0000	derpy_mr_ithilmar_1
wh2_main_special_settlement_colony_major_hef_4	derpy_effect_region_resource_ithilmar_production	building_to_building_own	5.0000	3.0000	0.0000	derpy_mr_ithilmar_1
wh2_main_special_settlement_colony_major_hef_5	derpy_effect_region_resource_ithilmar_production	building_to_building_own	6.0000	3.0000	0.0000	derpy_mr_ithilmar_1
wh2_main_special_settlement_colony_minor_hef_1	derpy_effect_region_resource_ithilmar_production	building_to_building_own	2.0000	1.0000	0.0000	derpy_mr_ithilmar_1
wh2_main_special_settlement_colony_minor_hef_2	derpy_effect_region_resource_ithilmar_production	building_to_building_own	3.0000	2.0000	0.0000	derpy_mr_ithilmar_1
wh2_main_special_settlement_colony_minor_hef_3	derpy_effect_region_resource_ithilmar_production	building_to_building_own	4.0000	2.0000	0.0000	derpy_mr_ithilmar_1
wh2_main_special_settlement_eight_peaks_skv_1	derpy_effect_region_resource_ithilmar_production	building_to_building_own	2.0000	1.0000	0.0000	derpy_mr_ithilmar_1
wh2_main_special_settlement_eight_peaks_skv_2	derpy_effect_region_resource_ithilmar_production	building_to_building_own	3.0000	2.0000	0.0000	derpy_mr_ithilmar_1
wh2_main_special_settlement_eight_peaks_skv_3	derpy_effect_region_resource_ithilmar_production	building_to_building_own	4.0000	2.0000	0.0000	derpy_mr_ithilmar_1
wh2_main_special_settlement_eight_peaks_skv_4	derpy_effect_region_resource_ithilmar_production	building_to_building_own	5.0000	3.0000	0.0000	derpy_mr_ithilmar_1
wh2_main_special_settlement_eight_peaks_skv_5	derpy_effect_region_resource_ithilmar_production	building_to_building_own	6.0000	3.0000	0.0000	derpy_mr_ithilmar_1
wh2_main_special_settlement_gaean_vale_1	derpy_effect_region_resource_ithilmar_production	building_to_building_own	2.0000	1.0000	0.0000	derpy_mr_ithilmar_1
wh2_main_special_settlement_gaean_vale_2	derpy_effect_region_resource_ithilmar_production	building_to_building_own	3.0000	2.0000	0.0000	derpy_mr_ithilmar_1
wh2_main_special_settlement_gaean_vale_3	derpy_effect_region_resource_ithilmar_production	building_to_building_own	4.0000	2.0000	0.0000	derpy_mr_ithilmar_1
wh2_main_special_settlement_gaean_vale_4	derpy_effect_region_resource_ithilmar_production	building_to_building_own	5.0000	3.0000	0.0000	derpy_mr_ithilmar_1
wh2_main_special_settlement_gaean_vale_5	derpy_effect_region_resource_ithilmar_production	building_to_building_own	6.0000	3.0000	0.0000	derpy_mr_ithilmar_1
wh_dlc05_special_settlement_gaean_vale_1_wef	derpy_effect_region_resource_ithilmar_production	building_to_building_own	2.0000	1.0000	0.0000	derpy_mr_ithilmar_1
wh_dlc05_special_settlement_gaean_vale_2_wef	derpy_effect_region_resource_ithilmar_production	building_to_building_own	3.0000	2.0000	0.0000	derpy_mr_ithilmar_1
wh_dlc05_special_settlement_gaean_vale_3_wef	derpy_effect_region_resource_ithilmar_production	building_to_building_own	4.0000	2.0000	0.0000	derpy_mr_ithilmar_1
wh_dlc05_special_settlement_gaean_vale_4_wef	derpy_effect_region_resource_ithilmar_production	building_to_building_own	5.0000	3.0000	0.0000	derpy_mr_ithilmar_1
wh_dlc05_special_settlement_gaean_vale_5_wef	derpy_effect_region_resource_ithilmar_production	building_to_building_own	6.0000	3.0000	0.0000	derpy_mr_ithilmar_1
wh2_main_special_settlement_hellpit_1	derpy_effect_region_resource_ithilmar_production	building_to_building_own	2.0000	1.0000	0.0000	derpy_mr_ithilmar_1
wh2_main_special_settlement_hellpit_2	derpy_effect_region_resource_ithilmar_production	building_to_building_own	3.0000	2.0000	0.0000	derpy_mr_ithilmar_1
wh2_main_special_settlement_hellpit_3	derpy_effect_region_resource_ithilmar_production	building_to_building_own	4.0000	2.0000	0.0000	derpy_mr_ithilmar_1
wh2_main_special_settlement_hellpit_4	derpy_effect_region_resource_ithilmar_production	building_to_building_own	5.0000	3.0000	0.0000	derpy_mr_ithilmar_1
wh2_main_special_settlement_hellpit_5	derpy_effect_region_resource_ithilmar_production	building_to_building_own	6.0000	3.0000	0.0000	derpy_mr_ithilmar_1
wh_dlc05_special_settlement_hellpit_1_wef	derpy_effect_region_resource_ithilmar_production	building_to_building_own	2.0000	1.0000	0.0000	derpy_mr_ithilmar_1
wh2_main_special_settlement_hexoatl_lzd_1	derpy_effect_region_resource_ithilmar_production	building_to_building_own	2.0000	1.0000	0.0000	derpy_mr_ithilmar_1
wh2_main_special_settlement_hexoatl_lzd_2	derpy_effect_region_resource_ithilmar_production	building_to_building_own	3.0000	2.0000	0.0000	derpy_mr_ithilmar_1
wh2_main_special_settlement_hexoatl_lzd_3	derpy_effect_region_resource_ithilmar_production	building_to_building_own	4.0000	2.0000	0.0000	derpy_mr_ithilmar_1
wh2_main_special_settlement_hexoatl_lzd_4	derpy_effect_region_resource_ithilmar_production	building_to_building_own	5.0000	3.0000	0.0000	derpy_mr_ithilmar_1
wh2_main_special_settlement_hexoatl_lzd_5	derpy_effect_region_resource_ithilmar_production	building_to_building_own	6.0000	3.0000	0.0000	derpy_mr_ithilmar_1
wh_dlc05_special_settlement_hexoatl_1_wef	derpy_effect_region_resource_ithilmar_production	building_to_building_own	2.0000	1.0000	0.0000	derpy_mr_ithilmar_1
wh2_main_special_settlement_itza_lzd_1	derpy_effect_region_resource_ithilmar_production	building_to_building_own	2.0000	1.0000	0.0000	derpy_mr_ithilmar_1
wh2_main_special_settlement_itza_lzd_2	derpy_effect_region_resource_ithilmar_production	building_to_building_own	3.0000	2.0000	0.0000	derpy_mr_ithilmar_1
wh2_main_special_settlement_itza_lzd_3	derpy_effect_region_resource_ithilmar_production	building_to_building_own	4.0000	2.0000	0.0000	derpy_mr_ithilmar_1
wh2_main_special_settlement_itza_lzd_4	derpy_effect_region_resource_ithilmar_production	building_to_building_own	5.0000	3.0000	0.0000	derpy_mr_ithilmar_1
wh2_main_special_settlement_itza_lzd_5	derpy_effect_region_resource_ithilmar_production	building_to_building_own	6.0000	3.0000	0.0000	derpy_mr_ithilmar_1
wh_dlc05_special_settlement_itza_1_wef	derpy_effect_region_resource_ithilmar_production	building_to_building_own	2.0000	1.0000	0.0000	derpy_mr_ithilmar_1
wh2_main_special_settlement_karaz_a_karak_skv_1	derpy_effect_region_resource_ithilmar_production	building_to_building_own	2.0000	1.0000	0.0000	derpy_mr_ithilmar_1
wh2_main_special_settlement_karaz_a_karak_skv_2	derpy_effect_region_resource_ithilmar_production	building_to_building_own	3.0000	2.0000	0.0000	derpy_mr_ithilmar_1
wh2_main_special_settlement_karaz_a_karak_skv_3	derpy_effect_region_resource_ithilmar_production	building_to_building_own	4.0000	2.0000	0.0000	derpy_mr_ithilmar_1
wh2_main_special_settlement_karaz_a_karak_skv_4	derpy_effect_region_resource_ithilmar_production	building_to_building_own	5.0000	3.0000	0.0000	derpy_mr_ithilmar_1
wh2_main_special_settlement_karaz_a_karak_skv_5	derpy_effect_region_resource_ithilmar_production	building_to_building_own	6.0000	3.0000	0.0000	derpy_mr_ithilmar_1
wh_dlc05_special_settlement_khemri_1_wef	derpy_effect_region_resource_ithilmar_production	building_to_building_own	2.0000	1.0000	0.0000	derpy_mr_ithilmar_1
wh_dlc05_special_settlement_konquata_1_wef	derpy_effect_region_resource_ithilmar_production	building_to_building_own	2.0000	1.0000	0.0000	derpy_mr_ithilmar_1
wh_dlc05_special_settlement_lahmia_1_wef	derpy_effect_region_resource_ithilmar_production	building_to_building_own	2.0000	1.0000	0.0000	derpy_mr_ithilmar_1
wh2_main_special_settlement_lothern_1	derpy_effect_region_resource_ithilmar_production	building_to_building_own	2.0000	1.0000	0.0000	derpy_mr_ithilmar_1
wh2_main_special_settlement_lothern_2	derpy_effect_region_resource_ithilmar_production	building_to_building_own	3.0000	2.0000	0.0000	derpy_mr_ithilmar_1
wh2_main_special_settlement_lothern_3	derpy_effect_region_resource_ithilmar_production	building_to_building_own	4.0000	2.0000	0.0000	derpy_mr_ithilmar_1
wh2_main_special_settlement_lothern_4	derpy_effect_region_resource_ithilmar_production	building_to_building_own	5.0000	3.0000	0.0000	derpy_mr_ithilmar_1
wh2_main_special_settlement_lothern_5	derpy_effect_region_resource_ithilmar_production	building_to_building_own	6.0000	3.0000	0.0000	derpy_mr_ithilmar_1
wh2_main_special_settlement_lothern_def_1	derpy_effect_region_resource_ithilmar_production	building_to_building_own	2.0000	1.0000	0.0000	derpy_mr_ithilmar_1
wh2_main_special_settlement_lothern_def_2	derpy_effect_region_resource_ithilmar_production	building_to_building_own	3.0000	2.0000	0.0000	derpy_mr_ithilmar_1
wh2_main_special_settlement_lothern_def_3	derpy_effect_region_resource_ithilmar_production	building_to_building_own	4.0000	2.0000	0.0000	derpy_mr_ithilmar_1
wh2_main_special_settlement_lothern_def_4	derpy_effect_region_resource_ithilmar_production	building_to_building_own	5.0000	3.0000	0.0000	derpy_mr_ithilmar_1
wh2_main_special_settlement_lothern_def_5	derpy_effect_region_resource_ithilmar_production	building_to_building_own	6.0000	3.0000	0.0000	derpy_mr_ithilmar_1
wh_dlc05_special_settlement_lothern_1_wef	derpy_effect_region_resource_ithilmar_production	building_to_building_own	2.0000	1.0000	0.0000	derpy_mr_ithilmar_1
wh2_main_special_settlement_naggarond_1	derpy_effect_region_resource_ithilmar_production	building_to_building_own	2.0000	1.0000	0.0000	derpy_mr_ithilmar_1
wh2_main_special_settlement_naggarond_2	derpy_effect_region_resource_ithilmar_production	building_to_building_own	3.0000	2.0000	0.0000	derpy_mr_ithilmar_1
wh2_main_special_settlement_naggarond_3	derpy_effect_region_resource_ithilmar_production	building_to_building_own	4.0000	2.0000	0.0000	derpy_mr_ithilmar_1
wh2_main_special_settlement_naggarond_4	derpy_effect_region_resource_ithilmar_production	building_to_building_own	5.0000	3.0000	0.0000	derpy_mr_ithilmar_1
wh2_main_special_settlement_naggarond_5	derpy_effect_region_resource_ithilmar_production	building_to_building_own	6.0000	3.0000	0.0000	derpy_mr_ithilmar_1
wh2_main_special_settlement_naggarond_hef_1	derpy_effect_region_resource_ithilmar_production	building_to_building_own	2.0000	1.0000	0.0000	derpy_mr_ithilmar_1
wh2_main_special_settlement_naggarond_hef_2	derpy_effect_region_resource_ithilmar_production	building_to_building_own	3.0000	2.0000	0.0000	derpy_mr_ithilmar_1
wh2_main_special_settlement_naggarond_hef_3	derpy_effect_region_resource_ithilmar_production	building_to_building_own	4.0000	2.0000	0.0000	derpy_mr_ithilmar_1
wh2_main_special_settlement_naggarond_hef_4	derpy_effect_region_resource_ithilmar_production	building_to_building_own	5.0000	3.0000	0.0000	derpy_mr_ithilmar_1
wh2_main_special_settlement_naggarond_hef_5	derpy_effect_region_resource_ithilmar_production	building_to_building_own	6.0000	3.0000	0.0000	derpy_mr_ithilmar_1
wh_dlc05_special_settlement_naggarond_1_wef	derpy_effect_region_resource_ithilmar_production	building_to_building_own	2.0000	1.0000	0.0000	derpy_mr_ithilmar_1
wh2_main_special_settlement_pyramid_of_nagash_1_wef	derpy_effect_region_resource_ithilmar_production	building_to_building_own	2.0000	1.0000	0.0000	derpy_mr_ithilmar_1
wh2_main_special_settlement_sartosa_brt_1	derpy_effect_region_resource_ithilmar_production	building_to_building_own	2.0000	1.0000	0.0000	derpy_mr_ithilmar_1
wh2_main_special_settlement_sartosa_brt_2	derpy_effect_region_resource_ithilmar_production	building_to_building_own	3.0000	2.0000	0.0000	derpy_mr_ithilmar_1
wh2_main_special_settlement_sartosa_brt_3	derpy_effect_region_resource_ithilmar_production	building_to_building_own	4.0000	2.0000	0.0000	derpy_mr_ithilmar_1
wh2_main_special_settlement_sartosa_brt_4	derpy_effect_region_resource_ithilmar_production	building_to_building_own	5.0000	3.0000	0.0000	derpy_mr_ithilmar_1
wh2_main_special_settlement_sartosa_brt_5	derpy_effect_region_resource_ithilmar_production	building_to_building_own	6.0000	3.0000	0.0000	derpy_mr_ithilmar_1
wh2_main_special_settlement_sartosa_cst_1	derpy_effect_region_resource_ithilmar_production	building_to_building_own	2.0000	1.0000	0.0000	derpy_mr_ithilmar_1
wh2_main_special_settlement_sartosa_cst_2	derpy_effect_region_resource_ithilmar_production	building_to_building_own	3.0000	2.0000	0.0000	derpy_mr_ithilmar_1
wh2_main_special_settlement_sartosa_cst_3	derpy_effect_region_resource_ithilmar_production	building_to_building_own	4.0000	2.0000	0.0000	derpy_mr_ithilmar_1
wh2_main_special_settlement_sartosa_cst_4	derpy_effect_region_resource_ithilmar_production	building_to_building_own	5.0000	3.0000	0.0000	derpy_mr_ithilmar_1
wh2_main_special_settlement_sartosa_cst_5	derpy_effect_region_resource_ithilmar_production	building_to_building_own	6.0000	3.0000	0.0000	derpy_mr_ithilmar_1
wh2_main_special_settlement_sartosa_def_1	derpy_effect_region_resource_ithilmar_production	building_to_building_own	2.0000	1.0000	0.0000	derpy_mr_ithilmar_1
wh2_main_special_settlement_sartosa_def_2	derpy_effect_region_resource_ithilmar_production	building_to_building_own	3.0000	2.0000	0.0000	derpy_mr_ithilmar_1
wh2_main_special_settlement_sartosa_def_3	derpy_effect_region_resource_ithilmar_production	building_to_building_own	4.0000	2.0000	0.0000	derpy_mr_ithilmar_1
wh2_main_special_settlement_sartosa_def_4	derpy_effect_region_resource_ithilmar_production	building_to_building_own	5.0000	3.0000	0.0000	derpy_mr_ithilmar_1
wh2_main_special_settlement_sartosa_def_5	derpy_effect_region_resource_ithilmar_production	building_to_building_own	6.0000	3.0000	0.0000	derpy_mr_ithilmar_1
wh2_main_special_settlement_sartosa_emp_1	derpy_effect_region_resource_ithilmar_production	building_to_building_own	2.0000	1.0000	0.0000	derpy_mr_ithilmar_1
wh2_main_special_settlement_sartosa_emp_2	derpy_effect_region_resource_ithilmar_production	building_to_building_own	3.0000	2.0000	0.0000	derpy_mr_ithilmar_1
wh2_main_special_settlement_sartosa_emp_3	derpy_effect_region_resource_ithilmar_production	building_to_building_own	4.0000	2.0000	0.0000	derpy_mr_ithilmar_1
wh2_main_special_settlement_sartosa_emp_4	derpy_effect_region_resource_ithilmar_production	building_to_building_own	5.0000	3.0000	0.0000	derpy_mr_ithilmar_1
wh2_main_special_settlement_sartosa_emp_5	derpy_effect_region_resource_ithilmar_production	building_to_building_own	6.0000	3.0000	0.0000	derpy_mr_ithilmar_1
wh2_main_special_settlement_sartosa_wef_1	derpy_effect_region_resource_ithilmar_production	building_to_building_own	2.0000	1.0000	0.0000	derpy_mr_ithilmar_1
wh2_main_special_settlement_skavenblight_1	derpy_effect_region_resource_ithilmar_production	building_to_building_own	2.0000	1.0000	0.0000	derpy_mr_ithilmar_1
wh2_main_special_settlement_skavenblight_2	derpy_effect_region_resource_ithilmar_production	building_to_building_own	3.0000	2.0000	0.0000	derpy_mr_ithilmar_1
wh2_main_special_settlement_skavenblight_3	derpy_effect_region_resource_ithilmar_production	building_to_building_own	4.0000	2.0000	0.0000	derpy_mr_ithilmar_1
wh2_main_special_settlement_skavenblight_4	derpy_effect_region_resource_ithilmar_production	building_to_building_own	5.0000	3.0000	0.0000	derpy_mr_ithilmar_1
wh2_main_special_settlement_skavenblight_5	derpy_effect_region_resource_ithilmar_production	building_to_building_own	6.0000	3.0000	0.0000	derpy_mr_ithilmar_1
wh_dlc05_special_settlement_skavenblight_1_wef	derpy_effect_region_resource_ithilmar_production	building_to_building_own	2.0000	1.0000	0.0000	derpy_mr_ithilmar_1
wh2_main_special_settlement_the_awakening_cst_1	derpy_effect_region_resource_ithilmar_production	building_to_building_own	2.0000	1.0000	0.0000	derpy_mr_ithilmar_1
wh2_main_special_settlement_the_awakening_cst_2	derpy_effect_region_resource_ithilmar_production	building_to_building_own	3.0000	2.0000	0.0000	derpy_mr_ithilmar_1
wh2_main_special_settlement_the_awakening_cst_3	derpy_effect_region_resource_ithilmar_production	building_to_building_own	4.0000	2.0000	0.0000	derpy_mr_ithilmar_1
wh2_main_special_settlement_the_awakening_cst_4	derpy_effect_region_resource_ithilmar_production	building_to_building_own	5.0000	3.0000	0.0000	derpy_mr_ithilmar_1
wh2_main_special_settlement_the_awakening_cst_5	derpy_effect_region_resource_ithilmar_production	building_to_building_own	6.0000	3.0000	0.0000	derpy_mr_ithilmar_1
wh2_main_special_settlement_the_awakening_wef_1	derpy_effect_region_resource_ithilmar_production	building_to_building_own	2.0000	1.0000	0.0000	derpy_mr_ithilmar_1
wh2_main_wef_oak_of_ages_occupied_1	derpy_effect_region_resource_ithilmar_production	building_to_building_own	2.0000	1.0000	0.0000	derpy_mr_ithilmar_1
wh2_twa03_special_settlement_konquata_lzd_1	derpy_effect_region_resource_ithilmar_production	building_to_building_own	2.0000	1.0000	0.0000	derpy_mr_ithilmar_1
wh2_twa03_special_settlement_konquata_lzd_2	derpy_effect_region_resource_ithilmar_production	building_to_building_own	3.0000	2.0000	0.0000	derpy_mr_ithilmar_1
wh2_twa03_special_settlement_konquata_lzd_3	derpy_effect_region_resource_ithilmar_production	building_to_building_own	4.0000	2.0000	0.0000	derpy_mr_ithilmar_1
wh2_twa03_special_settlement_konquata_lzd_4	derpy_effect_region_resource_ithilmar_production	building_to_building_own	5.0000	3.0000	0.0000	derpy_mr_ithilmar_1
wh2_twa03_special_settlement_konquata_lzd_5	derpy_effect_region_resource_ithilmar_production	building_to_building_own	6.0000	3.0000	0.0000	derpy_mr_ithilmar_1
wh3_cp1_cth_bhashiva_settlement_major_1	derpy_effect_region_resource_ithilmar_production	building_to_building_own	2.0000	1.0000	0.0000	derpy_mr_ithilmar_1
wh3_cp1_cth_bhashiva_settlement_major_2	derpy_effect_region_resource_ithilmar_production	building_to_building_own	3.0000	2.0000	0.0000	derpy_mr_ithilmar_1
wh3_cp1_cth_bhashiva_settlement_major_3	derpy_effect_region_resource_ithilmar_production	building_to_building_own	4.0000	2.0000	0.0000	derpy_mr_ithilmar_1
wh3_cp1_cth_bhashiva_settlement_major_4	derpy_effect_region_resource_ithilmar_production	building_to_building_own	5.0000	3.0000	0.0000	derpy_mr_ithilmar_1
wh3_cp1_cth_bhashiva_settlement_major_5	derpy_effect_region_resource_ithilmar_production	building_to_building_own	6.0000	3.0000	0.0000	derpy_mr_ithilmar_1
wh3_cp1_cth_bhashiva_settlement_minor_1	derpy_effect_region_resource_ithilmar_production	building_to_building_own	2.0000	1.0000	0.0000	derpy_mr_ithilmar_1
wh3_cp1_cth_bhashiva_settlement_minor_2	derpy_effect_region_resource_ithilmar_production	building_to_building_own	3.0000	2.0000	0.0000	derpy_mr_ithilmar_1
wh3_cp1_cth_bhashiva_settlement_minor_3	derpy_effect_region_resource_ithilmar_production	building_to_building_own	4.0000	2.0000	0.0000	derpy_mr_ithilmar_1
wh3_dlc20_woc_chaos_altar_major_human_1	derpy_effect_region_resource_ithilmar_production	building_to_building_own	2.0000	1.0000	0.0000	derpy_mr_ithilmar_1
wh3_dlc20_woc_chaos_altar_special_gate_settlement_1	derpy_effect_region_resource_ithilmar_production	building_to_building_own	2.0000	1.0000	0.0000	derpy_mr_ithilmar_1
wh3_dlc20_woc_chaos_altar_special_gate_settlement_2	derpy_effect_region_resource_ithilmar_production	building_to_building_own	3.0000	2.0000	0.0000	derpy_mr_ithilmar_1
wh3_dlc20_woc_chaos_altar_special_gate_settlement_3	derpy_effect_region_resource_ithilmar_production	building_to_building_own	4.0000	2.0000	0.0000	derpy_mr_ithilmar_1
wh3_dlc20_settlement_woc_dark_fortress_1	derpy_effect_region_resource_ithilmar_production	building_to_building_own	2.0000	1.0000	0.0000	derpy_mr_ithilmar_1
wh3_dlc20_settlement_woc_dark_fortress_2	derpy_effect_region_resource_ithilmar_production	building_to_building_own	3.0000	2.0000	0.0000	derpy_mr_ithilmar_1
wh3_dlc20_settlement_woc_dark_fortress_3	derpy_effect_region_resource_ithilmar_production	building_to_building_own	4.0000	2.0000	0.0000	derpy_mr_ithilmar_1
wh3_dlc20_settlement_woc_dark_fortress_4	derpy_effect_region_resource_ithilmar_production	building_to_building_own	5.0000	3.0000	0.0000	derpy_mr_ithilmar_1
wh3_dlc20_settlement_woc_dark_fortress_5	derpy_effect_region_resource_ithilmar_production	building_to_building_own	6.0000	3.0000	0.0000	derpy_mr_ithilmar_1
wh3_dlc23_chd_settlement_factory_1	derpy_effect_region_resource_ithilmar_production	building_to_building_own	2.0000	1.0000	0.0000	derpy_mr_ithilmar_1
wh3_dlc23_chd_settlement_factory_2	derpy_effect_region_resource_ithilmar_production	building_to_building_own	3.0000	2.0000	0.0000	derpy_mr_ithilmar_1
wh3_dlc23_chd_settlement_factory_3	derpy_effect_region_resource_ithilmar_production	building_to_building_own	4.0000	2.0000	0.0000	derpy_mr_ithilmar_1
wh3_dlc23_chd_settlement_outpost_1	derpy_effect_region_resource_ithilmar_production	building_to_building_own	2.0000	1.0000	0.0000	derpy_mr_ithilmar_1
wh3_dlc23_chd_settlement_outpost_2	derpy_effect_region_resource_ithilmar_production	building_to_building_own	3.0000	2.0000	0.0000	derpy_mr_ithilmar_1
wh3_dlc23_chd_settlement_outpost_3	derpy_effect_region_resource_ithilmar_production	building_to_building_own	4.0000	2.0000	0.0000	derpy_mr_ithilmar_1
wh3_dlc23_chd_settlement_tower_1	derpy_effect_region_resource_ithilmar_production	building_to_building_own	2.0000	1.0000	0.0000	derpy_mr_ithilmar_1
wh3_dlc23_chd_settlement_tower_2	derpy_effect_region_resource_ithilmar_production	building_to_building_own	3.0000	2.0000	0.0000	derpy_mr_ithilmar_1
wh3_dlc23_chd_settlement_tower_3	derpy_effect_region_resource_ithilmar_production	building_to_building_own	4.0000	2.0000	0.0000	derpy_mr_ithilmar_1
wh3_dlc23_chd_settlement_tower_4	derpy_effect_region_resource_ithilmar_production	building_to_building_own	5.0000	3.0000	0.0000	derpy_mr_ithilmar_1
wh3_dlc23_chd_settlement_tower_5	derpy_effect_region_resource_ithilmar_production	building_to_building_own	6.0000	3.0000	0.0000	derpy_mr_ithilmar_1
wh3_dlc23_chd_special_settlement_tower_1	derpy_effect_region_resource_ithilmar_production	building_to_building_own	2.0000	1.0000	0.0000	derpy_mr_ithilmar_1
wh3_dlc23_chd_special_settlement_tower_2	derpy_effect_region_resource_ithilmar_production	building_to_building_own	3.0000	2.0000	0.0000	derpy_mr_ithilmar_1
wh3_dlc23_chd_special_settlement_tower_3	derpy_effect_region_resource_ithilmar_production	building_to_building_own	4.0000	2.0000	0.0000	derpy_mr_ithilmar_1
wh3_dlc23_chd_special_settlement_tower_4	derpy_effect_region_resource_ithilmar_production	building_to_building_own	5.0000	3.0000	0.0000	derpy_mr_ithilmar_1
wh3_dlc23_chd_special_settlement_tower_5	derpy_effect_region_resource_ithilmar_production	building_to_building_own	6.0000	3.0000	0.0000	derpy_mr_ithilmar_1
wh3_dlc23_special_empire_fort_chd_1	derpy_effect_region_resource_ithilmar_production	building_to_building_own	2.0000	1.0000	0.0000	derpy_mr_ithilmar_1
wh3_dlc23_special_empire_fort_chd_2	derpy_effect_region_resource_ithilmar_production	building_to_building_own	3.0000	2.0000	0.0000	derpy_mr_ithilmar_1
wh3_dlc23_special_empire_fort_chd_3	derpy_effect_region_resource_ithilmar_production	building_to_building_own	4.0000	2.0000	0.0000	derpy_mr_ithilmar_1
wh3_dlc23_special_empire_fort_chd_4	derpy_effect_region_resource_ithilmar_production	building_to_building_own	5.0000	3.0000	0.0000	derpy_mr_ithilmar_1
wh3_dlc23_special_empire_fort_chd_5	derpy_effect_region_resource_ithilmar_production	building_to_building_own	6.0000	3.0000	0.0000	derpy_mr_ithilmar_1
wh2_main_special_fortress_gate_eagle_chd_1	derpy_effect_region_resource_ithilmar_production	building_to_building_own	2.0000	1.0000	0.0000	derpy_mr_ithilmar_1
wh2_main_special_fortress_gate_eagle_chd_2	derpy_effect_region_resource_ithilmar_production	building_to_building_own	3.0000	2.0000	0.0000	derpy_mr_ithilmar_1
wh2_main_special_fortress_gate_eagle_chd_3	derpy_effect_region_resource_ithilmar_production	building_to_building_own	4.0000	2.0000	0.0000	derpy_mr_ithilmar_1
wh2_main_special_fortress_gate_eagle_chd_4	derpy_effect_region_resource_ithilmar_production	building_to_building_own	5.0000	3.0000	0.0000	derpy_mr_ithilmar_1
wh2_main_special_fortress_gate_eagle_chd_5	derpy_effect_region_resource_ithilmar_production	building_to_building_own	6.0000	3.0000	0.0000	derpy_mr_ithilmar_1
wh2_main_special_fortress_gate_griffon_chd_1	derpy_effect_region_resource_ithilmar_production	building_to_building_own	2.0000	1.0000	0.0000	derpy_mr_ithilmar_1
wh2_main_special_fortress_gate_griffon_chd_2	derpy_effect_region_resource_ithilmar_production	building_to_building_own	3.0000	2.0000	0.0000	derpy_mr_ithilmar_1
wh2_main_special_fortress_gate_griffon_chd_3	derpy_effect_region_resource_ithilmar_production	building_to_building_own	4.0000	2.0000	0.0000	derpy_mr_ithilmar_1
wh2_main_special_fortress_gate_griffon_chd_4	derpy_effect_region_resource_ithilmar_production	building_to_building_own	5.0000	3.0000	0.0000	derpy_mr_ithilmar_1
wh2_main_special_fortress_gate_griffon_chd_5	derpy_effect_region_resource_ithilmar_production	building_to_building_own	6.0000	3.0000	0.0000	derpy_mr_ithilmar_1
wh2_main_special_fortress_gate_phoenix_chd_1	derpy_effect_region_resource_ithilmar_production	building_to_building_own	2.0000	1.0000	0.0000	derpy_mr_ithilmar_1
wh2_main_special_fortress_gate_phoenix_chd_2	derpy_effect_region_resource_ithilmar_production	building_to_building_own	3.0000	2.0000	0.0000	derpy_mr_ithilmar_1
wh2_main_special_fortress_gate_phoenix_chd_3	derpy_effect_region_resource_ithilmar_production	building_to_building_own	4.0000	2.0000	0.0000	derpy_mr_ithilmar_1
wh2_main_special_fortress_gate_phoenix_chd_4	derpy_effect_region_resource_ithilmar_production	building_to_building_own	5.0000	3.0000	0.0000	derpy_mr_ithilmar_1
wh2_main_special_fortress_gate_phoenix_chd_5	derpy_effect_region_resource_ithilmar_production	building_to_building_own	6.0000	3.0000	0.0000	derpy_mr_ithilmar_1
wh2_main_special_fortress_gate_unicorn_chd_1	derpy_effect_region_resource_ithilmar_production	building_to_building_own	2.0000	1.0000	0.0000	derpy_mr_ithilmar_1
wh2_main_special_fortress_gate_unicorn_chd_2	derpy_effect_region_resource_ithilmar_production	building_to_building_own	3.0000	2.0000	0.0000	derpy_mr_ithilmar_1
wh2_main_special_fortress_gate_unicorn_chd_3	derpy_effect_region_resource_ithilmar_production	building_to_building_own	4.0000	2.0000	0.0000	derpy_mr_ithilmar_1
wh2_main_special_fortress_gate_unicorn_chd_4	derpy_effect_region_resource_ithilmar_production	building_to_building_own	5.0000	3.0000	0.0000	derpy_mr_ithilmar_1
wh2_main_special_fortress_gate_unicorn_chd_5	derpy_effect_region_resource_ithilmar_production	building_to_building_own	6.0000	3.0000	0.0000	derpy_mr_ithilmar_1
wh3_main_special_settlement_bastion_chd_1	derpy_effect_region_resource_ithilmar_production	building_to_building_own	2.0000	1.0000	0.0000	derpy_mr_ithilmar_1
wh3_main_special_settlement_bastion_chd_2	derpy_effect_region_resource_ithilmar_production	building_to_building_own	3.0000	2.0000	0.0000	derpy_mr_ithilmar_1
wh3_main_special_settlement_bastion_chd_3	derpy_effect_region_resource_ithilmar_production	building_to_building_own	4.0000	2.0000	0.0000	derpy_mr_ithilmar_1
wh3_main_special_settlement_bastion_chd_4	derpy_effect_region_resource_ithilmar_production	building_to_building_own	5.0000	3.0000	0.0000	derpy_mr_ithilmar_1
wh3_main_special_settlement_bastion_chd_5	derpy_effect_region_resource_ithilmar_production	building_to_building_own	6.0000	3.0000	0.0000	derpy_mr_ithilmar_1
wh3_dlc25_dwf_special_settlement_oak_of_ages_1	derpy_effect_region_resource_ithilmar_production	building_to_building_own	2.0000	1.0000	0.0000	derpy_mr_ithilmar_1
wh3_dlc27_hef_colony_settlement_major_1	derpy_effect_region_resource_ithilmar_production	building_to_building_own	2.0000	1.0000	0.0000	derpy_mr_ithilmar_1
wh3_dlc27_hef_colony_settlement_major_2	derpy_effect_region_resource_ithilmar_production	building_to_building_own	3.0000	2.0000	0.0000	derpy_mr_ithilmar_1
wh3_dlc27_hef_colony_settlement_major_3	derpy_effect_region_resource_ithilmar_production	building_to_building_own	4.0000	2.0000	0.0000	derpy_mr_ithilmar_1
wh3_dlc27_hef_colony_settlement_major_4	derpy_effect_region_resource_ithilmar_production	building_to_building_own	5.0000	3.0000	0.0000	derpy_mr_ithilmar_1
wh3_dlc27_hef_colony_settlement_major_5	derpy_effect_region_resource_ithilmar_production	building_to_building_own	6.0000	3.0000	0.0000	derpy_mr_ithilmar_1
wh3_dlc27_hef_colony_settlement_minor_1	derpy_effect_region_resource_ithilmar_production	building_to_building_own	2.0000	1.0000	0.0000	derpy_mr_ithilmar_1
wh3_dlc27_hef_colony_settlement_minor_2	derpy_effect_region_resource_ithilmar_production	building_to_building_own	3.0000	2.0000	0.0000	derpy_mr_ithilmar_1
wh3_dlc27_hef_colony_settlement_minor_3	derpy_effect_region_resource_ithilmar_production	building_to_building_own	4.0000	2.0000	0.0000	derpy_mr_ithilmar_1
wh3_dlc27_nor_chaos_altar_und_minor_human_1	derpy_effect_region_resource_ithilmar_production	building_to_building_own	2.0000	1.0000	0.0000	derpy_mr_ithilmar_1
wh3_dlc27_nor_chaos_altar_und_minor_human_2	derpy_effect_region_resource_ithilmar_production	building_to_building_own	3.0000	2.0000	0.0000	derpy_mr_ithilmar_1
wh3_dlc27_nor_chaos_altar_und_minor_human_3	derpy_effect_region_resource_ithilmar_production	building_to_building_own	4.0000	2.0000	0.0000	derpy_mr_ithilmar_1
wh3_dlc27_settlement_nor_chaos_altar_und_special_gate_1	derpy_effect_region_resource_ithilmar_production	building_to_building_own	2.0000	1.0000	0.0000	derpy_mr_ithilmar_1
wh3_dlc27_settlement_nor_chaos_altar_und_special_gate_2	derpy_effect_region_resource_ithilmar_production	building_to_building_own	3.0000	2.0000	0.0000	derpy_mr_ithilmar_1
wh3_dlc27_settlement_nor_chaos_altar_und_special_gate_3	derpy_effect_region_resource_ithilmar_production	building_to_building_own	4.0000	2.0000	0.0000	derpy_mr_ithilmar_1
wh3_dlc27_nor_chaos_altar_und_minor_human_port_1	derpy_effect_region_resource_ithilmar_production	building_to_building_own	2.0000	1.0000	0.0000	derpy_mr_ithilmar_1
wh3_dlc27_nor_chaos_altar_und_minor_human_port_2	derpy_effect_region_resource_ithilmar_production	building_to_building_own	3.0000	2.0000	0.0000	derpy_mr_ithilmar_1
wh3_dlc27_nor_chaos_altar_und_minor_human_port_3	derpy_effect_region_resource_ithilmar_production	building_to_building_own	4.0000	2.0000	0.0000	derpy_mr_ithilmar_1
wh3_dlc29_settlement_woc_nurgle_garden_ruins	derpy_effect_region_resource_ithilmar_production	building_to_building_own	2.0000	1.0000	0.0000	derpy_mr_ithilmar_1
wh3_dlc29_settlement_woc_nurgle_garden_1	derpy_effect_region_resource_ithilmar_production	building_to_building_own	3.0000	2.0000	0.0000	derpy_mr_ithilmar_1
wh3_dlc29_settlement_woc_nurgle_garden_2	derpy_effect_region_resource_ithilmar_production	building_to_building_own	4.0000	2.0000	0.0000	derpy_mr_ithilmar_1
wh3_dlc29_settlement_woc_nurgle_garden_3	derpy_effect_region_resource_ithilmar_production	building_to_building_own	5.0000	3.0000	0.0000	derpy_mr_ithilmar_1
wh3_dlc29_settlement_woc_nurgle_garden_4	derpy_effect_region_resource_ithilmar_production	building_to_building_own	6.0000	3.0000	0.0000	derpy_mr_ithilmar_1
wh3_dlc29_settlement_woc_nurgle_garden_5	derpy_effect_region_resource_ithilmar_production	building_to_building_own	6.0000	3.0000	0.0000	derpy_mr_ithilmar_1
wh3_dlc29_settlement_woc_nurgle_garden_minor_ruins	derpy_effect_region_resource_ithilmar_production	building_to_building_own	2.0000	1.0000	0.0000	derpy_mr_ithilmar_1
wh3_dlc29_settlement_woc_nurgle_garden_minor_1	derpy_effect_region_resource_ithilmar_production	building_to_building_own	3.0000	2.0000	0.0000	derpy_mr_ithilmar_1
wh3_dlc29_settlement_woc_nurgle_garden_minor_2	derpy_effect_region_resource_ithilmar_production	building_to_building_own	4.0000	2.0000	0.0000	derpy_mr_ithilmar_1
wh3_dlc29_settlement_woc_nurgle_garden_minor_3	derpy_effect_region_resource_ithilmar_production	building_to_building_own	5.0000	3.0000	0.0000	derpy_mr_ithilmar_1
wh3_dlc29_special_settlement_middenheim_1_emp	derpy_effect_region_resource_ithilmar_production	building_to_building_own	2.0000	1.0000	0.0000	derpy_mr_ithilmar_1
wh3_dlc29_special_settlement_middenheim_2_emp	derpy_effect_region_resource_ithilmar_production	building_to_building_own	3.0000	2.0000	0.0000	derpy_mr_ithilmar_1
wh3_dlc29_special_settlement_middenheim_3_emp	derpy_effect_region_resource_ithilmar_production	building_to_building_own	4.0000	2.0000	0.0000	derpy_mr_ithilmar_1
wh3_dlc29_special_settlement_middenheim_4_emp	derpy_effect_region_resource_ithilmar_production	building_to_building_own	5.0000	3.0000	0.0000	derpy_mr_ithilmar_1
wh3_dlc29_special_settlement_middenheim_5_emp	derpy_effect_region_resource_ithilmar_production	building_to_building_own	6.0000	3.0000	0.0000	derpy_mr_ithilmar_1
wh3_main_chs_settlement_minor_1	derpy_effect_region_resource_ithilmar_production	building_to_building_own	2.0000	1.0000	0.0000	derpy_mr_ithilmar_1
wh3_main_chs_settlement_minor_2	derpy_effect_region_resource_ithilmar_production	building_to_building_own	3.0000	2.0000	0.0000	derpy_mr_ithilmar_1
wh3_main_chs_settlement_minor_3	derpy_effect_region_resource_ithilmar_production	building_to_building_own	4.0000	2.0000	0.0000	derpy_mr_ithilmar_1
wh3_main_cth_bastion_primary_1	derpy_effect_region_resource_ithilmar_production	building_to_building_own	2.0000	1.0000	0.0000	derpy_mr_ithilmar_1
wh3_main_cth_bastion_primary_2	derpy_effect_region_resource_ithilmar_production	building_to_building_own	3.0000	2.0000	0.0000	derpy_mr_ithilmar_1
wh3_main_cth_bastion_primary_3	derpy_effect_region_resource_ithilmar_production	building_to_building_own	4.0000	2.0000	0.0000	derpy_mr_ithilmar_1
wh3_main_cth_bastion_primary_4	derpy_effect_region_resource_ithilmar_production	building_to_building_own	5.0000	3.0000	0.0000	derpy_mr_ithilmar_1
wh3_main_cth_bastion_primary_5	derpy_effect_region_resource_ithilmar_production	building_to_building_own	6.0000	3.0000	0.0000	derpy_mr_ithilmar_1
wh3_main_cth_settlement_major_1	derpy_effect_region_resource_ithilmar_production	building_to_building_own	2.0000	1.0000	0.0000	derpy_mr_ithilmar_1
wh3_main_cth_settlement_major_2	derpy_effect_region_resource_ithilmar_production	building_to_building_own	3.0000	2.0000	0.0000	derpy_mr_ithilmar_1
wh3_main_cth_settlement_major_3	derpy_effect_region_resource_ithilmar_production	building_to_building_own	4.0000	2.0000	0.0000	derpy_mr_ithilmar_1
wh3_main_cth_settlement_major_4	derpy_effect_region_resource_ithilmar_production	building_to_building_own	5.0000	3.0000	0.0000	derpy_mr_ithilmar_1
wh3_main_cth_settlement_major_5	derpy_effect_region_resource_ithilmar_production	building_to_building_own	6.0000	3.0000	0.0000	derpy_mr_ithilmar_1
wh3_main_cth_settlement_minor_1	derpy_effect_region_resource_ithilmar_production	building_to_building_own	2.0000	1.0000	0.0000	derpy_mr_ithilmar_1
wh3_main_cth_settlement_minor_2	derpy_effect_region_resource_ithilmar_production	building_to_building_own	3.0000	2.0000	0.0000	derpy_mr_ithilmar_1
wh3_main_cth_settlement_minor_3	derpy_effect_region_resource_ithilmar_production	building_to_building_own	4.0000	2.0000	0.0000	derpy_mr_ithilmar_1
wh3_main_ksl_erengrad_city_1	derpy_effect_region_resource_ithilmar_production	building_to_building_own	2.0000	1.0000	0.0000	derpy_mr_ithilmar_1
wh3_main_ksl_erengrad_city_2	derpy_effect_region_resource_ithilmar_production	building_to_building_own	3.0000	2.0000	0.0000	derpy_mr_ithilmar_1
wh3_main_ksl_erengrad_city_3	derpy_effect_region_resource_ithilmar_production	building_to_building_own	4.0000	2.0000	0.0000	derpy_mr_ithilmar_1
wh3_main_ksl_erengrad_city_4	derpy_effect_region_resource_ithilmar_production	building_to_building_own	5.0000	3.0000	0.0000	derpy_mr_ithilmar_1
wh3_main_ksl_erengrad_city_5	derpy_effect_region_resource_ithilmar_production	building_to_building_own	6.0000	3.0000	0.0000	derpy_mr_ithilmar_1
wh3_main_ksl_kislev_city_1	derpy_effect_region_resource_ithilmar_production	building_to_building_own	2.0000	1.0000	0.0000	derpy_mr_ithilmar_1
wh3_main_ksl_kislev_city_2	derpy_effect_region_resource_ithilmar_production	building_to_building_own	3.0000	2.0000	0.0000	derpy_mr_ithilmar_1
wh3_main_ksl_kislev_city_3	derpy_effect_region_resource_ithilmar_production	building_to_building_own	4.0000	2.0000	0.0000	derpy_mr_ithilmar_1
wh3_main_ksl_kislev_city_4	derpy_effect_region_resource_ithilmar_production	building_to_building_own	5.0000	3.0000	0.0000	derpy_mr_ithilmar_1
wh3_main_ksl_kislev_city_5	derpy_effect_region_resource_ithilmar_production	building_to_building_own	6.0000	3.0000	0.0000	derpy_mr_ithilmar_1
wh3_main_ksl_praag_city_1	derpy_effect_region_resource_ithilmar_production	building_to_building_own	2.0000	1.0000	0.0000	derpy_mr_ithilmar_1
wh3_main_ksl_praag_city_2	derpy_effect_region_resource_ithilmar_production	building_to_building_own	3.0000	2.0000	0.0000	derpy_mr_ithilmar_1
wh3_main_ksl_praag_city_3	derpy_effect_region_resource_ithilmar_production	building_to_building_own	4.0000	2.0000	0.0000	derpy_mr_ithilmar_1
wh3_main_ksl_praag_city_4	derpy_effect_region_resource_ithilmar_production	building_to_building_own	5.0000	3.0000	0.0000	derpy_mr_ithilmar_1
wh3_main_ksl_praag_city_5	derpy_effect_region_resource_ithilmar_production	building_to_building_own	6.0000	3.0000	0.0000	derpy_mr_ithilmar_1
wh3_main_ksl_settlement_major_1	derpy_effect_region_resource_ithilmar_production	building_to_building_own	2.0000	1.0000	0.0000	derpy_mr_ithilmar_1
wh3_main_ksl_settlement_major_2	derpy_effect_region_resource_ithilmar_production	building_to_building_own	3.0000	2.0000	0.0000	derpy_mr_ithilmar_1
wh3_main_ksl_settlement_major_3	derpy_effect_region_resource_ithilmar_production	building_to_building_own	4.0000	2.0000	0.0000	derpy_mr_ithilmar_1
wh3_main_ksl_settlement_major_4	derpy_effect_region_resource_ithilmar_production	building_to_building_own	5.0000	3.0000	0.0000	derpy_mr_ithilmar_1
wh3_main_ksl_settlement_major_5	derpy_effect_region_resource_ithilmar_production	building_to_building_own	6.0000	3.0000	0.0000	derpy_mr_ithilmar_1
wh3_main_ksl_settlement_minor_1	derpy_effect_region_resource_ithilmar_production	building_to_building_own	2.0000	1.0000	0.0000	derpy_mr_ithilmar_1
wh3_main_ksl_settlement_minor_2	derpy_effect_region_resource_ithilmar_production	building_to_building_own	3.0000	2.0000	0.0000	derpy_mr_ithilmar_1
wh3_main_ksl_settlement_minor_3	derpy_effect_region_resource_ithilmar_production	building_to_building_own	4.0000	2.0000	0.0000	derpy_mr_ithilmar_1
wh3_main_ogr_settlement_major_1	derpy_effect_region_resource_ithilmar_production	building_to_building_own	2.0000	1.0000	0.0000	derpy_mr_ithilmar_1
wh3_main_ogr_settlement_major_2	derpy_effect_region_resource_ithilmar_production	building_to_building_own	3.0000	2.0000	0.0000	derpy_mr_ithilmar_1
wh3_main_ogr_settlement_major_3	derpy_effect_region_resource_ithilmar_production	building_to_building_own	4.0000	2.0000	0.0000	derpy_mr_ithilmar_1
wh3_main_ogr_settlement_minor_1	derpy_effect_region_resource_ithilmar_production	building_to_building_own	2.0000	1.0000	0.0000	derpy_mr_ithilmar_1
wh3_main_ogr_settlement_minor_2	derpy_effect_region_resource_ithilmar_production	building_to_building_own	3.0000	2.0000	0.0000	derpy_mr_ithilmar_1
wh3_main_ogr_settlement_minor_3	derpy_effect_region_resource_ithilmar_production	building_to_building_own	4.0000	2.0000	0.0000	derpy_mr_ithilmar_1
wh3_main_special_settlement_wei_jin_1_wef	derpy_effect_region_resource_ithilmar_production	building_to_building_own	2.0000	1.0000	0.0000	derpy_mr_ithilmar_1
wh3_main_special_settlement_zharr_naggrund_1_wef	derpy_effect_region_resource_ithilmar_production	building_to_building_own	2.0000	1.0000	0.0000	derpy_mr_ithilmar_1
wh3_main_special_settlement_bastion_other_1	derpy_effect_region_resource_ithilmar_production	building_to_building_own	2.0000	1.0000	0.0000	derpy_mr_ithilmar_1
wh3_main_special_settlement_bastion_other_2	derpy_effect_region_resource_ithilmar_production	building_to_building_own	3.0000	2.0000	0.0000	derpy_mr_ithilmar_1
wh3_main_special_settlement_bastion_other_3	derpy_effect_region_resource_ithilmar_production	building_to_building_own	4.0000	2.0000	0.0000	derpy_mr_ithilmar_1
wh3_main_special_settlement_bastion_other_4	derpy_effect_region_resource_ithilmar_production	building_to_building_own	5.0000	3.0000	0.0000	derpy_mr_ithilmar_1
wh3_main_special_settlement_bastion_other_5	derpy_effect_region_resource_ithilmar_production	building_to_building_own	6.0000	3.0000	0.0000	derpy_mr_ithilmar_1
wh2_main_special_empire_fort_untainted_1	derpy_effect_region_resource_ithilmar_production	building_to_building_own	2.0000	1.0000	0.0000	derpy_mr_ithilmar_1
wh2_main_special_empire_fort_untainted_2	derpy_effect_region_resource_ithilmar_production	building_to_building_own	3.0000	2.0000	0.0000	derpy_mr_ithilmar_1
wh2_main_special_empire_fort_untainted_3	derpy_effect_region_resource_ithilmar_production	building_to_building_own	4.0000	2.0000	0.0000	derpy_mr_ithilmar_1
wh2_main_special_empire_fort_untainted_4	derpy_effect_region_resource_ithilmar_production	building_to_building_own	5.0000	3.0000	0.0000	derpy_mr_ithilmar_1
wh2_main_special_empire_fort_untainted_5	derpy_effect_region_resource_ithilmar_production	building_to_building_own	6.0000	3.0000	0.0000	derpy_mr_ithilmar_1
wh3_main_special_settlement_silver_pinnacle_1	derpy_effect_region_resource_ithilmar_production	building_to_building_own	2.0000	1.0000	0.0000	derpy_mr_ithilmar_1
wh3_main_special_settlement_silver_pinnacle_2	derpy_effect_region_resource_ithilmar_production	building_to_building_own	3.0000	2.0000	0.0000	derpy_mr_ithilmar_1
wh3_main_special_settlement_silver_pinnacle_3	derpy_effect_region_resource_ithilmar_production	building_to_building_own	4.0000	2.0000	0.0000	derpy_mr_ithilmar_1
wh3_main_special_settlement_silver_pinnacle_4	derpy_effect_region_resource_ithilmar_production	building_to_building_own	5.0000	3.0000	0.0000	derpy_mr_ithilmar_1
wh3_main_special_settlement_silver_pinnacle_5	derpy_effect_region_resource_ithilmar_production	building_to_building_own	6.0000	3.0000	0.0000	derpy_mr_ithilmar_1
wh_main_special_settlement_wei_jin_1	derpy_effect_region_resource_ithilmar_production	building_to_building_own	2.0000	1.0000	0.0000	derpy_mr_ithilmar_1
wh_main_special_settlement_wei_jin_2	derpy_effect_region_resource_ithilmar_production	building_to_building_own	3.0000	2.0000	0.0000	derpy_mr_ithilmar_1
wh_main_special_settlement_wei_jin_3	derpy_effect_region_resource_ithilmar_production	building_to_building_own	4.0000	2.0000	0.0000	derpy_mr_ithilmar_1
wh_main_special_settlement_wei_jin_4	derpy_effect_region_resource_ithilmar_production	building_to_building_own	5.0000	3.0000	0.0000	derpy_mr_ithilmar_1
wh_main_special_settlement_wei_jin_5	derpy_effect_region_resource_ithilmar_production	building_to_building_own	6.0000	3.0000	0.0000	derpy_mr_ithilmar_1
wh_dlc05_wef_outpost_major_human_1	derpy_effect_region_resource_ithilmar_production	building_to_building_own	2.0000	1.0000	0.0000	derpy_mr_ithilmar_1
wh_dlc05_special_settlement_altdorf_1_wef	derpy_effect_region_resource_ithilmar_production	building_to_building_own	2.0000	1.0000	0.0000	derpy_mr_ithilmar_1
wh_dlc05_special_settlement_black_crag_1_wef	derpy_effect_region_resource_ithilmar_production	building_to_building_own	2.0000	1.0000	0.0000	derpy_mr_ithilmar_1
wh_dlc05_special_settlement_castle_drakenhof_1_wef	derpy_effect_region_resource_ithilmar_production	building_to_building_own	2.0000	1.0000	0.0000	derpy_mr_ithilmar_1
wh_dlc05_special_settlement_couronne_1_wef	derpy_effect_region_resource_ithilmar_production	building_to_building_own	2.0000	1.0000	0.0000	derpy_mr_ithilmar_1
wh_dlc05_special_settlement_eight_peaks_1_wef	derpy_effect_region_resource_ithilmar_production	building_to_building_own	2.0000	1.0000	0.0000	derpy_mr_ithilmar_1
wh_dlc05_special_settlement_karaz_a_karak_1_wef	derpy_effect_region_resource_ithilmar_production	building_to_building_own	2.0000	1.0000	0.0000	derpy_mr_ithilmar_1
wh_dlc05_special_settlement_kislev_1_wef	derpy_effect_region_resource_ithilmar_production	building_to_building_own	2.0000	1.0000	0.0000	derpy_mr_ithilmar_1
wh_dlc05_special_settlement_miragliano_1_wef	derpy_effect_region_resource_ithilmar_production	building_to_building_own	2.0000	1.0000	0.0000	derpy_mr_ithilmar_1
wh_dlc05_wef_oak_of_ages_1	derpy_effect_region_resource_ithilmar_production	building_to_building_own	2.0000	1.0000	0.0000	derpy_mr_ithilmar_1
wh_dlc05_wef_oak_of_ages_2	derpy_effect_region_resource_ithilmar_production	building_to_building_own	3.0000	2.0000	0.0000	derpy_mr_ithilmar_1
wh_dlc05_wef_oak_of_ages_3	derpy_effect_region_resource_ithilmar_production	building_to_building_own	4.0000	2.0000	0.0000	derpy_mr_ithilmar_1
wh_dlc05_wef_oak_of_ages_4	derpy_effect_region_resource_ithilmar_production	building_to_building_own	5.0000	3.0000	0.0000	derpy_mr_ithilmar_1
wh_dlc05_wef_oak_of_ages_5	derpy_effect_region_resource_ithilmar_production	building_to_building_own	6.0000	3.0000	0.0000	derpy_mr_ithilmar_1
wh_dlc05_wef_settlement_major_main_1	derpy_effect_region_resource_ithilmar_production	building_to_building_own	2.0000	1.0000	0.0000	derpy_mr_ithilmar_1
wh_dlc05_wef_settlement_major_main_2	derpy_effect_region_resource_ithilmar_production	building_to_building_own	3.0000	2.0000	0.0000	derpy_mr_ithilmar_1
wh_dlc05_wef_settlement_major_main_3	derpy_effect_region_resource_ithilmar_production	building_to_building_own	4.0000	2.0000	0.0000	derpy_mr_ithilmar_1
wh_dlc05_wef_settlement_major_main_4	derpy_effect_region_resource_ithilmar_production	building_to_building_own	5.0000	3.0000	0.0000	derpy_mr_ithilmar_1
wh_dlc05_wef_settlement_major_main_5	derpy_effect_region_resource_ithilmar_production	building_to_building_own	6.0000	3.0000	0.0000	derpy_mr_ithilmar_1
wh_main_grn_settlement_major_1_skarsnik	derpy_effect_region_resource_ithilmar_production	building_to_building_own	2.0000	1.0000	0.0000	derpy_mr_ithilmar_1
wh_main_grn_settlement_major_2_skarsnik	derpy_effect_region_resource_ithilmar_production	building_to_building_own	3.0000	2.0000	0.0000	derpy_mr_ithilmar_1
wh_main_grn_settlement_major_3_skarsnik	derpy_effect_region_resource_ithilmar_production	building_to_building_own	4.0000	2.0000	0.0000	derpy_mr_ithilmar_1
wh_main_grn_settlement_major_4_skarsnik	derpy_effect_region_resource_ithilmar_production	building_to_building_own	5.0000	3.0000	0.0000	derpy_mr_ithilmar_1
wh_main_grn_settlement_major_5_skarsnik	derpy_effect_region_resource_ithilmar_production	building_to_building_own	6.0000	3.0000	0.0000	derpy_mr_ithilmar_1
wh_main_grn_settlement_major_1_wurrzag	derpy_effect_region_resource_ithilmar_production	building_to_building_own	2.0000	1.0000	0.0000	derpy_mr_ithilmar_1
wh_main_grn_settlement_major_2_wurrzag	derpy_effect_region_resource_ithilmar_production	building_to_building_own	3.0000	2.0000	0.0000	derpy_mr_ithilmar_1
wh_main_grn_settlement_major_3_wurrzag	derpy_effect_region_resource_ithilmar_production	building_to_building_own	4.0000	2.0000	0.0000	derpy_mr_ithilmar_1
wh_main_grn_settlement_major_4_wurrzag	derpy_effect_region_resource_ithilmar_production	building_to_building_own	5.0000	3.0000	0.0000	derpy_mr_ithilmar_1
wh_main_grn_settlement_major_5_wurrzag	derpy_effect_region_resource_ithilmar_production	building_to_building_own	6.0000	3.0000	0.0000	derpy_mr_ithilmar_1
wh_main_grn_settlement_minor_1_skarsnik	derpy_effect_region_resource_ithilmar_production	building_to_building_own	2.0000	1.0000	0.0000	derpy_mr_ithilmar_1
wh_main_grn_settlement_minor_2_skarsnik	derpy_effect_region_resource_ithilmar_production	building_to_building_own	3.0000	2.0000	0.0000	derpy_mr_ithilmar_1
wh_main_grn_settlement_minor_3_skarsnik	derpy_effect_region_resource_ithilmar_production	building_to_building_own	4.0000	2.0000	0.0000	derpy_mr_ithilmar_1
wh_main_grn_settlement_minor_1_wurrzag	derpy_effect_region_resource_ithilmar_production	building_to_building_own	2.0000	1.0000	0.0000	derpy_mr_ithilmar_1
wh_main_grn_settlement_minor_2_wurrzag	derpy_effect_region_resource_ithilmar_production	building_to_building_own	3.0000	2.0000	0.0000	derpy_mr_ithilmar_1
wh_main_grn_settlement_minor_3_wurrzag	derpy_effect_region_resource_ithilmar_production	building_to_building_own	4.0000	2.0000	0.0000	derpy_mr_ithilmar_1
wh_main_brt_settlement_major_1	derpy_effect_region_resource_ithilmar_production	building_to_building_own	2.0000	1.0000	0.0000	derpy_mr_ithilmar_1
wh_main_brt_settlement_major_2	derpy_effect_region_resource_ithilmar_production	building_to_building_own	3.0000	2.0000	0.0000	derpy_mr_ithilmar_1
wh_main_brt_settlement_major_3	derpy_effect_region_resource_ithilmar_production	building_to_building_own	4.0000	2.0000	0.0000	derpy_mr_ithilmar_1
wh_main_brt_settlement_major_4	derpy_effect_region_resource_ithilmar_production	building_to_building_own	5.0000	3.0000	0.0000	derpy_mr_ithilmar_1
wh_main_brt_settlement_major_5	derpy_effect_region_resource_ithilmar_production	building_to_building_own	6.0000	3.0000	0.0000	derpy_mr_ithilmar_1
wh_main_brt_settlement_minor_1	derpy_effect_region_resource_ithilmar_production	building_to_building_own	2.0000	1.0000	0.0000	derpy_mr_ithilmar_1
wh_main_brt_settlement_minor_2	derpy_effect_region_resource_ithilmar_production	building_to_building_own	3.0000	2.0000	0.0000	derpy_mr_ithilmar_1
wh_main_brt_settlement_minor_3	derpy_effect_region_resource_ithilmar_production	building_to_building_own	4.0000	2.0000	0.0000	derpy_mr_ithilmar_1
wh_main_dwf_settlement_major_1	derpy_effect_region_resource_ithilmar_production	building_to_building_own	2.0000	1.0000	0.0000	derpy_mr_ithilmar_1
wh_main_dwf_settlement_major_2	derpy_effect_region_resource_ithilmar_production	building_to_building_own	3.0000	2.0000	0.0000	derpy_mr_ithilmar_1
wh_main_dwf_settlement_major_3	derpy_effect_region_resource_ithilmar_production	building_to_building_own	4.0000	2.0000	0.0000	derpy_mr_ithilmar_1
wh_main_dwf_settlement_major_4	derpy_effect_region_resource_ithilmar_production	building_to_building_own	5.0000	3.0000	0.0000	derpy_mr_ithilmar_1
wh_main_dwf_settlement_major_5	derpy_effect_region_resource_ithilmar_production	building_to_building_own	6.0000	3.0000	0.0000	derpy_mr_ithilmar_1
wh_main_dwf_settlement_minor_1	derpy_effect_region_resource_ithilmar_production	building_to_building_own	2.0000	1.0000	0.0000	derpy_mr_ithilmar_1
wh_main_dwf_settlement_minor_2	derpy_effect_region_resource_ithilmar_production	building_to_building_own	3.0000	2.0000	0.0000	derpy_mr_ithilmar_1
wh_main_dwf_settlement_minor_3	derpy_effect_region_resource_ithilmar_production	building_to_building_own	4.0000	2.0000	0.0000	derpy_mr_ithilmar_1
wh_main_emp_settlement_major_1	derpy_effect_region_resource_ithilmar_production	building_to_building_own	2.0000	1.0000	0.0000	derpy_mr_ithilmar_1
wh_main_emp_settlement_major_2	derpy_effect_region_resource_ithilmar_production	building_to_building_own	3.0000	2.0000	0.0000	derpy_mr_ithilmar_1
wh_main_emp_settlement_major_3	derpy_effect_region_resource_ithilmar_production	building_to_building_own	4.0000	2.0000	0.0000	derpy_mr_ithilmar_1
wh_main_emp_settlement_major_4	derpy_effect_region_resource_ithilmar_production	building_to_building_own	5.0000	3.0000	0.0000	derpy_mr_ithilmar_1
wh_main_emp_settlement_major_5	derpy_effect_region_resource_ithilmar_production	building_to_building_own	6.0000	3.0000	0.0000	derpy_mr_ithilmar_1
wh_main_emp_settlement_minor_1	derpy_effect_region_resource_ithilmar_production	building_to_building_own	2.0000	1.0000	0.0000	derpy_mr_ithilmar_1
wh_main_emp_settlement_minor_2	derpy_effect_region_resource_ithilmar_production	building_to_building_own	3.0000	2.0000	0.0000	derpy_mr_ithilmar_1
wh_main_emp_settlement_minor_3	derpy_effect_region_resource_ithilmar_production	building_to_building_own	4.0000	2.0000	0.0000	derpy_mr_ithilmar_1
wh_main_grn_settlement_major_1	derpy_effect_region_resource_ithilmar_production	building_to_building_own	2.0000	1.0000	0.0000	derpy_mr_ithilmar_1
wh_main_grn_settlement_major_2	derpy_effect_region_resource_ithilmar_production	building_to_building_own	3.0000	2.0000	0.0000	derpy_mr_ithilmar_1
wh_main_grn_settlement_major_3	derpy_effect_region_resource_ithilmar_production	building_to_building_own	4.0000	2.0000	0.0000	derpy_mr_ithilmar_1
wh_main_grn_settlement_major_4	derpy_effect_region_resource_ithilmar_production	building_to_building_own	5.0000	3.0000	0.0000	derpy_mr_ithilmar_1
wh_main_grn_settlement_major_5	derpy_effect_region_resource_ithilmar_production	building_to_building_own	6.0000	3.0000	0.0000	derpy_mr_ithilmar_1
wh_main_grn_settlement_minor_1	derpy_effect_region_resource_ithilmar_production	building_to_building_own	2.0000	1.0000	0.0000	derpy_mr_ithilmar_1
wh_main_grn_settlement_minor_2	derpy_effect_region_resource_ithilmar_production	building_to_building_own	3.0000	2.0000	0.0000	derpy_mr_ithilmar_1
wh_main_grn_settlement_minor_3	derpy_effect_region_resource_ithilmar_production	building_to_building_own	4.0000	2.0000	0.0000	derpy_mr_ithilmar_1
wh_main_nor_settlement_major_1	derpy_effect_region_resource_ithilmar_production	building_to_building_own	2.0000	1.0000	0.0000	derpy_mr_ithilmar_1
wh_main_nor_settlement_major_2	derpy_effect_region_resource_ithilmar_production	building_to_building_own	3.0000	2.0000	0.0000	derpy_mr_ithilmar_1
wh_main_nor_settlement_major_3	derpy_effect_region_resource_ithilmar_production	building_to_building_own	4.0000	2.0000	0.0000	derpy_mr_ithilmar_1
wh_main_nor_settlement_major_4	derpy_effect_region_resource_ithilmar_production	building_to_building_own	5.0000	3.0000	0.0000	derpy_mr_ithilmar_1
wh_main_nor_settlement_major_5	derpy_effect_region_resource_ithilmar_production	building_to_building_own	6.0000	3.0000	0.0000	derpy_mr_ithilmar_1
wh_main_nor_settlement_minor_1	derpy_effect_region_resource_ithilmar_production	building_to_building_own	2.0000	1.0000	0.0000	derpy_mr_ithilmar_1
wh_main_nor_settlement_minor_2	derpy_effect_region_resource_ithilmar_production	building_to_building_own	3.0000	2.0000	0.0000	derpy_mr_ithilmar_1
wh_main_nor_settlement_minor_3	derpy_effect_region_resource_ithilmar_production	building_to_building_own	4.0000	2.0000	0.0000	derpy_mr_ithilmar_1
wh_main_savage_settlement_major_1	derpy_effect_region_resource_ithilmar_production	building_to_building_own	2.0000	1.0000	0.0000	derpy_mr_ithilmar_1
wh_main_savage_settlement_major_2	derpy_effect_region_resource_ithilmar_production	building_to_building_own	3.0000	2.0000	0.0000	derpy_mr_ithilmar_1
wh_main_savage_settlement_major_3	derpy_effect_region_resource_ithilmar_production	building_to_building_own	4.0000	2.0000	0.0000	derpy_mr_ithilmar_1
wh_main_savage_settlement_minor_1	derpy_effect_region_resource_ithilmar_production	building_to_building_own	2.0000	1.0000	0.0000	derpy_mr_ithilmar_1
wh_main_savage_settlement_minor_2	derpy_effect_region_resource_ithilmar_production	building_to_building_own	3.0000	2.0000	0.0000	derpy_mr_ithilmar_1
wh_main_savage_settlement_minor_3	derpy_effect_region_resource_ithilmar_production	building_to_building_own	4.0000	2.0000	0.0000	derpy_mr_ithilmar_1
wh_main_vmp_settlement_major_1	derpy_effect_region_resource_ithilmar_production	building_to_building_own	2.0000	1.0000	0.0000	derpy_mr_ithilmar_1
wh_main_vmp_settlement_major_2	derpy_effect_region_resource_ithilmar_production	building_to_building_own	3.0000	2.0000	0.0000	derpy_mr_ithilmar_1
wh_main_vmp_settlement_major_3	derpy_effect_region_resource_ithilmar_production	building_to_building_own	4.0000	2.0000	0.0000	derpy_mr_ithilmar_1
wh_main_vmp_settlement_major_4	derpy_effect_region_resource_ithilmar_production	building_to_building_own	5.0000	3.0000	0.0000	derpy_mr_ithilmar_1
wh_main_vmp_settlement_major_5	derpy_effect_region_resource_ithilmar_production	building_to_building_own	6.0000	3.0000	0.0000	derpy_mr_ithilmar_1
wh_main_vmp_settlement_minor_1	derpy_effect_region_resource_ithilmar_production	building_to_building_own	2.0000	1.0000	0.0000	derpy_mr_ithilmar_1
wh_main_vmp_settlement_minor_2	derpy_effect_region_resource_ithilmar_production	building_to_building_own	3.0000	2.0000	0.0000	derpy_mr_ithilmar_1
wh_main_vmp_settlement_minor_3	derpy_effect_region_resource_ithilmar_production	building_to_building_own	4.0000	2.0000	0.0000	derpy_mr_ithilmar_1
wh_main_special_settlement_altdorf_1_emp	derpy_effect_region_resource_ithilmar_production	building_to_building_own	2.0000	1.0000	0.0000	derpy_mr_ithilmar_1
wh_main_special_settlement_altdorf_2_emp	derpy_effect_region_resource_ithilmar_production	building_to_building_own	3.0000	2.0000	0.0000	derpy_mr_ithilmar_1
wh_main_special_settlement_altdorf_3_emp	derpy_effect_region_resource_ithilmar_production	building_to_building_own	4.0000	2.0000	0.0000	derpy_mr_ithilmar_1
wh_main_special_settlement_altdorf_4_emp	derpy_effect_region_resource_ithilmar_production	building_to_building_own	5.0000	3.0000	0.0000	derpy_mr_ithilmar_1
wh_main_special_settlement_altdorf_5_emp	derpy_effect_region_resource_ithilmar_production	building_to_building_own	6.0000	3.0000	0.0000	derpy_mr_ithilmar_1
wh_main_special_settlement_altdorf_1_vmp	derpy_effect_region_resource_ithilmar_production	building_to_building_own	2.0000	1.0000	0.0000	derpy_mr_ithilmar_1
wh_main_special_settlement_altdorf_2_vmp	derpy_effect_region_resource_ithilmar_production	building_to_building_own	3.0000	2.0000	0.0000	derpy_mr_ithilmar_1
wh_main_special_settlement_altdorf_3_vmp	derpy_effect_region_resource_ithilmar_production	building_to_building_own	4.0000	2.0000	0.0000	derpy_mr_ithilmar_1
wh_main_special_settlement_altdorf_4_vmp	derpy_effect_region_resource_ithilmar_production	building_to_building_own	5.0000	3.0000	0.0000	derpy_mr_ithilmar_1
wh_main_special_settlement_altdorf_5_vmp	derpy_effect_region_resource_ithilmar_production	building_to_building_own	6.0000	3.0000	0.0000	derpy_mr_ithilmar_1
wh_main_special_settlement_black_crag_1_grn	derpy_effect_region_resource_ithilmar_production	building_to_building_own	2.0000	1.0000	0.0000	derpy_mr_ithilmar_1
wh_main_special_settlement_black_crag_2_grn	derpy_effect_region_resource_ithilmar_production	building_to_building_own	3.0000	2.0000	0.0000	derpy_mr_ithilmar_1
wh_main_special_settlement_black_crag_3_grn	derpy_effect_region_resource_ithilmar_production	building_to_building_own	4.0000	2.0000	0.0000	derpy_mr_ithilmar_1
wh_main_special_settlement_black_crag_4_grn	derpy_effect_region_resource_ithilmar_production	building_to_building_own	5.0000	3.0000	0.0000	derpy_mr_ithilmar_1
wh_main_special_settlement_black_crag_5_grn	derpy_effect_region_resource_ithilmar_production	building_to_building_own	6.0000	3.0000	0.0000	derpy_mr_ithilmar_1
wh_main_special_settlement_black_crag_1_dwf	derpy_effect_region_resource_ithilmar_production	building_to_building_own	2.0000	1.0000	0.0000	derpy_mr_ithilmar_1
wh_main_special_settlement_black_crag_2_dwf	derpy_effect_region_resource_ithilmar_production	building_to_building_own	3.0000	2.0000	0.0000	derpy_mr_ithilmar_1
wh_main_special_settlement_black_crag_3_dwf	derpy_effect_region_resource_ithilmar_production	building_to_building_own	4.0000	2.0000	0.0000	derpy_mr_ithilmar_1
wh_main_special_settlement_black_crag_4_dwf	derpy_effect_region_resource_ithilmar_production	building_to_building_own	5.0000	3.0000	0.0000	derpy_mr_ithilmar_1
wh_main_special_settlement_black_crag_5_dwf	derpy_effect_region_resource_ithilmar_production	building_to_building_own	6.0000	3.0000	0.0000	derpy_mr_ithilmar_1
wh_main_special_settlement_black_crag_1_savage	derpy_effect_region_resource_ithilmar_production	building_to_building_own	2.0000	1.0000	0.0000	derpy_mr_ithilmar_1
wh_main_special_settlement_black_crag_2_savage	derpy_effect_region_resource_ithilmar_production	building_to_building_own	3.0000	2.0000	0.0000	derpy_mr_ithilmar_1
wh_main_special_settlement_black_crag_3_savage	derpy_effect_region_resource_ithilmar_production	building_to_building_own	4.0000	2.0000	0.0000	derpy_mr_ithilmar_1
wh_main_special_settlement_castle_drakenhof_1_vmp	derpy_effect_region_resource_ithilmar_production	building_to_building_own	2.0000	1.0000	0.0000	derpy_mr_ithilmar_1
wh_main_special_settlement_castle_drakenhof_2_vmp	derpy_effect_region_resource_ithilmar_production	building_to_building_own	3.0000	2.0000	0.0000	derpy_mr_ithilmar_1
wh_main_special_settlement_castle_drakenhof_3_vmp	derpy_effect_region_resource_ithilmar_production	building_to_building_own	4.0000	2.0000	0.0000	derpy_mr_ithilmar_1
wh_main_special_settlement_castle_drakenhof_4_vmp	derpy_effect_region_resource_ithilmar_production	building_to_building_own	5.0000	3.0000	0.0000	derpy_mr_ithilmar_1
wh_main_special_settlement_castle_drakenhof_5_vmp	derpy_effect_region_resource_ithilmar_production	building_to_building_own	6.0000	3.0000	0.0000	derpy_mr_ithilmar_1
wh_main_special_settlement_castle_drakenhof_1_brt	derpy_effect_region_resource_ithilmar_production	building_to_building_own	2.0000	1.0000	0.0000	derpy_mr_ithilmar_1
wh_main_special_settlement_castle_drakenhof_2_brt	derpy_effect_region_resource_ithilmar_production	building_to_building_own	3.0000	2.0000	0.0000	derpy_mr_ithilmar_1
wh_main_special_settlement_castle_drakenhof_3_brt	derpy_effect_region_resource_ithilmar_production	building_to_building_own	4.0000	2.0000	0.0000	derpy_mr_ithilmar_1
wh_main_special_settlement_castle_drakenhof_4_brt	derpy_effect_region_resource_ithilmar_production	building_to_building_own	5.0000	3.0000	0.0000	derpy_mr_ithilmar_1
wh_main_special_settlement_castle_drakenhof_5_brt	derpy_effect_region_resource_ithilmar_production	building_to_building_own	6.0000	3.0000	0.0000	derpy_mr_ithilmar_1
wh_main_special_settlement_castle_drakenhof_1_emp	derpy_effect_region_resource_ithilmar_production	building_to_building_own	2.0000	1.0000	0.0000	derpy_mr_ithilmar_1
wh_main_special_settlement_castle_drakenhof_2_emp	derpy_effect_region_resource_ithilmar_production	building_to_building_own	3.0000	2.0000	0.0000	derpy_mr_ithilmar_1
wh_main_special_settlement_castle_drakenhof_3_emp	derpy_effect_region_resource_ithilmar_production	building_to_building_own	4.0000	2.0000	0.0000	derpy_mr_ithilmar_1
wh_main_special_settlement_castle_drakenhof_4_emp	derpy_effect_region_resource_ithilmar_production	building_to_building_own	5.0000	3.0000	0.0000	derpy_mr_ithilmar_1
wh_main_special_settlement_castle_drakenhof_5_emp	derpy_effect_region_resource_ithilmar_production	building_to_building_own	6.0000	3.0000	0.0000	derpy_mr_ithilmar_1
wh_main_special_settlement_couronne_1_brt	derpy_effect_region_resource_ithilmar_production	building_to_building_own	2.0000	1.0000	0.0000	derpy_mr_ithilmar_1
wh_main_special_settlement_couronne_2_brt	derpy_effect_region_resource_ithilmar_production	building_to_building_own	3.0000	2.0000	0.0000	derpy_mr_ithilmar_1
wh_main_special_settlement_couronne_3_brt	derpy_effect_region_resource_ithilmar_production	building_to_building_own	4.0000	2.0000	0.0000	derpy_mr_ithilmar_1
wh_main_special_settlement_couronne_4_brt	derpy_effect_region_resource_ithilmar_production	building_to_building_own	5.0000	3.0000	0.0000	derpy_mr_ithilmar_1
wh_main_special_settlement_couronne_5_brt	derpy_effect_region_resource_ithilmar_production	building_to_building_own	6.0000	3.0000	0.0000	derpy_mr_ithilmar_1
wh_main_special_settlement_couronne_1_emp	derpy_effect_region_resource_ithilmar_production	building_to_building_own	2.0000	1.0000	0.0000	derpy_mr_ithilmar_1
wh_main_special_settlement_couronne_2_emp	derpy_effect_region_resource_ithilmar_production	building_to_building_own	3.0000	2.0000	0.0000	derpy_mr_ithilmar_1
wh_main_special_settlement_couronne_3_emp	derpy_effect_region_resource_ithilmar_production	building_to_building_own	4.0000	2.0000	0.0000	derpy_mr_ithilmar_1
wh_main_special_settlement_couronne_4_emp	derpy_effect_region_resource_ithilmar_production	building_to_building_own	5.0000	3.0000	0.0000	derpy_mr_ithilmar_1
wh_main_special_settlement_couronne_5_emp	derpy_effect_region_resource_ithilmar_production	building_to_building_own	6.0000	3.0000	0.0000	derpy_mr_ithilmar_1
wh_main_special_settlement_couronne_1_vmp	derpy_effect_region_resource_ithilmar_production	building_to_building_own	2.0000	1.0000	0.0000	derpy_mr_ithilmar_1
wh_main_special_settlement_couronne_2_vmp	derpy_effect_region_resource_ithilmar_production	building_to_building_own	3.0000	2.0000	0.0000	derpy_mr_ithilmar_1
wh_main_special_settlement_couronne_3_vmp	derpy_effect_region_resource_ithilmar_production	building_to_building_own	4.0000	2.0000	0.0000	derpy_mr_ithilmar_1
wh_main_special_settlement_couronne_4_vmp	derpy_effect_region_resource_ithilmar_production	building_to_building_own	5.0000	3.0000	0.0000	derpy_mr_ithilmar_1
wh_main_special_settlement_couronne_5_vmp	derpy_effect_region_resource_ithilmar_production	building_to_building_own	6.0000	3.0000	0.0000	derpy_mr_ithilmar_1
wh_main_special_settlement_eight_peaks_1_grn	derpy_effect_region_resource_ithilmar_production	building_to_building_own	2.0000	1.0000	0.0000	derpy_mr_ithilmar_1
wh_main_special_settlement_eight_peaks_2_grn	derpy_effect_region_resource_ithilmar_production	building_to_building_own	3.0000	2.0000	0.0000	derpy_mr_ithilmar_1
wh_main_special_settlement_eight_peaks_3_grn	derpy_effect_region_resource_ithilmar_production	building_to_building_own	4.0000	2.0000	0.0000	derpy_mr_ithilmar_1
wh_main_special_settlement_eight_peaks_4_grn	derpy_effect_region_resource_ithilmar_production	building_to_building_own	5.0000	3.0000	0.0000	derpy_mr_ithilmar_1
wh_main_special_settlement_eight_peaks_5_grn	derpy_effect_region_resource_ithilmar_production	building_to_building_own	6.0000	3.0000	0.0000	derpy_mr_ithilmar_1
wh_main_special_settlement_eight_peaks_1_dwf	derpy_effect_region_resource_ithilmar_production	building_to_building_own	2.0000	1.0000	0.0000	derpy_mr_ithilmar_1
wh_main_special_settlement_eight_peaks_2_dwf	derpy_effect_region_resource_ithilmar_production	building_to_building_own	3.0000	2.0000	0.0000	derpy_mr_ithilmar_1
wh_main_special_settlement_eight_peaks_3_dwf	derpy_effect_region_resource_ithilmar_production	building_to_building_own	4.0000	2.0000	0.0000	derpy_mr_ithilmar_1
wh_main_special_settlement_eight_peaks_4_dwf	derpy_effect_region_resource_ithilmar_production	building_to_building_own	5.0000	3.0000	0.0000	derpy_mr_ithilmar_1
wh_main_special_settlement_eight_peaks_5_dwf	derpy_effect_region_resource_ithilmar_production	building_to_building_own	6.0000	3.0000	0.0000	derpy_mr_ithilmar_1
wh_main_special_settlement_eight_peaks_1_savage	derpy_effect_region_resource_ithilmar_production	building_to_building_own	2.0000	1.0000	0.0000	derpy_mr_ithilmar_1
wh_main_special_settlement_eight_peaks_2_savage	derpy_effect_region_resource_ithilmar_production	building_to_building_own	3.0000	2.0000	0.0000	derpy_mr_ithilmar_1
wh_main_special_settlement_eight_peaks_3_savage	derpy_effect_region_resource_ithilmar_production	building_to_building_own	4.0000	2.0000	0.0000	derpy_mr_ithilmar_1
wh_main_special_settlement_karaz_a_karak_1_dwf	derpy_effect_region_resource_ithilmar_production	building_to_building_own	2.0000	1.0000	0.0000	derpy_mr_ithilmar_1
wh_main_special_settlement_karaz_a_karak_2_dwf	derpy_effect_region_resource_ithilmar_production	building_to_building_own	3.0000	2.0000	0.0000	derpy_mr_ithilmar_1
wh_main_special_settlement_karaz_a_karak_3_dwf	derpy_effect_region_resource_ithilmar_production	building_to_building_own	4.0000	2.0000	0.0000	derpy_mr_ithilmar_1
wh_main_special_settlement_karaz_a_karak_4_dwf	derpy_effect_region_resource_ithilmar_production	building_to_building_own	5.0000	3.0000	0.0000	derpy_mr_ithilmar_1
wh_main_special_settlement_karaz_a_karak_5_dwf	derpy_effect_region_resource_ithilmar_production	building_to_building_own	6.0000	3.0000	0.0000	derpy_mr_ithilmar_1
wh_main_special_settlement_karaz_a_karak_1_grn	derpy_effect_region_resource_ithilmar_production	building_to_building_own	2.0000	1.0000	0.0000	derpy_mr_ithilmar_1
wh_main_special_settlement_karaz_a_karak_2_grn	derpy_effect_region_resource_ithilmar_production	building_to_building_own	3.0000	2.0000	0.0000	derpy_mr_ithilmar_1
wh_main_special_settlement_karaz_a_karak_3_grn	derpy_effect_region_resource_ithilmar_production	building_to_building_own	4.0000	2.0000	0.0000	derpy_mr_ithilmar_1
wh_main_special_settlement_karaz_a_karak_4_grn	derpy_effect_region_resource_ithilmar_production	building_to_building_own	5.0000	3.0000	0.0000	derpy_mr_ithilmar_1
wh_main_special_settlement_karaz_a_karak_5_grn	derpy_effect_region_resource_ithilmar_production	building_to_building_own	6.0000	3.0000	0.0000	derpy_mr_ithilmar_1
wh_main_special_settlement_karaz_a_karak_1_savage	derpy_effect_region_resource_ithilmar_production	building_to_building_own	2.0000	1.0000	0.0000	derpy_mr_ithilmar_1
wh_main_special_settlement_karaz_a_karak_2_savage	derpy_effect_region_resource_ithilmar_production	building_to_building_own	3.0000	2.0000	0.0000	derpy_mr_ithilmar_1
wh_main_special_settlement_karaz_a_karak_3_savage	derpy_effect_region_resource_ithilmar_production	building_to_building_own	4.0000	2.0000	0.0000	derpy_mr_ithilmar_1
wh_main_special_settlement_miragliano_1_teb	derpy_effect_region_resource_ithilmar_production	building_to_building_own	2.0000	1.0000	0.0000	derpy_mr_ithilmar_1
wh_main_special_settlement_miragliano_2_teb	derpy_effect_region_resource_ithilmar_production	building_to_building_own	3.0000	2.0000	0.0000	derpy_mr_ithilmar_1
wh_main_special_settlement_miragliano_3_teb	derpy_effect_region_resource_ithilmar_production	building_to_building_own	4.0000	2.0000	0.0000	derpy_mr_ithilmar_1
wh_main_special_settlement_miragliano_4_teb	derpy_effect_region_resource_ithilmar_production	building_to_building_own	5.0000	3.0000	0.0000	derpy_mr_ithilmar_1
wh_main_special_settlement_miragliano_5_teb	derpy_effect_region_resource_ithilmar_production	building_to_building_own	6.0000	3.0000	0.0000	derpy_mr_ithilmar_1
wh_main_special_settlement_miragliano_1_brt	derpy_effect_region_resource_ithilmar_production	building_to_building_own	2.0000	1.0000	0.0000	derpy_mr_ithilmar_1
wh_main_special_settlement_miragliano_2_brt	derpy_effect_region_resource_ithilmar_production	building_to_building_own	3.0000	2.0000	0.0000	derpy_mr_ithilmar_1
wh_main_special_settlement_miragliano_3_brt	derpy_effect_region_resource_ithilmar_production	building_to_building_own	4.0000	2.0000	0.0000	derpy_mr_ithilmar_1
wh_main_special_settlement_miragliano_4_brt	derpy_effect_region_resource_ithilmar_production	building_to_building_own	5.0000	3.0000	0.0000	derpy_mr_ithilmar_1
wh_main_special_settlement_miragliano_5_brt	derpy_effect_region_resource_ithilmar_production	building_to_building_own	6.0000	3.0000	0.0000	derpy_mr_ithilmar_1
wh_main_special_settlement_miragliano_1_emp	derpy_effect_region_resource_ithilmar_production	building_to_building_own	2.0000	1.0000	0.0000	derpy_mr_ithilmar_1
wh_main_special_settlement_miragliano_2_emp	derpy_effect_region_resource_ithilmar_production	building_to_building_own	3.0000	2.0000	0.0000	derpy_mr_ithilmar_1
wh_main_special_settlement_miragliano_3_emp	derpy_effect_region_resource_ithilmar_production	building_to_building_own	4.0000	2.0000	0.0000	derpy_mr_ithilmar_1
wh_main_special_settlement_miragliano_4_emp	derpy_effect_region_resource_ithilmar_production	building_to_building_own	5.0000	3.0000	0.0000	derpy_mr_ithilmar_1
wh_main_special_settlement_miragliano_5_emp	derpy_effect_region_resource_ithilmar_production	building_to_building_own	6.0000	3.0000	0.0000	derpy_mr_ithilmar_1
wh2_dlc11_special_settlement_galleons_graveyard_1	derpy_effect_region_resource_dragon_bone_production	building_to_building_own	2.0000	1.0000	0.0000	derpy_mr_dragon_bone_0
wh2_dlc11_special_settlement_galleons_graveyard_2	derpy_effect_region_resource_dragon_bone_production	building_to_building_own	3.0000	2.0000	0.0000	derpy_mr_dragon_bone_0
wh2_dlc11_special_settlement_galleons_graveyard_3	derpy_effect_region_resource_dragon_bone_production	building_to_building_own	4.0000	2.0000	0.0000	derpy_mr_dragon_bone_0
wh2_dlc11_special_settlement_galleons_graveyard_4	derpy_effect_region_resource_dragon_bone_production	building_to_building_own	5.0000	3.0000	0.0000	derpy_mr_dragon_bone_0
wh2_dlc11_special_settlement_galleons_graveyard_5	derpy_effect_region_resource_dragon_bone_production	building_to_building_own	6.0000	3.0000	0.0000	derpy_mr_dragon_bone_0
wh2_dlc11_special_settlement_galleons_graveyard_other_1	derpy_effect_region_resource_dragon_bone_production	building_to_building_own	2.0000	1.0000	0.0000	derpy_mr_dragon_bone_0
wh2_dlc11_vampirecoast_settlement_major_1	derpy_effect_region_resource_dragon_bone_production	building_to_building_own	2.0000	1.0000	0.0000	derpy_mr_dragon_bone_0
wh2_dlc11_vampirecoast_settlement_major_2	derpy_effect_region_resource_dragon_bone_production	building_to_building_own	3.0000	2.0000	0.0000	derpy_mr_dragon_bone_0
wh2_dlc11_vampirecoast_settlement_major_3	derpy_effect_region_resource_dragon_bone_production	building_to_building_own	4.0000	2.0000	0.0000	derpy_mr_dragon_bone_0
wh2_dlc11_vampirecoast_settlement_major_4	derpy_effect_region_resource_dragon_bone_production	building_to_building_own	5.0000	3.0000	0.0000	derpy_mr_dragon_bone_0
wh2_dlc11_vampirecoast_settlement_major_5	derpy_effect_region_resource_dragon_bone_production	building_to_building_own	6.0000	3.0000	0.0000	derpy_mr_dragon_bone_0
wh2_dlc11_vampirecoast_settlement_minor_1	derpy_effect_region_resource_dragon_bone_production	building_to_building_own	2.0000	1.0000	0.0000	derpy_mr_dragon_bone_0
wh2_dlc11_vampirecoast_settlement_minor_2	derpy_effect_region_resource_dragon_bone_production	building_to_building_own	3.0000	2.0000	0.0000	derpy_mr_dragon_bone_0
wh2_dlc11_vampirecoast_settlement_minor_3	derpy_effect_region_resource_dragon_bone_production	building_to_building_own	4.0000	2.0000	0.0000	derpy_mr_dragon_bone_0
wh2_dlc13_lzd_nakai_settlement_major_1	derpy_effect_region_resource_dragon_bone_production	building_to_building_own	2.0000	1.0000	0.0000	derpy_mr_dragon_bone_0
wh2_dlc13_lzd_nakai_settlement_minor_1	derpy_effect_region_resource_dragon_bone_production	building_to_building_own	2.0000	1.0000	0.0000	derpy_mr_dragon_bone_0
wh2_dlc15_special_settlement_massif_orcal_brt_1	derpy_effect_region_resource_dragon_bone_production	building_to_building_own	2.0000	1.0000	0.0000	derpy_mr_dragon_bone_0
wh2_dlc15_special_settlement_massif_orcal_brt_2	derpy_effect_region_resource_dragon_bone_production	building_to_building_own	3.0000	2.0000	0.0000	derpy_mr_dragon_bone_0
wh2_dlc15_special_settlement_massif_orcal_brt_3	derpy_effect_region_resource_dragon_bone_production	building_to_building_own	4.0000	2.0000	0.0000	derpy_mr_dragon_bone_0
wh2_dlc15_special_settlement_massif_orcal_brt_4	derpy_effect_region_resource_dragon_bone_production	building_to_building_own	5.0000	3.0000	0.0000	derpy_mr_dragon_bone_0
wh2_dlc15_special_settlement_massif_orcal_brt_5	derpy_effect_region_resource_dragon_bone_production	building_to_building_own	6.0000	3.0000	0.0000	derpy_mr_dragon_bone_0
wh2_dlc15_special_settlement_massif_orcal_grn_1	derpy_effect_region_resource_dragon_bone_production	building_to_building_own	2.0000	1.0000	0.0000	derpy_mr_dragon_bone_0
wh2_dlc15_special_settlement_massif_orcal_grn_2	derpy_effect_region_resource_dragon_bone_production	building_to_building_own	3.0000	2.0000	0.0000	derpy_mr_dragon_bone_0
wh2_dlc15_special_settlement_massif_orcal_grn_3	derpy_effect_region_resource_dragon_bone_production	building_to_building_own	4.0000	2.0000	0.0000	derpy_mr_dragon_bone_0
wh2_dlc15_special_settlement_massif_orcal_grn_4	derpy_effect_region_resource_dragon_bone_production	building_to_building_own	5.0000	3.0000	0.0000	derpy_mr_dragon_bone_0
wh2_dlc15_special_settlement_massif_orcal_grn_5	derpy_effect_region_resource_dragon_bone_production	building_to_building_own	6.0000	3.0000	0.0000	derpy_mr_dragon_bone_0
wh2_dlc15_special_settlement_massif_orcal_savage_1	derpy_effect_region_resource_dragon_bone_production	building_to_building_own	2.0000	1.0000	0.0000	derpy_mr_dragon_bone_0
wh2_dlc15_special_settlement_massif_orcal_savage_2	derpy_effect_region_resource_dragon_bone_production	building_to_building_own	3.0000	2.0000	0.0000	derpy_mr_dragon_bone_0
wh2_dlc15_special_settlement_massif_orcal_savage_3	derpy_effect_region_resource_dragon_bone_production	building_to_building_own	4.0000	2.0000	0.0000	derpy_mr_dragon_bone_0
wh2_dlc15_special_settlement_tor_yvresse_def_1	derpy_effect_region_resource_dragon_bone_production	building_to_building_own	2.0000	1.0000	0.0000	derpy_mr_dragon_bone_0
wh2_dlc15_special_settlement_tor_yvresse_def_2	derpy_effect_region_resource_dragon_bone_production	building_to_building_own	3.0000	2.0000	0.0000	derpy_mr_dragon_bone_0
wh2_dlc15_special_settlement_tor_yvresse_def_3	derpy_effect_region_resource_dragon_bone_production	building_to_building_own	4.0000	2.0000	0.0000	derpy_mr_dragon_bone_0
wh2_dlc15_special_settlement_tor_yvresse_def_4	derpy_effect_region_resource_dragon_bone_production	building_to_building_own	5.0000	3.0000	0.0000	derpy_mr_dragon_bone_0
wh2_dlc15_special_settlement_tor_yvresse_def_5	derpy_effect_region_resource_dragon_bone_production	building_to_building_own	6.0000	3.0000	0.0000	derpy_mr_dragon_bone_0
wh2_dlc15_special_settlement_tor_yvresse_eltharion_1	derpy_effect_region_resource_dragon_bone_production	building_to_building_own	2.0000	1.0000	0.0000	derpy_mr_dragon_bone_0
wh2_dlc15_special_settlement_tor_yvresse_eltharion_2	derpy_effect_region_resource_dragon_bone_production	building_to_building_own	3.0000	2.0000	0.0000	derpy_mr_dragon_bone_0
wh2_dlc15_special_settlement_tor_yvresse_eltharion_3	derpy_effect_region_resource_dragon_bone_production	building_to_building_own	4.0000	2.0000	0.0000	derpy_mr_dragon_bone_0
wh2_dlc15_special_settlement_tor_yvresse_eltharion_4	derpy_effect_region_resource_dragon_bone_production	building_to_building_own	5.0000	3.0000	0.0000	derpy_mr_dragon_bone_0
wh2_dlc15_special_settlement_tor_yvresse_eltharion_5	derpy_effect_region_resource_dragon_bone_production	building_to_building_own	6.0000	3.0000	0.0000	derpy_mr_dragon_bone_0
wh2_dlc15_special_settlement_tor_yvresse_hef_1	derpy_effect_region_resource_dragon_bone_production	building_to_building_own	2.0000	1.0000	0.0000	derpy_mr_dragon_bone_0
wh2_dlc15_special_settlement_tor_yvresse_hef_2	derpy_effect_region_resource_dragon_bone_production	building_to_building_own	3.0000	2.0000	0.0000	derpy_mr_dragon_bone_0
wh2_dlc15_special_settlement_tor_yvresse_hef_3	derpy_effect_region_resource_dragon_bone_production	building_to_building_own	4.0000	2.0000	0.0000	derpy_mr_dragon_bone_0
wh2_dlc15_special_settlement_tor_yvresse_hef_4	derpy_effect_region_resource_dragon_bone_production	building_to_building_own	5.0000	3.0000	0.0000	derpy_mr_dragon_bone_0
wh2_dlc15_special_settlement_tor_yvresse_hef_5	derpy_effect_region_resource_dragon_bone_production	building_to_building_own	6.0000	3.0000	0.0000	derpy_mr_dragon_bone_0
wh2_main_def_settlement_major_1	derpy_effect_region_resource_dragon_bone_production	building_to_building_own	2.0000	1.0000	0.0000	derpy_mr_dragon_bone_0
wh2_main_def_settlement_major_2	derpy_effect_region_resource_dragon_bone_production	building_to_building_own	3.0000	2.0000	0.0000	derpy_mr_dragon_bone_0
wh2_main_def_settlement_major_3	derpy_effect_region_resource_dragon_bone_production	building_to_building_own	4.0000	2.0000	0.0000	derpy_mr_dragon_bone_0
wh2_main_def_settlement_major_4	derpy_effect_region_resource_dragon_bone_production	building_to_building_own	5.0000	3.0000	0.0000	derpy_mr_dragon_bone_0
wh2_main_def_settlement_major_5	derpy_effect_region_resource_dragon_bone_production	building_to_building_own	6.0000	3.0000	0.0000	derpy_mr_dragon_bone_0
wh2_main_def_settlement_minor_1	derpy_effect_region_resource_dragon_bone_production	building_to_building_own	2.0000	1.0000	0.0000	derpy_mr_dragon_bone_0
wh2_main_def_settlement_minor_2	derpy_effect_region_resource_dragon_bone_production	building_to_building_own	3.0000	2.0000	0.0000	derpy_mr_dragon_bone_0
wh2_main_def_settlement_minor_3	derpy_effect_region_resource_dragon_bone_production	building_to_building_own	4.0000	2.0000	0.0000	derpy_mr_dragon_bone_0
wh2_main_hef_settlement_major_1	derpy_effect_region_resource_dragon_bone_production	building_to_building_own	2.0000	1.0000	0.0000	derpy_mr_dragon_bone_0
wh2_main_hef_settlement_major_2	derpy_effect_region_resource_dragon_bone_production	building_to_building_own	3.0000	2.0000	0.0000	derpy_mr_dragon_bone_0
wh2_main_hef_settlement_major_3	derpy_effect_region_resource_dragon_bone_production	building_to_building_own	4.0000	2.0000	0.0000	derpy_mr_dragon_bone_0
wh2_main_hef_settlement_major_4	derpy_effect_region_resource_dragon_bone_production	building_to_building_own	5.0000	3.0000	0.0000	derpy_mr_dragon_bone_0
wh2_main_hef_settlement_major_5	derpy_effect_region_resource_dragon_bone_production	building_to_building_own	6.0000	3.0000	0.0000	derpy_mr_dragon_bone_0
wh2_main_hef_settlement_minor_1	derpy_effect_region_resource_dragon_bone_production	building_to_building_own	2.0000	1.0000	0.0000	derpy_mr_dragon_bone_0
wh2_main_hef_settlement_minor_2	derpy_effect_region_resource_dragon_bone_production	building_to_building_own	3.0000	2.0000	0.0000	derpy_mr_dragon_bone_0
wh2_main_hef_settlement_minor_3	derpy_effect_region_resource_dragon_bone_production	building_to_building_own	4.0000	2.0000	0.0000	derpy_mr_dragon_bone_0
wh2_main_lzd_settlement_major_1	derpy_effect_region_resource_dragon_bone_production	building_to_building_own	2.0000	1.0000	0.0000	derpy_mr_dragon_bone_0
wh2_main_lzd_settlement_major_2	derpy_effect_region_resource_dragon_bone_production	building_to_building_own	3.0000	2.0000	0.0000	derpy_mr_dragon_bone_0
wh2_main_lzd_settlement_major_3	derpy_effect_region_resource_dragon_bone_production	building_to_building_own	4.0000	2.0000	0.0000	derpy_mr_dragon_bone_0
wh2_main_lzd_settlement_major_4	derpy_effect_region_resource_dragon_bone_production	building_to_building_own	5.0000	3.0000	0.0000	derpy_mr_dragon_bone_0
wh2_main_lzd_settlement_major_5	derpy_effect_region_resource_dragon_bone_production	building_to_building_own	6.0000	3.0000	0.0000	derpy_mr_dragon_bone_0
wh2_main_lzd_settlement_minor_1	derpy_effect_region_resource_dragon_bone_production	building_to_building_own	2.0000	1.0000	0.0000	derpy_mr_dragon_bone_0
wh2_main_lzd_settlement_minor_2	derpy_effect_region_resource_dragon_bone_production	building_to_building_own	3.0000	2.0000	0.0000	derpy_mr_dragon_bone_0
wh2_main_lzd_settlement_minor_3	derpy_effect_region_resource_dragon_bone_production	building_to_building_own	4.0000	2.0000	0.0000	derpy_mr_dragon_bone_0
wh2_main_rogue_settlement_major_1	derpy_effect_region_resource_dragon_bone_production	building_to_building_own	2.0000	1.0000	0.0000	derpy_mr_dragon_bone_0
wh2_main_rogue_settlement_major_2	derpy_effect_region_resource_dragon_bone_production	building_to_building_own	3.0000	2.0000	0.0000	derpy_mr_dragon_bone_0
wh2_main_rogue_settlement_major_3	derpy_effect_region_resource_dragon_bone_production	building_to_building_own	4.0000	2.0000	0.0000	derpy_mr_dragon_bone_0
wh2_main_rogue_settlement_minor_1	derpy_effect_region_resource_dragon_bone_production	building_to_building_own	2.0000	1.0000	0.0000	derpy_mr_dragon_bone_0
wh2_main_rogue_settlement_minor_2	derpy_effect_region_resource_dragon_bone_production	building_to_building_own	3.0000	2.0000	0.0000	derpy_mr_dragon_bone_0
wh2_main_rogue_settlement_minor_3	derpy_effect_region_resource_dragon_bone_production	building_to_building_own	4.0000	2.0000	0.0000	derpy_mr_dragon_bone_0
wh2_main_skv_settlement_major_1	derpy_effect_region_resource_dragon_bone_production	building_to_building_own	2.0000	1.0000	0.0000	derpy_mr_dragon_bone_0
wh2_main_skv_settlement_major_2	derpy_effect_region_resource_dragon_bone_production	building_to_building_own	3.0000	2.0000	0.0000	derpy_mr_dragon_bone_0
wh2_main_skv_settlement_major_3	derpy_effect_region_resource_dragon_bone_production	building_to_building_own	4.0000	2.0000	0.0000	derpy_mr_dragon_bone_0
wh2_main_skv_settlement_major_4	derpy_effect_region_resource_dragon_bone_production	building_to_building_own	5.0000	3.0000	0.0000	derpy_mr_dragon_bone_0
wh2_main_skv_settlement_major_5	derpy_effect_region_resource_dragon_bone_production	building_to_building_own	6.0000	3.0000	0.0000	derpy_mr_dragon_bone_0
wh2_main_skv_settlement_minor_1	derpy_effect_region_resource_dragon_bone_production	building_to_building_own	2.0000	1.0000	0.0000	derpy_mr_dragon_bone_0
wh2_main_skv_settlement_minor_2	derpy_effect_region_resource_dragon_bone_production	building_to_building_own	3.0000	2.0000	0.0000	derpy_mr_dragon_bone_0
wh2_main_skv_settlement_minor_3	derpy_effect_region_resource_dragon_bone_production	building_to_building_own	4.0000	2.0000	0.0000	derpy_mr_dragon_bone_0
wh2_main_special_empire_fort_emp_1	derpy_effect_region_resource_dragon_bone_production	building_to_building_own	2.0000	1.0000	0.0000	derpy_mr_dragon_bone_0
wh2_main_special_empire_fort_emp_2	derpy_effect_region_resource_dragon_bone_production	building_to_building_own	3.0000	2.0000	0.0000	derpy_mr_dragon_bone_0
wh2_main_special_empire_fort_emp_3	derpy_effect_region_resource_dragon_bone_production	building_to_building_own	4.0000	2.0000	0.0000	derpy_mr_dragon_bone_0
wh2_main_special_empire_fort_emp_4	derpy_effect_region_resource_dragon_bone_production	building_to_building_own	5.0000	3.0000	0.0000	derpy_mr_dragon_bone_0
wh2_main_special_empire_fort_emp_5	derpy_effect_region_resource_dragon_bone_production	building_to_building_own	6.0000	3.0000	0.0000	derpy_mr_dragon_bone_0
wh2_main_special_fortress_gate_eagle_hef_1	derpy_effect_region_resource_dragon_bone_production	building_to_building_own	2.0000	1.0000	0.0000	derpy_mr_dragon_bone_0
wh2_main_special_fortress_gate_eagle_hef_2	derpy_effect_region_resource_dragon_bone_production	building_to_building_own	3.0000	2.0000	0.0000	derpy_mr_dragon_bone_0
wh2_main_special_fortress_gate_eagle_hef_3	derpy_effect_region_resource_dragon_bone_production	building_to_building_own	4.0000	2.0000	0.0000	derpy_mr_dragon_bone_0
wh2_main_special_fortress_gate_eagle_hef_4	derpy_effect_region_resource_dragon_bone_production	building_to_building_own	5.0000	3.0000	0.0000	derpy_mr_dragon_bone_0
wh2_main_special_fortress_gate_eagle_hef_5	derpy_effect_region_resource_dragon_bone_production	building_to_building_own	6.0000	3.0000	0.0000	derpy_mr_dragon_bone_0
wh2_main_special_fortress_gate_eagle_untainted_1	derpy_effect_region_resource_dragon_bone_production	building_to_building_own	2.0000	1.0000	0.0000	derpy_mr_dragon_bone_0
wh2_main_special_fortress_gate_eagle_untainted_2	derpy_effect_region_resource_dragon_bone_production	building_to_building_own	3.0000	2.0000	0.0000	derpy_mr_dragon_bone_0
wh2_main_special_fortress_gate_eagle_untainted_3	derpy_effect_region_resource_dragon_bone_production	building_to_building_own	4.0000	2.0000	0.0000	derpy_mr_dragon_bone_0
wh2_main_special_fortress_gate_eagle_untainted_4	derpy_effect_region_resource_dragon_bone_production	building_to_building_own	5.0000	3.0000	0.0000	derpy_mr_dragon_bone_0
wh2_main_special_fortress_gate_eagle_untainted_5	derpy_effect_region_resource_dragon_bone_production	building_to_building_own	6.0000	3.0000	0.0000	derpy_mr_dragon_bone_0
wh2_main_special_fortress_gate_griffon_hef_1	derpy_effect_region_resource_dragon_bone_production	building_to_building_own	2.0000	1.0000	0.0000	derpy_mr_dragon_bone_0
wh2_main_special_fortress_gate_griffon_hef_2	derpy_effect_region_resource_dragon_bone_production	building_to_building_own	3.0000	2.0000	0.0000	derpy_mr_dragon_bone_0
wh2_main_special_fortress_gate_griffon_hef_3	derpy_effect_region_resource_dragon_bone_production	building_to_building_own	4.0000	2.0000	0.0000	derpy_mr_dragon_bone_0
wh2_main_special_fortress_gate_griffon_hef_4	derpy_effect_region_resource_dragon_bone_production	building_to_building_own	5.0000	3.0000	0.0000	derpy_mr_dragon_bone_0
wh2_main_special_fortress_gate_griffon_hef_5	derpy_effect_region_resource_dragon_bone_production	building_to_building_own	6.0000	3.0000	0.0000	derpy_mr_dragon_bone_0
wh2_main_special_fortress_gate_griffon_untainted_1	derpy_effect_region_resource_dragon_bone_production	building_to_building_own	2.0000	1.0000	0.0000	derpy_mr_dragon_bone_0
wh2_main_special_fortress_gate_griffon_untainted_2	derpy_effect_region_resource_dragon_bone_production	building_to_building_own	3.0000	2.0000	0.0000	derpy_mr_dragon_bone_0
wh2_main_special_fortress_gate_griffon_untainted_3	derpy_effect_region_resource_dragon_bone_production	building_to_building_own	4.0000	2.0000	0.0000	derpy_mr_dragon_bone_0
wh2_main_special_fortress_gate_griffon_untainted_4	derpy_effect_region_resource_dragon_bone_production	building_to_building_own	5.0000	3.0000	0.0000	derpy_mr_dragon_bone_0
wh2_main_special_fortress_gate_griffon_untainted_5	derpy_effect_region_resource_dragon_bone_production	building_to_building_own	6.0000	3.0000	0.0000	derpy_mr_dragon_bone_0
wh2_main_special_fortress_gate_phoenix_hef_1	derpy_effect_region_resource_dragon_bone_production	building_to_building_own	2.0000	1.0000	0.0000	derpy_mr_dragon_bone_0
wh2_main_special_fortress_gate_phoenix_hef_2	derpy_effect_region_resource_dragon_bone_production	building_to_building_own	3.0000	2.0000	0.0000	derpy_mr_dragon_bone_0
wh2_main_special_fortress_gate_phoenix_hef_3	derpy_effect_region_resource_dragon_bone_production	building_to_building_own	4.0000	2.0000	0.0000	derpy_mr_dragon_bone_0
wh2_main_special_fortress_gate_phoenix_hef_4	derpy_effect_region_resource_dragon_bone_production	building_to_building_own	5.0000	3.0000	0.0000	derpy_mr_dragon_bone_0
wh2_main_special_fortress_gate_phoenix_hef_5	derpy_effect_region_resource_dragon_bone_production	building_to_building_own	6.0000	3.0000	0.0000	derpy_mr_dragon_bone_0
wh2_main_special_fortress_gate_phoenix_untainted_1	derpy_effect_region_resource_dragon_bone_production	building_to_building_own	2.0000	1.0000	0.0000	derpy_mr_dragon_bone_0
wh2_main_special_fortress_gate_phoenix_untainted_2	derpy_effect_region_resource_dragon_bone_production	building_to_building_own	3.0000	2.0000	0.0000	derpy_mr_dragon_bone_0
wh2_main_special_fortress_gate_phoenix_untainted_3	derpy_effect_region_resource_dragon_bone_production	building_to_building_own	4.0000	2.0000	0.0000	derpy_mr_dragon_bone_0
wh2_main_special_fortress_gate_phoenix_untainted_4	derpy_effect_region_resource_dragon_bone_production	building_to_building_own	5.0000	3.0000	0.0000	derpy_mr_dragon_bone_0
wh2_main_special_fortress_gate_phoenix_untainted_5	derpy_effect_region_resource_dragon_bone_production	building_to_building_own	6.0000	3.0000	0.0000	derpy_mr_dragon_bone_0
wh2_main_special_fortress_gate_unicorn_hef_1	derpy_effect_region_resource_dragon_bone_production	building_to_building_own	2.0000	1.0000	0.0000	derpy_mr_dragon_bone_0
wh2_main_special_fortress_gate_unicorn_hef_2	derpy_effect_region_resource_dragon_bone_production	building_to_building_own	3.0000	2.0000	0.0000	derpy_mr_dragon_bone_0
wh2_main_special_fortress_gate_unicorn_hef_3	derpy_effect_region_resource_dragon_bone_production	building_to_building_own	4.0000	2.0000	0.0000	derpy_mr_dragon_bone_0
wh2_main_special_fortress_gate_unicorn_hef_4	derpy_effect_region_resource_dragon_bone_production	building_to_building_own	5.0000	3.0000	0.0000	derpy_mr_dragon_bone_0
wh2_main_special_fortress_gate_unicorn_hef_5	derpy_effect_region_resource_dragon_bone_production	building_to_building_own	6.0000	3.0000	0.0000	derpy_mr_dragon_bone_0
wh2_main_special_fortress_gate_unicorn_untainted_1	derpy_effect_region_resource_dragon_bone_production	building_to_building_own	2.0000	1.0000	0.0000	derpy_mr_dragon_bone_0
wh2_main_special_fortress_gate_unicorn_untainted_2	derpy_effect_region_resource_dragon_bone_production	building_to_building_own	3.0000	2.0000	0.0000	derpy_mr_dragon_bone_0
wh2_main_special_fortress_gate_unicorn_untainted_3	derpy_effect_region_resource_dragon_bone_production	building_to_building_own	4.0000	2.0000	0.0000	derpy_mr_dragon_bone_0
wh2_main_special_fortress_gate_unicorn_untainted_4	derpy_effect_region_resource_dragon_bone_production	building_to_building_own	5.0000	3.0000	0.0000	derpy_mr_dragon_bone_0
wh2_main_special_fortress_gate_unicorn_untainted_5	derpy_effect_region_resource_dragon_bone_production	building_to_building_own	6.0000	3.0000	0.0000	derpy_mr_dragon_bone_0
wh2_main_special_settlement_colony_major_hef_1	derpy_effect_region_resource_dragon_bone_production	building_to_building_own	2.0000	1.0000	0.0000	derpy_mr_dragon_bone_0
wh2_main_special_settlement_colony_major_hef_2	derpy_effect_region_resource_dragon_bone_production	building_to_building_own	3.0000	2.0000	0.0000	derpy_mr_dragon_bone_0
wh2_main_special_settlement_colony_major_hef_3	derpy_effect_region_resource_dragon_bone_production	building_to_building_own	4.0000	2.0000	0.0000	derpy_mr_dragon_bone_0
wh2_main_special_settlement_colony_major_hef_4	derpy_effect_region_resource_dragon_bone_production	building_to_building_own	5.0000	3.0000	0.0000	derpy_mr_dragon_bone_0
wh2_main_special_settlement_colony_major_hef_5	derpy_effect_region_resource_dragon_bone_production	building_to_building_own	6.0000	3.0000	0.0000	derpy_mr_dragon_bone_0
wh2_main_special_settlement_colony_minor_hef_1	derpy_effect_region_resource_dragon_bone_production	building_to_building_own	2.0000	1.0000	0.0000	derpy_mr_dragon_bone_0
wh2_main_special_settlement_colony_minor_hef_2	derpy_effect_region_resource_dragon_bone_production	building_to_building_own	3.0000	2.0000	0.0000	derpy_mr_dragon_bone_0
wh2_main_special_settlement_colony_minor_hef_3	derpy_effect_region_resource_dragon_bone_production	building_to_building_own	4.0000	2.0000	0.0000	derpy_mr_dragon_bone_0
wh2_main_special_settlement_eight_peaks_skv_1	derpy_effect_region_resource_dragon_bone_production	building_to_building_own	2.0000	1.0000	0.0000	derpy_mr_dragon_bone_0
wh2_main_special_settlement_eight_peaks_skv_2	derpy_effect_region_resource_dragon_bone_production	building_to_building_own	3.0000	2.0000	0.0000	derpy_mr_dragon_bone_0
wh2_main_special_settlement_eight_peaks_skv_3	derpy_effect_region_resource_dragon_bone_production	building_to_building_own	4.0000	2.0000	0.0000	derpy_mr_dragon_bone_0
wh2_main_special_settlement_eight_peaks_skv_4	derpy_effect_region_resource_dragon_bone_production	building_to_building_own	5.0000	3.0000	0.0000	derpy_mr_dragon_bone_0
wh2_main_special_settlement_eight_peaks_skv_5	derpy_effect_region_resource_dragon_bone_production	building_to_building_own	6.0000	3.0000	0.0000	derpy_mr_dragon_bone_0
wh2_main_special_settlement_gaean_vale_1	derpy_effect_region_resource_dragon_bone_production	building_to_building_own	2.0000	1.0000	0.0000	derpy_mr_dragon_bone_0
wh2_main_special_settlement_gaean_vale_2	derpy_effect_region_resource_dragon_bone_production	building_to_building_own	3.0000	2.0000	0.0000	derpy_mr_dragon_bone_0
wh2_main_special_settlement_gaean_vale_3	derpy_effect_region_resource_dragon_bone_production	building_to_building_own	4.0000	2.0000	0.0000	derpy_mr_dragon_bone_0
wh2_main_special_settlement_gaean_vale_4	derpy_effect_region_resource_dragon_bone_production	building_to_building_own	5.0000	3.0000	0.0000	derpy_mr_dragon_bone_0
wh2_main_special_settlement_gaean_vale_5	derpy_effect_region_resource_dragon_bone_production	building_to_building_own	6.0000	3.0000	0.0000	derpy_mr_dragon_bone_0
wh_dlc05_special_settlement_gaean_vale_1_wef	derpy_effect_region_resource_dragon_bone_production	building_to_building_own	2.0000	1.0000	0.0000	derpy_mr_dragon_bone_0
wh_dlc05_special_settlement_gaean_vale_2_wef	derpy_effect_region_resource_dragon_bone_production	building_to_building_own	3.0000	2.0000	0.0000	derpy_mr_dragon_bone_0
wh_dlc05_special_settlement_gaean_vale_3_wef	derpy_effect_region_resource_dragon_bone_production	building_to_building_own	4.0000	2.0000	0.0000	derpy_mr_dragon_bone_0
wh_dlc05_special_settlement_gaean_vale_4_wef	derpy_effect_region_resource_dragon_bone_production	building_to_building_own	5.0000	3.0000	0.0000	derpy_mr_dragon_bone_0
wh_dlc05_special_settlement_gaean_vale_5_wef	derpy_effect_region_resource_dragon_bone_production	building_to_building_own	6.0000	3.0000	0.0000	derpy_mr_dragon_bone_0
wh2_main_special_settlement_hellpit_1	derpy_effect_region_resource_dragon_bone_production	building_to_building_own	2.0000	1.0000	0.0000	derpy_mr_dragon_bone_0
wh2_main_special_settlement_hellpit_2	derpy_effect_region_resource_dragon_bone_production	building_to_building_own	3.0000	2.0000	0.0000	derpy_mr_dragon_bone_0
wh2_main_special_settlement_hellpit_3	derpy_effect_region_resource_dragon_bone_production	building_to_building_own	4.0000	2.0000	0.0000	derpy_mr_dragon_bone_0
wh2_main_special_settlement_hellpit_4	derpy_effect_region_resource_dragon_bone_production	building_to_building_own	5.0000	3.0000	0.0000	derpy_mr_dragon_bone_0
wh2_main_special_settlement_hellpit_5	derpy_effect_region_resource_dragon_bone_production	building_to_building_own	6.0000	3.0000	0.0000	derpy_mr_dragon_bone_0
wh_dlc05_special_settlement_hellpit_1_wef	derpy_effect_region_resource_dragon_bone_production	building_to_building_own	2.0000	1.0000	0.0000	derpy_mr_dragon_bone_0
wh2_main_special_settlement_hexoatl_lzd_1	derpy_effect_region_resource_dragon_bone_production	building_to_building_own	2.0000	1.0000	0.0000	derpy_mr_dragon_bone_0
wh2_main_special_settlement_hexoatl_lzd_2	derpy_effect_region_resource_dragon_bone_production	building_to_building_own	3.0000	2.0000	0.0000	derpy_mr_dragon_bone_0
wh2_main_special_settlement_hexoatl_lzd_3	derpy_effect_region_resource_dragon_bone_production	building_to_building_own	4.0000	2.0000	0.0000	derpy_mr_dragon_bone_0
wh2_main_special_settlement_hexoatl_lzd_4	derpy_effect_region_resource_dragon_bone_production	building_to_building_own	5.0000	3.0000	0.0000	derpy_mr_dragon_bone_0
wh2_main_special_settlement_hexoatl_lzd_5	derpy_effect_region_resource_dragon_bone_production	building_to_building_own	6.0000	3.0000	0.0000	derpy_mr_dragon_bone_0
wh_dlc05_special_settlement_hexoatl_1_wef	derpy_effect_region_resource_dragon_bone_production	building_to_building_own	2.0000	1.0000	0.0000	derpy_mr_dragon_bone_0
wh2_main_special_settlement_itza_lzd_1	derpy_effect_region_resource_dragon_bone_production	building_to_building_own	2.0000	1.0000	0.0000	derpy_mr_dragon_bone_0
wh2_main_special_settlement_itza_lzd_2	derpy_effect_region_resource_dragon_bone_production	building_to_building_own	3.0000	2.0000	0.0000	derpy_mr_dragon_bone_0
wh2_main_special_settlement_itza_lzd_3	derpy_effect_region_resource_dragon_bone_production	building_to_building_own	4.0000	2.0000	0.0000	derpy_mr_dragon_bone_0
wh2_main_special_settlement_itza_lzd_4	derpy_effect_region_resource_dragon_bone_production	building_to_building_own	5.0000	3.0000	0.0000	derpy_mr_dragon_bone_0
wh2_main_special_settlement_itza_lzd_5	derpy_effect_region_resource_dragon_bone_production	building_to_building_own	6.0000	3.0000	0.0000	derpy_mr_dragon_bone_0
wh_dlc05_special_settlement_itza_1_wef	derpy_effect_region_resource_dragon_bone_production	building_to_building_own	2.0000	1.0000	0.0000	derpy_mr_dragon_bone_0
wh2_main_special_settlement_karaz_a_karak_skv_1	derpy_effect_region_resource_dragon_bone_production	building_to_building_own	2.0000	1.0000	0.0000	derpy_mr_dragon_bone_0
wh2_main_special_settlement_karaz_a_karak_skv_2	derpy_effect_region_resource_dragon_bone_production	building_to_building_own	3.0000	2.0000	0.0000	derpy_mr_dragon_bone_0
wh2_main_special_settlement_karaz_a_karak_skv_3	derpy_effect_region_resource_dragon_bone_production	building_to_building_own	4.0000	2.0000	0.0000	derpy_mr_dragon_bone_0
wh2_main_special_settlement_karaz_a_karak_skv_4	derpy_effect_region_resource_dragon_bone_production	building_to_building_own	5.0000	3.0000	0.0000	derpy_mr_dragon_bone_0
wh2_main_special_settlement_karaz_a_karak_skv_5	derpy_effect_region_resource_dragon_bone_production	building_to_building_own	6.0000	3.0000	0.0000	derpy_mr_dragon_bone_0
wh_dlc05_special_settlement_khemri_1_wef	derpy_effect_region_resource_dragon_bone_production	building_to_building_own	2.0000	1.0000	0.0000	derpy_mr_dragon_bone_0
wh_dlc05_special_settlement_konquata_1_wef	derpy_effect_region_resource_dragon_bone_production	building_to_building_own	2.0000	1.0000	0.0000	derpy_mr_dragon_bone_0
wh_dlc05_special_settlement_lahmia_1_wef	derpy_effect_region_resource_dragon_bone_production	building_to_building_own	2.0000	1.0000	0.0000	derpy_mr_dragon_bone_0
wh2_main_special_settlement_lothern_1	derpy_effect_region_resource_dragon_bone_production	building_to_building_own	2.0000	1.0000	0.0000	derpy_mr_dragon_bone_0
wh2_main_special_settlement_lothern_2	derpy_effect_region_resource_dragon_bone_production	building_to_building_own	3.0000	2.0000	0.0000	derpy_mr_dragon_bone_0
wh2_main_special_settlement_lothern_3	derpy_effect_region_resource_dragon_bone_production	building_to_building_own	4.0000	2.0000	0.0000	derpy_mr_dragon_bone_0
wh2_main_special_settlement_lothern_4	derpy_effect_region_resource_dragon_bone_production	building_to_building_own	5.0000	3.0000	0.0000	derpy_mr_dragon_bone_0
wh2_main_special_settlement_lothern_5	derpy_effect_region_resource_dragon_bone_production	building_to_building_own	6.0000	3.0000	0.0000	derpy_mr_dragon_bone_0
wh2_main_special_settlement_lothern_def_1	derpy_effect_region_resource_dragon_bone_production	building_to_building_own	2.0000	1.0000	0.0000	derpy_mr_dragon_bone_0
wh2_main_special_settlement_lothern_def_2	derpy_effect_region_resource_dragon_bone_production	building_to_building_own	3.0000	2.0000	0.0000	derpy_mr_dragon_bone_0
wh2_main_special_settlement_lothern_def_3	derpy_effect_region_resource_dragon_bone_production	building_to_building_own	4.0000	2.0000	0.0000	derpy_mr_dragon_bone_0
wh2_main_special_settlement_lothern_def_4	derpy_effect_region_resource_dragon_bone_production	building_to_building_own	5.0000	3.0000	0.0000	derpy_mr_dragon_bone_0
wh2_main_special_settlement_lothern_def_5	derpy_effect_region_resource_dragon_bone_production	building_to_building_own	6.0000	3.0000	0.0000	derpy_mr_dragon_bone_0
wh_dlc05_special_settlement_lothern_1_wef	derpy_effect_region_resource_dragon_bone_production	building_to_building_own	2.0000	1.0000	0.0000	derpy_mr_dragon_bone_0
wh2_main_special_settlement_naggarond_1	derpy_effect_region_resource_dragon_bone_production	building_to_building_own	2.0000	1.0000	0.0000	derpy_mr_dragon_bone_0
wh2_main_special_settlement_naggarond_2	derpy_effect_region_resource_dragon_bone_production	building_to_building_own	3.0000	2.0000	0.0000	derpy_mr_dragon_bone_0
wh2_main_special_settlement_naggarond_3	derpy_effect_region_resource_dragon_bone_production	building_to_building_own	4.0000	2.0000	0.0000	derpy_mr_dragon_bone_0
wh2_main_special_settlement_naggarond_4	derpy_effect_region_resource_dragon_bone_production	building_to_building_own	5.0000	3.0000	0.0000	derpy_mr_dragon_bone_0
wh2_main_special_settlement_naggarond_5	derpy_effect_region_resource_dragon_bone_production	building_to_building_own	6.0000	3.0000	0.0000	derpy_mr_dragon_bone_0
wh2_main_special_settlement_naggarond_hef_1	derpy_effect_region_resource_dragon_bone_production	building_to_building_own	2.0000	1.0000	0.0000	derpy_mr_dragon_bone_0
wh2_main_special_settlement_naggarond_hef_2	derpy_effect_region_resource_dragon_bone_production	building_to_building_own	3.0000	2.0000	0.0000	derpy_mr_dragon_bone_0
wh2_main_special_settlement_naggarond_hef_3	derpy_effect_region_resource_dragon_bone_production	building_to_building_own	4.0000	2.0000	0.0000	derpy_mr_dragon_bone_0
wh2_main_special_settlement_naggarond_hef_4	derpy_effect_region_resource_dragon_bone_production	building_to_building_own	5.0000	3.0000	0.0000	derpy_mr_dragon_bone_0
wh2_main_special_settlement_naggarond_hef_5	derpy_effect_region_resource_dragon_bone_production	building_to_building_own	6.0000	3.0000	0.0000	derpy_mr_dragon_bone_0
wh_dlc05_special_settlement_naggarond_1_wef	derpy_effect_region_resource_dragon_bone_production	building_to_building_own	2.0000	1.0000	0.0000	derpy_mr_dragon_bone_0
wh2_main_special_settlement_pyramid_of_nagash_1_wef	derpy_effect_region_resource_dragon_bone_production	building_to_building_own	2.0000	1.0000	0.0000	derpy_mr_dragon_bone_0
wh2_main_special_settlement_sartosa_brt_1	derpy_effect_region_resource_dragon_bone_production	building_to_building_own	2.0000	1.0000	0.0000	derpy_mr_dragon_bone_0
wh2_main_special_settlement_sartosa_brt_2	derpy_effect_region_resource_dragon_bone_production	building_to_building_own	3.0000	2.0000	0.0000	derpy_mr_dragon_bone_0
wh2_main_special_settlement_sartosa_brt_3	derpy_effect_region_resource_dragon_bone_production	building_to_building_own	4.0000	2.0000	0.0000	derpy_mr_dragon_bone_0
wh2_main_special_settlement_sartosa_brt_4	derpy_effect_region_resource_dragon_bone_production	building_to_building_own	5.0000	3.0000	0.0000	derpy_mr_dragon_bone_0
wh2_main_special_settlement_sartosa_brt_5	derpy_effect_region_resource_dragon_bone_production	building_to_building_own	6.0000	3.0000	0.0000	derpy_mr_dragon_bone_0
wh2_main_special_settlement_sartosa_cst_1	derpy_effect_region_resource_dragon_bone_production	building_to_building_own	2.0000	1.0000	0.0000	derpy_mr_dragon_bone_0
wh2_main_special_settlement_sartosa_cst_2	derpy_effect_region_resource_dragon_bone_production	building_to_building_own	3.0000	2.0000	0.0000	derpy_mr_dragon_bone_0
wh2_main_special_settlement_sartosa_cst_3	derpy_effect_region_resource_dragon_bone_production	building_to_building_own	4.0000	2.0000	0.0000	derpy_mr_dragon_bone_0
wh2_main_special_settlement_sartosa_cst_4	derpy_effect_region_resource_dragon_bone_production	building_to_building_own	5.0000	3.0000	0.0000	derpy_mr_dragon_bone_0
wh2_main_special_settlement_sartosa_cst_5	derpy_effect_region_resource_dragon_bone_production	building_to_building_own	6.0000	3.0000	0.0000	derpy_mr_dragon_bone_0
wh2_main_special_settlement_sartosa_def_1	derpy_effect_region_resource_dragon_bone_production	building_to_building_own	2.0000	1.0000	0.0000	derpy_mr_dragon_bone_0
wh2_main_special_settlement_sartosa_def_2	derpy_effect_region_resource_dragon_bone_production	building_to_building_own	3.0000	2.0000	0.0000	derpy_mr_dragon_bone_0
wh2_main_special_settlement_sartosa_def_3	derpy_effect_region_resource_dragon_bone_production	building_to_building_own	4.0000	2.0000	0.0000	derpy_mr_dragon_bone_0
wh2_main_special_settlement_sartosa_def_4	derpy_effect_region_resource_dragon_bone_production	building_to_building_own	5.0000	3.0000	0.0000	derpy_mr_dragon_bone_0
wh2_main_special_settlement_sartosa_def_5	derpy_effect_region_resource_dragon_bone_production	building_to_building_own	6.0000	3.0000	0.0000	derpy_mr_dragon_bone_0
wh2_main_special_settlement_sartosa_emp_1	derpy_effect_region_resource_dragon_bone_production	building_to_building_own	2.0000	1.0000	0.0000	derpy_mr_dragon_bone_0
wh2_main_special_settlement_sartosa_emp_2	derpy_effect_region_resource_dragon_bone_production	building_to_building_own	3.0000	2.0000	0.0000	derpy_mr_dragon_bone_0
wh2_main_special_settlement_sartosa_emp_3	derpy_effect_region_resource_dragon_bone_production	building_to_building_own	4.0000	2.0000	0.0000	derpy_mr_dragon_bone_0
wh2_main_special_settlement_sartosa_emp_4	derpy_effect_region_resource_dragon_bone_production	building_to_building_own	5.0000	3.0000	0.0000	derpy_mr_dragon_bone_0
wh2_main_special_settlement_sartosa_emp_5	derpy_effect_region_resource_dragon_bone_production	building_to_building_own	6.0000	3.0000	0.0000	derpy_mr_dragon_bone_0
wh2_main_special_settlement_sartosa_wef_1	derpy_effect_region_resource_dragon_bone_production	building_to_building_own	2.0000	1.0000	0.0000	derpy_mr_dragon_bone_0
wh2_main_special_settlement_skavenblight_1	derpy_effect_region_resource_dragon_bone_production	building_to_building_own	2.0000	1.0000	0.0000	derpy_mr_dragon_bone_0
wh2_main_special_settlement_skavenblight_2	derpy_effect_region_resource_dragon_bone_production	building_to_building_own	3.0000	2.0000	0.0000	derpy_mr_dragon_bone_0
wh2_main_special_settlement_skavenblight_3	derpy_effect_region_resource_dragon_bone_production	building_to_building_own	4.0000	2.0000	0.0000	derpy_mr_dragon_bone_0
wh2_main_special_settlement_skavenblight_4	derpy_effect_region_resource_dragon_bone_production	building_to_building_own	5.0000	3.0000	0.0000	derpy_mr_dragon_bone_0
wh2_main_special_settlement_skavenblight_5	derpy_effect_region_resource_dragon_bone_production	building_to_building_own	6.0000	3.0000	0.0000	derpy_mr_dragon_bone_0
wh_dlc05_special_settlement_skavenblight_1_wef	derpy_effect_region_resource_dragon_bone_production	building_to_building_own	2.0000	1.0000	0.0000	derpy_mr_dragon_bone_0
wh2_main_special_settlement_the_awakening_cst_1	derpy_effect_region_resource_dragon_bone_production	building_to_building_own	2.0000	1.0000	0.0000	derpy_mr_dragon_bone_0
wh2_main_special_settlement_the_awakening_cst_2	derpy_effect_region_resource_dragon_bone_production	building_to_building_own	3.0000	2.0000	0.0000	derpy_mr_dragon_bone_0
wh2_main_special_settlement_the_awakening_cst_3	derpy_effect_region_resource_dragon_bone_production	building_to_building_own	4.0000	2.0000	0.0000	derpy_mr_dragon_bone_0
wh2_main_special_settlement_the_awakening_cst_4	derpy_effect_region_resource_dragon_bone_production	building_to_building_own	5.0000	3.0000	0.0000	derpy_mr_dragon_bone_0
wh2_main_special_settlement_the_awakening_cst_5	derpy_effect_region_resource_dragon_bone_production	building_to_building_own	6.0000	3.0000	0.0000	derpy_mr_dragon_bone_0
wh2_main_special_settlement_the_awakening_wef_1	derpy_effect_region_resource_dragon_bone_production	building_to_building_own	2.0000	1.0000	0.0000	derpy_mr_dragon_bone_0
wh2_main_wef_oak_of_ages_occupied_1	derpy_effect_region_resource_dragon_bone_production	building_to_building_own	2.0000	1.0000	0.0000	derpy_mr_dragon_bone_0
wh2_twa03_special_settlement_konquata_lzd_1	derpy_effect_region_resource_dragon_bone_production	building_to_building_own	2.0000	1.0000	0.0000	derpy_mr_dragon_bone_0
wh2_twa03_special_settlement_konquata_lzd_2	derpy_effect_region_resource_dragon_bone_production	building_to_building_own	3.0000	2.0000	0.0000	derpy_mr_dragon_bone_0
wh2_twa03_special_settlement_konquata_lzd_3	derpy_effect_region_resource_dragon_bone_production	building_to_building_own	4.0000	2.0000	0.0000	derpy_mr_dragon_bone_0
wh2_twa03_special_settlement_konquata_lzd_4	derpy_effect_region_resource_dragon_bone_production	building_to_building_own	5.0000	3.0000	0.0000	derpy_mr_dragon_bone_0
wh2_twa03_special_settlement_konquata_lzd_5	derpy_effect_region_resource_dragon_bone_production	building_to_building_own	6.0000	3.0000	0.0000	derpy_mr_dragon_bone_0
wh3_cp1_cth_bhashiva_settlement_major_1	derpy_effect_region_resource_dragon_bone_production	building_to_building_own	2.0000	1.0000	0.0000	derpy_mr_dragon_bone_0
wh3_cp1_cth_bhashiva_settlement_major_2	derpy_effect_region_resource_dragon_bone_production	building_to_building_own	3.0000	2.0000	0.0000	derpy_mr_dragon_bone_0
wh3_cp1_cth_bhashiva_settlement_major_3	derpy_effect_region_resource_dragon_bone_production	building_to_building_own	4.0000	2.0000	0.0000	derpy_mr_dragon_bone_0
wh3_cp1_cth_bhashiva_settlement_major_4	derpy_effect_region_resource_dragon_bone_production	building_to_building_own	5.0000	3.0000	0.0000	derpy_mr_dragon_bone_0
wh3_cp1_cth_bhashiva_settlement_major_5	derpy_effect_region_resource_dragon_bone_production	building_to_building_own	6.0000	3.0000	0.0000	derpy_mr_dragon_bone_0
wh3_cp1_cth_bhashiva_settlement_minor_1	derpy_effect_region_resource_dragon_bone_production	building_to_building_own	2.0000	1.0000	0.0000	derpy_mr_dragon_bone_0
wh3_cp1_cth_bhashiva_settlement_minor_2	derpy_effect_region_resource_dragon_bone_production	building_to_building_own	3.0000	2.0000	0.0000	derpy_mr_dragon_bone_0
wh3_cp1_cth_bhashiva_settlement_minor_3	derpy_effect_region_resource_dragon_bone_production	building_to_building_own	4.0000	2.0000	0.0000	derpy_mr_dragon_bone_0
wh3_dlc20_woc_chaos_altar_major_human_1	derpy_effect_region_resource_dragon_bone_production	building_to_building_own	2.0000	1.0000	0.0000	derpy_mr_dragon_bone_0
wh3_dlc20_woc_chaos_altar_special_gate_settlement_1	derpy_effect_region_resource_dragon_bone_production	building_to_building_own	2.0000	1.0000	0.0000	derpy_mr_dragon_bone_0
wh3_dlc20_woc_chaos_altar_special_gate_settlement_2	derpy_effect_region_resource_dragon_bone_production	building_to_building_own	3.0000	2.0000	0.0000	derpy_mr_dragon_bone_0
wh3_dlc20_woc_chaos_altar_special_gate_settlement_3	derpy_effect_region_resource_dragon_bone_production	building_to_building_own	4.0000	2.0000	0.0000	derpy_mr_dragon_bone_0
wh3_dlc20_settlement_woc_dark_fortress_1	derpy_effect_region_resource_dragon_bone_production	building_to_building_own	2.0000	1.0000	0.0000	derpy_mr_dragon_bone_0
wh3_dlc20_settlement_woc_dark_fortress_2	derpy_effect_region_resource_dragon_bone_production	building_to_building_own	3.0000	2.0000	0.0000	derpy_mr_dragon_bone_0
wh3_dlc20_settlement_woc_dark_fortress_3	derpy_effect_region_resource_dragon_bone_production	building_to_building_own	4.0000	2.0000	0.0000	derpy_mr_dragon_bone_0
wh3_dlc20_settlement_woc_dark_fortress_4	derpy_effect_region_resource_dragon_bone_production	building_to_building_own	5.0000	3.0000	0.0000	derpy_mr_dragon_bone_0
wh3_dlc20_settlement_woc_dark_fortress_5	derpy_effect_region_resource_dragon_bone_production	building_to_building_own	6.0000	3.0000	0.0000	derpy_mr_dragon_bone_0
wh3_dlc23_chd_settlement_factory_1	derpy_effect_region_resource_dragon_bone_production	building_to_building_own	2.0000	1.0000	0.0000	derpy_mr_dragon_bone_0
wh3_dlc23_chd_settlement_factory_2	derpy_effect_region_resource_dragon_bone_production	building_to_building_own	3.0000	2.0000	0.0000	derpy_mr_dragon_bone_0
wh3_dlc23_chd_settlement_factory_3	derpy_effect_region_resource_dragon_bone_production	building_to_building_own	4.0000	2.0000	0.0000	derpy_mr_dragon_bone_0
wh3_dlc23_chd_settlement_outpost_1	derpy_effect_region_resource_dragon_bone_production	building_to_building_own	2.0000	1.0000	0.0000	derpy_mr_dragon_bone_0
wh3_dlc23_chd_settlement_outpost_2	derpy_effect_region_resource_dragon_bone_production	building_to_building_own	3.0000	2.0000	0.0000	derpy_mr_dragon_bone_0
wh3_dlc23_chd_settlement_outpost_3	derpy_effect_region_resource_dragon_bone_production	building_to_building_own	4.0000	2.0000	0.0000	derpy_mr_dragon_bone_0
wh3_dlc23_chd_settlement_tower_1	derpy_effect_region_resource_dragon_bone_production	building_to_building_own	2.0000	1.0000	0.0000	derpy_mr_dragon_bone_0
wh3_dlc23_chd_settlement_tower_2	derpy_effect_region_resource_dragon_bone_production	building_to_building_own	3.0000	2.0000	0.0000	derpy_mr_dragon_bone_0
wh3_dlc23_chd_settlement_tower_3	derpy_effect_region_resource_dragon_bone_production	building_to_building_own	4.0000	2.0000	0.0000	derpy_mr_dragon_bone_0
wh3_dlc23_chd_settlement_tower_4	derpy_effect_region_resource_dragon_bone_production	building_to_building_own	5.0000	3.0000	0.0000	derpy_mr_dragon_bone_0
wh3_dlc23_chd_settlement_tower_5	derpy_effect_region_resource_dragon_bone_production	building_to_building_own	6.0000	3.0000	0.0000	derpy_mr_dragon_bone_0
wh3_dlc23_chd_special_settlement_tower_1	derpy_effect_region_resource_dragon_bone_production	building_to_building_own	2.0000	1.0000	0.0000	derpy_mr_dragon_bone_0
wh3_dlc23_chd_special_settlement_tower_2	derpy_effect_region_resource_dragon_bone_production	building_to_building_own	3.0000	2.0000	0.0000	derpy_mr_dragon_bone_0
wh3_dlc23_chd_special_settlement_tower_3	derpy_effect_region_resource_dragon_bone_production	building_to_building_own	4.0000	2.0000	0.0000	derpy_mr_dragon_bone_0
wh3_dlc23_chd_special_settlement_tower_4	derpy_effect_region_resource_dragon_bone_production	building_to_building_own	5.0000	3.0000	0.0000	derpy_mr_dragon_bone_0
wh3_dlc23_chd_special_settlement_tower_5	derpy_effect_region_resource_dragon_bone_production	building_to_building_own	6.0000	3.0000	0.0000	derpy_mr_dragon_bone_0
wh3_dlc23_special_empire_fort_chd_1	derpy_effect_region_resource_dragon_bone_production	building_to_building_own	2.0000	1.0000	0.0000	derpy_mr_dragon_bone_0
wh3_dlc23_special_empire_fort_chd_2	derpy_effect_region_resource_dragon_bone_production	building_to_building_own	3.0000	2.0000	0.0000	derpy_mr_dragon_bone_0
wh3_dlc23_special_empire_fort_chd_3	derpy_effect_region_resource_dragon_bone_production	building_to_building_own	4.0000	2.0000	0.0000	derpy_mr_dragon_bone_0
wh3_dlc23_special_empire_fort_chd_4	derpy_effect_region_resource_dragon_bone_production	building_to_building_own	5.0000	3.0000	0.0000	derpy_mr_dragon_bone_0
wh3_dlc23_special_empire_fort_chd_5	derpy_effect_region_resource_dragon_bone_production	building_to_building_own	6.0000	3.0000	0.0000	derpy_mr_dragon_bone_0
wh2_main_special_fortress_gate_eagle_chd_1	derpy_effect_region_resource_dragon_bone_production	building_to_building_own	2.0000	1.0000	0.0000	derpy_mr_dragon_bone_0
wh2_main_special_fortress_gate_eagle_chd_2	derpy_effect_region_resource_dragon_bone_production	building_to_building_own	3.0000	2.0000	0.0000	derpy_mr_dragon_bone_0
wh2_main_special_fortress_gate_eagle_chd_3	derpy_effect_region_resource_dragon_bone_production	building_to_building_own	4.0000	2.0000	0.0000	derpy_mr_dragon_bone_0
wh2_main_special_fortress_gate_eagle_chd_4	derpy_effect_region_resource_dragon_bone_production	building_to_building_own	5.0000	3.0000	0.0000	derpy_mr_dragon_bone_0
wh2_main_special_fortress_gate_eagle_chd_5	derpy_effect_region_resource_dragon_bone_production	building_to_building_own	6.0000	3.0000	0.0000	derpy_mr_dragon_bone_0
wh2_main_special_fortress_gate_griffon_chd_1	derpy_effect_region_resource_dragon_bone_production	building_to_building_own	2.0000	1.0000	0.0000	derpy_mr_dragon_bone_0
wh2_main_special_fortress_gate_griffon_chd_2	derpy_effect_region_resource_dragon_bone_production	building_to_building_own	3.0000	2.0000	0.0000	derpy_mr_dragon_bone_0
wh2_main_special_fortress_gate_griffon_chd_3	derpy_effect_region_resource_dragon_bone_production	building_to_building_own	4.0000	2.0000	0.0000	derpy_mr_dragon_bone_0
wh2_main_special_fortress_gate_griffon_chd_4	derpy_effect_region_resource_dragon_bone_production	building_to_building_own	5.0000	3.0000	0.0000	derpy_mr_dragon_bone_0
wh2_main_special_fortress_gate_griffon_chd_5	derpy_effect_region_resource_dragon_bone_production	building_to_building_own	6.0000	3.0000	0.0000	derpy_mr_dragon_bone_0
wh2_main_special_fortress_gate_phoenix_chd_1	derpy_effect_region_resource_dragon_bone_production	building_to_building_own	2.0000	1.0000	0.0000	derpy_mr_dragon_bone_0
wh2_main_special_fortress_gate_phoenix_chd_2	derpy_effect_region_resource_dragon_bone_production	building_to_building_own	3.0000	2.0000	0.0000	derpy_mr_dragon_bone_0
wh2_main_special_fortress_gate_phoenix_chd_3	derpy_effect_region_resource_dragon_bone_production	building_to_building_own	4.0000	2.0000	0.0000	derpy_mr_dragon_bone_0
wh2_main_special_fortress_gate_phoenix_chd_4	derpy_effect_region_resource_dragon_bone_production	building_to_building_own	5.0000	3.0000	0.0000	derpy_mr_dragon_bone_0
wh2_main_special_fortress_gate_phoenix_chd_5	derpy_effect_region_resource_dragon_bone_production	building_to_building_own	6.0000	3.0000	0.0000	derpy_mr_dragon_bone_0
wh2_main_special_fortress_gate_unicorn_chd_1	derpy_effect_region_resource_dragon_bone_production	building_to_building_own	2.0000	1.0000	0.0000	derpy_mr_dragon_bone_0
wh2_main_special_fortress_gate_unicorn_chd_2	derpy_effect_region_resource_dragon_bone_production	building_to_building_own	3.0000	2.0000	0.0000	derpy_mr_dragon_bone_0
wh2_main_special_fortress_gate_unicorn_chd_3	derpy_effect_region_resource_dragon_bone_production	building_to_building_own	4.0000	2.0000	0.0000	derpy_mr_dragon_bone_0
wh2_main_special_fortress_gate_unicorn_chd_4	derpy_effect_region_resource_dragon_bone_production	building_to_building_own	5.0000	3.0000	0.0000	derpy_mr_dragon_bone_0
wh2_main_special_fortress_gate_unicorn_chd_5	derpy_effect_region_resource_dragon_bone_production	building_to_building_own	6.0000	3.0000	0.0000	derpy_mr_dragon_bone_0
wh3_main_special_settlement_bastion_chd_1	derpy_effect_region_resource_dragon_bone_production	building_to_building_own	2.0000	1.0000	0.0000	derpy_mr_dragon_bone_0
wh3_main_special_settlement_bastion_chd_2	derpy_effect_region_resource_dragon_bone_production	building_to_building_own	3.0000	2.0000	0.0000	derpy_mr_dragon_bone_0
wh3_main_special_settlement_bastion_chd_3	derpy_effect_region_resource_dragon_bone_production	building_to_building_own	4.0000	2.0000	0.0000	derpy_mr_dragon_bone_0
wh3_main_special_settlement_bastion_chd_4	derpy_effect_region_resource_dragon_bone_production	building_to_building_own	5.0000	3.0000	0.0000	derpy_mr_dragon_bone_0
wh3_main_special_settlement_bastion_chd_5	derpy_effect_region_resource_dragon_bone_production	building_to_building_own	6.0000	3.0000	0.0000	derpy_mr_dragon_bone_0
wh3_dlc25_dwf_special_settlement_oak_of_ages_1	derpy_effect_region_resource_dragon_bone_production	building_to_building_own	2.0000	1.0000	0.0000	derpy_mr_dragon_bone_0
wh3_dlc27_hef_colony_settlement_major_1	derpy_effect_region_resource_dragon_bone_production	building_to_building_own	2.0000	1.0000	0.0000	derpy_mr_dragon_bone_0
wh3_dlc27_hef_colony_settlement_major_2	derpy_effect_region_resource_dragon_bone_production	building_to_building_own	3.0000	2.0000	0.0000	derpy_mr_dragon_bone_0
wh3_dlc27_hef_colony_settlement_major_3	derpy_effect_region_resource_dragon_bone_production	building_to_building_own	4.0000	2.0000	0.0000	derpy_mr_dragon_bone_0
wh3_dlc27_hef_colony_settlement_major_4	derpy_effect_region_resource_dragon_bone_production	building_to_building_own	5.0000	3.0000	0.0000	derpy_mr_dragon_bone_0
wh3_dlc27_hef_colony_settlement_major_5	derpy_effect_region_resource_dragon_bone_production	building_to_building_own	6.0000	3.0000	0.0000	derpy_mr_dragon_bone_0
wh3_dlc27_hef_colony_settlement_minor_1	derpy_effect_region_resource_dragon_bone_production	building_to_building_own	2.0000	1.0000	0.0000	derpy_mr_dragon_bone_0
wh3_dlc27_hef_colony_settlement_minor_2	derpy_effect_region_resource_dragon_bone_production	building_to_building_own	3.0000	2.0000	0.0000	derpy_mr_dragon_bone_0
wh3_dlc27_hef_colony_settlement_minor_3	derpy_effect_region_resource_dragon_bone_production	building_to_building_own	4.0000	2.0000	0.0000	derpy_mr_dragon_bone_0
wh3_dlc27_nor_chaos_altar_und_minor_human_1	derpy_effect_region_resource_dragon_bone_production	building_to_building_own	2.0000	1.0000	0.0000	derpy_mr_dragon_bone_0
wh3_dlc27_nor_chaos_altar_und_minor_human_2	derpy_effect_region_resource_dragon_bone_production	building_to_building_own	3.0000	2.0000	0.0000	derpy_mr_dragon_bone_0
wh3_dlc27_nor_chaos_altar_und_minor_human_3	derpy_effect_region_resource_dragon_bone_production	building_to_building_own	4.0000	2.0000	0.0000	derpy_mr_dragon_bone_0
wh3_dlc27_settlement_nor_chaos_altar_und_special_gate_1	derpy_effect_region_resource_dragon_bone_production	building_to_building_own	2.0000	1.0000	0.0000	derpy_mr_dragon_bone_0
wh3_dlc27_settlement_nor_chaos_altar_und_special_gate_2	derpy_effect_region_resource_dragon_bone_production	building_to_building_own	3.0000	2.0000	0.0000	derpy_mr_dragon_bone_0
wh3_dlc27_settlement_nor_chaos_altar_und_special_gate_3	derpy_effect_region_resource_dragon_bone_production	building_to_building_own	4.0000	2.0000	0.0000	derpy_mr_dragon_bone_0
wh3_dlc27_nor_chaos_altar_und_minor_human_port_1	derpy_effect_region_resource_dragon_bone_production	building_to_building_own	2.0000	1.0000	0.0000	derpy_mr_dragon_bone_0
wh3_dlc27_nor_chaos_altar_und_minor_human_port_2	derpy_effect_region_resource_dragon_bone_production	building_to_building_own	3.0000	2.0000	0.0000	derpy_mr_dragon_bone_0
wh3_dlc27_nor_chaos_altar_und_minor_human_port_3	derpy_effect_region_resource_dragon_bone_production	building_to_building_own	4.0000	2.0000	0.0000	derpy_mr_dragon_bone_0
wh3_dlc29_settlement_woc_nurgle_garden_ruins	derpy_effect_region_resource_dragon_bone_production	building_to_building_own	2.0000	1.0000	0.0000	derpy_mr_dragon_bone_0
wh3_dlc29_settlement_woc_nurgle_garden_1	derpy_effect_region_resource_dragon_bone_production	building_to_building_own	3.0000	2.0000	0.0000	derpy_mr_dragon_bone_0
wh3_dlc29_settlement_woc_nurgle_garden_2	derpy_effect_region_resource_dragon_bone_production	building_to_building_own	4.0000	2.0000	0.0000	derpy_mr_dragon_bone_0
wh3_dlc29_settlement_woc_nurgle_garden_3	derpy_effect_region_resource_dragon_bone_production	building_to_building_own	5.0000	3.0000	0.0000	derpy_mr_dragon_bone_0
wh3_dlc29_settlement_woc_nurgle_garden_4	derpy_effect_region_resource_dragon_bone_production	building_to_building_own	6.0000	3.0000	0.0000	derpy_mr_dragon_bone_0
wh3_dlc29_settlement_woc_nurgle_garden_5	derpy_effect_region_resource_dragon_bone_production	building_to_building_own	6.0000	3.0000	0.0000	derpy_mr_dragon_bone_0
wh3_dlc29_settlement_woc_nurgle_garden_minor_ruins	derpy_effect_region_resource_dragon_bone_production	building_to_building_own	2.0000	1.0000	0.0000	derpy_mr_dragon_bone_0
wh3_dlc29_settlement_woc_nurgle_garden_minor_1	derpy_effect_region_resource_dragon_bone_production	building_to_building_own	3.0000	2.0000	0.0000	derpy_mr_dragon_bone_0
wh3_dlc29_settlement_woc_nurgle_garden_minor_2	derpy_effect_region_resource_dragon_bone_production	building_to_building_own	4.0000	2.0000	0.0000	derpy_mr_dragon_bone_0
wh3_dlc29_settlement_woc_nurgle_garden_minor_3	derpy_effect_region_resource_dragon_bone_production	building_to_building_own	5.0000	3.0000	0.0000	derpy_mr_dragon_bone_0
wh3_dlc29_special_settlement_middenheim_1_emp	derpy_effect_region_resource_dragon_bone_production	building_to_building_own	2.0000	1.0000	0.0000	derpy_mr_dragon_bone_0
wh3_dlc29_special_settlement_middenheim_2_emp	derpy_effect_region_resource_dragon_bone_production	building_to_building_own	3.0000	2.0000	0.0000	derpy_mr_dragon_bone_0
wh3_dlc29_special_settlement_middenheim_3_emp	derpy_effect_region_resource_dragon_bone_production	building_to_building_own	4.0000	2.0000	0.0000	derpy_mr_dragon_bone_0
wh3_dlc29_special_settlement_middenheim_4_emp	derpy_effect_region_resource_dragon_bone_production	building_to_building_own	5.0000	3.0000	0.0000	derpy_mr_dragon_bone_0
wh3_dlc29_special_settlement_middenheim_5_emp	derpy_effect_region_resource_dragon_bone_production	building_to_building_own	6.0000	3.0000	0.0000	derpy_mr_dragon_bone_0
wh3_main_chs_settlement_minor_1	derpy_effect_region_resource_dragon_bone_production	building_to_building_own	2.0000	1.0000	0.0000	derpy_mr_dragon_bone_0
wh3_main_chs_settlement_minor_2	derpy_effect_region_resource_dragon_bone_production	building_to_building_own	3.0000	2.0000	0.0000	derpy_mr_dragon_bone_0
wh3_main_chs_settlement_minor_3	derpy_effect_region_resource_dragon_bone_production	building_to_building_own	4.0000	2.0000	0.0000	derpy_mr_dragon_bone_0
wh3_main_cth_bastion_primary_1	derpy_effect_region_resource_dragon_bone_production	building_to_building_own	2.0000	1.0000	0.0000	derpy_mr_dragon_bone_0
wh3_main_cth_bastion_primary_2	derpy_effect_region_resource_dragon_bone_production	building_to_building_own	3.0000	2.0000	0.0000	derpy_mr_dragon_bone_0
wh3_main_cth_bastion_primary_3	derpy_effect_region_resource_dragon_bone_production	building_to_building_own	4.0000	2.0000	0.0000	derpy_mr_dragon_bone_0
wh3_main_cth_bastion_primary_4	derpy_effect_region_resource_dragon_bone_production	building_to_building_own	5.0000	3.0000	0.0000	derpy_mr_dragon_bone_0
wh3_main_cth_bastion_primary_5	derpy_effect_region_resource_dragon_bone_production	building_to_building_own	6.0000	3.0000	0.0000	derpy_mr_dragon_bone_0
wh3_main_cth_settlement_major_1	derpy_effect_region_resource_dragon_bone_production	building_to_building_own	2.0000	1.0000	0.0000	derpy_mr_dragon_bone_0
wh3_main_cth_settlement_major_2	derpy_effect_region_resource_dragon_bone_production	building_to_building_own	3.0000	2.0000	0.0000	derpy_mr_dragon_bone_0
wh3_main_cth_settlement_major_3	derpy_effect_region_resource_dragon_bone_production	building_to_building_own	4.0000	2.0000	0.0000	derpy_mr_dragon_bone_0
wh3_main_cth_settlement_major_4	derpy_effect_region_resource_dragon_bone_production	building_to_building_own	5.0000	3.0000	0.0000	derpy_mr_dragon_bone_0
wh3_main_cth_settlement_major_5	derpy_effect_region_resource_dragon_bone_production	building_to_building_own	6.0000	3.0000	0.0000	derpy_mr_dragon_bone_0
wh3_main_cth_settlement_minor_1	derpy_effect_region_resource_dragon_bone_production	building_to_building_own	2.0000	1.0000	0.0000	derpy_mr_dragon_bone_0
wh3_main_cth_settlement_minor_2	derpy_effect_region_resource_dragon_bone_production	building_to_building_own	3.0000	2.0000	0.0000	derpy_mr_dragon_bone_0
wh3_main_cth_settlement_minor_3	derpy_effect_region_resource_dragon_bone_production	building_to_building_own	4.0000	2.0000	0.0000	derpy_mr_dragon_bone_0
wh3_main_ksl_erengrad_city_1	derpy_effect_region_resource_dragon_bone_production	building_to_building_own	2.0000	1.0000	0.0000	derpy_mr_dragon_bone_0
wh3_main_ksl_erengrad_city_2	derpy_effect_region_resource_dragon_bone_production	building_to_building_own	3.0000	2.0000	0.0000	derpy_mr_dragon_bone_0
wh3_main_ksl_erengrad_city_3	derpy_effect_region_resource_dragon_bone_production	building_to_building_own	4.0000	2.0000	0.0000	derpy_mr_dragon_bone_0
wh3_main_ksl_erengrad_city_4	derpy_effect_region_resource_dragon_bone_production	building_to_building_own	5.0000	3.0000	0.0000	derpy_mr_dragon_bone_0
wh3_main_ksl_erengrad_city_5	derpy_effect_region_resource_dragon_bone_production	building_to_building_own	6.0000	3.0000	0.0000	derpy_mr_dragon_bone_0
wh3_main_ksl_kislev_city_1	derpy_effect_region_resource_dragon_bone_production	building_to_building_own	2.0000	1.0000	0.0000	derpy_mr_dragon_bone_0
wh3_main_ksl_kislev_city_2	derpy_effect_region_resource_dragon_bone_production	building_to_building_own	3.0000	2.0000	0.0000	derpy_mr_dragon_bone_0
wh3_main_ksl_kislev_city_3	derpy_effect_region_resource_dragon_bone_production	building_to_building_own	4.0000	2.0000	0.0000	derpy_mr_dragon_bone_0
wh3_main_ksl_kislev_city_4	derpy_effect_region_resource_dragon_bone_production	building_to_building_own	5.0000	3.0000	0.0000	derpy_mr_dragon_bone_0
wh3_main_ksl_kislev_city_5	derpy_effect_region_resource_dragon_bone_production	building_to_building_own	6.0000	3.0000	0.0000	derpy_mr_dragon_bone_0
wh3_main_ksl_praag_city_1	derpy_effect_region_resource_dragon_bone_production	building_to_building_own	2.0000	1.0000	0.0000	derpy_mr_dragon_bone_0
wh3_main_ksl_praag_city_2	derpy_effect_region_resource_dragon_bone_production	building_to_building_own	3.0000	2.0000	0.0000	derpy_mr_dragon_bone_0
wh3_main_ksl_praag_city_3	derpy_effect_region_resource_dragon_bone_production	building_to_building_own	4.0000	2.0000	0.0000	derpy_mr_dragon_bone_0
wh3_main_ksl_praag_city_4	derpy_effect_region_resource_dragon_bone_production	building_to_building_own	5.0000	3.0000	0.0000	derpy_mr_dragon_bone_0
wh3_main_ksl_praag_city_5	derpy_effect_region_resource_dragon_bone_production	building_to_building_own	6.0000	3.0000	0.0000	derpy_mr_dragon_bone_0
wh3_main_ksl_settlement_major_1	derpy_effect_region_resource_dragon_bone_production	building_to_building_own	2.0000	1.0000	0.0000	derpy_mr_dragon_bone_0
wh3_main_ksl_settlement_major_2	derpy_effect_region_resource_dragon_bone_production	building_to_building_own	3.0000	2.0000	0.0000	derpy_mr_dragon_bone_0
wh3_main_ksl_settlement_major_3	derpy_effect_region_resource_dragon_bone_production	building_to_building_own	4.0000	2.0000	0.0000	derpy_mr_dragon_bone_0
wh3_main_ksl_settlement_major_4	derpy_effect_region_resource_dragon_bone_production	building_to_building_own	5.0000	3.0000	0.0000	derpy_mr_dragon_bone_0
wh3_main_ksl_settlement_major_5	derpy_effect_region_resource_dragon_bone_production	building_to_building_own	6.0000	3.0000	0.0000	derpy_mr_dragon_bone_0
wh3_main_ksl_settlement_minor_1	derpy_effect_region_resource_dragon_bone_production	building_to_building_own	2.0000	1.0000	0.0000	derpy_mr_dragon_bone_0
wh3_main_ksl_settlement_minor_2	derpy_effect_region_resource_dragon_bone_production	building_to_building_own	3.0000	2.0000	0.0000	derpy_mr_dragon_bone_0
wh3_main_ksl_settlement_minor_3	derpy_effect_region_resource_dragon_bone_production	building_to_building_own	4.0000	2.0000	0.0000	derpy_mr_dragon_bone_0
wh3_main_ogr_settlement_major_1	derpy_effect_region_resource_dragon_bone_production	building_to_building_own	2.0000	1.0000	0.0000	derpy_mr_dragon_bone_0
wh3_main_ogr_settlement_major_2	derpy_effect_region_resource_dragon_bone_production	building_to_building_own	3.0000	2.0000	0.0000	derpy_mr_dragon_bone_0
wh3_main_ogr_settlement_major_3	derpy_effect_region_resource_dragon_bone_production	building_to_building_own	4.0000	2.0000	0.0000	derpy_mr_dragon_bone_0
wh3_main_ogr_settlement_minor_1	derpy_effect_region_resource_dragon_bone_production	building_to_building_own	2.0000	1.0000	0.0000	derpy_mr_dragon_bone_0
wh3_main_ogr_settlement_minor_2	derpy_effect_region_resource_dragon_bone_production	building_to_building_own	3.0000	2.0000	0.0000	derpy_mr_dragon_bone_0
wh3_main_ogr_settlement_minor_3	derpy_effect_region_resource_dragon_bone_production	building_to_building_own	4.0000	2.0000	0.0000	derpy_mr_dragon_bone_0
wh3_main_special_settlement_wei_jin_1_wef	derpy_effect_region_resource_dragon_bone_production	building_to_building_own	2.0000	1.0000	0.0000	derpy_mr_dragon_bone_0
wh3_main_special_settlement_zharr_naggrund_1_wef	derpy_effect_region_resource_dragon_bone_production	building_to_building_own	2.0000	1.0000	0.0000	derpy_mr_dragon_bone_0
wh3_main_special_settlement_bastion_other_1	derpy_effect_region_resource_dragon_bone_production	building_to_building_own	2.0000	1.0000	0.0000	derpy_mr_dragon_bone_0
wh3_main_special_settlement_bastion_other_2	derpy_effect_region_resource_dragon_bone_production	building_to_building_own	3.0000	2.0000	0.0000	derpy_mr_dragon_bone_0
wh3_main_special_settlement_bastion_other_3	derpy_effect_region_resource_dragon_bone_production	building_to_building_own	4.0000	2.0000	0.0000	derpy_mr_dragon_bone_0
wh3_main_special_settlement_bastion_other_4	derpy_effect_region_resource_dragon_bone_production	building_to_building_own	5.0000	3.0000	0.0000	derpy_mr_dragon_bone_0
wh3_main_special_settlement_bastion_other_5	derpy_effect_region_resource_dragon_bone_production	building_to_building_own	6.0000	3.0000	0.0000	derpy_mr_dragon_bone_0
wh2_main_special_empire_fort_untainted_1	derpy_effect_region_resource_dragon_bone_production	building_to_building_own	2.0000	1.0000	0.0000	derpy_mr_dragon_bone_0
wh2_main_special_empire_fort_untainted_2	derpy_effect_region_resource_dragon_bone_production	building_to_building_own	3.0000	2.0000	0.0000	derpy_mr_dragon_bone_0
wh2_main_special_empire_fort_untainted_3	derpy_effect_region_resource_dragon_bone_production	building_to_building_own	4.0000	2.0000	0.0000	derpy_mr_dragon_bone_0
wh2_main_special_empire_fort_untainted_4	derpy_effect_region_resource_dragon_bone_production	building_to_building_own	5.0000	3.0000	0.0000	derpy_mr_dragon_bone_0
wh2_main_special_empire_fort_untainted_5	derpy_effect_region_resource_dragon_bone_production	building_to_building_own	6.0000	3.0000	0.0000	derpy_mr_dragon_bone_0
wh3_main_special_settlement_silver_pinnacle_1	derpy_effect_region_resource_dragon_bone_production	building_to_building_own	2.0000	1.0000	0.0000	derpy_mr_dragon_bone_0
wh3_main_special_settlement_silver_pinnacle_2	derpy_effect_region_resource_dragon_bone_production	building_to_building_own	3.0000	2.0000	0.0000	derpy_mr_dragon_bone_0
wh3_main_special_settlement_silver_pinnacle_3	derpy_effect_region_resource_dragon_bone_production	building_to_building_own	4.0000	2.0000	0.0000	derpy_mr_dragon_bone_0
wh3_main_special_settlement_silver_pinnacle_4	derpy_effect_region_resource_dragon_bone_production	building_to_building_own	5.0000	3.0000	0.0000	derpy_mr_dragon_bone_0
wh3_main_special_settlement_silver_pinnacle_5	derpy_effect_region_resource_dragon_bone_production	building_to_building_own	6.0000	3.0000	0.0000	derpy_mr_dragon_bone_0
wh_main_special_settlement_wei_jin_1	derpy_effect_region_resource_dragon_bone_production	building_to_building_own	2.0000	1.0000	0.0000	derpy_mr_dragon_bone_0
wh_main_special_settlement_wei_jin_2	derpy_effect_region_resource_dragon_bone_production	building_to_building_own	3.0000	2.0000	0.0000	derpy_mr_dragon_bone_0
wh_main_special_settlement_wei_jin_3	derpy_effect_region_resource_dragon_bone_production	building_to_building_own	4.0000	2.0000	0.0000	derpy_mr_dragon_bone_0
wh_main_special_settlement_wei_jin_4	derpy_effect_region_resource_dragon_bone_production	building_to_building_own	5.0000	3.0000	0.0000	derpy_mr_dragon_bone_0
wh_main_special_settlement_wei_jin_5	derpy_effect_region_resource_dragon_bone_production	building_to_building_own	6.0000	3.0000	0.0000	derpy_mr_dragon_bone_0
wh_dlc05_wef_outpost_major_human_1	derpy_effect_region_resource_dragon_bone_production	building_to_building_own	2.0000	1.0000	0.0000	derpy_mr_dragon_bone_0
wh_dlc05_special_settlement_altdorf_1_wef	derpy_effect_region_resource_dragon_bone_production	building_to_building_own	2.0000	1.0000	0.0000	derpy_mr_dragon_bone_0
wh_dlc05_special_settlement_black_crag_1_wef	derpy_effect_region_resource_dragon_bone_production	building_to_building_own	2.0000	1.0000	0.0000	derpy_mr_dragon_bone_0
wh_dlc05_special_settlement_castle_drakenhof_1_wef	derpy_effect_region_resource_dragon_bone_production	building_to_building_own	2.0000	1.0000	0.0000	derpy_mr_dragon_bone_0
wh_dlc05_special_settlement_couronne_1_wef	derpy_effect_region_resource_dragon_bone_production	building_to_building_own	2.0000	1.0000	0.0000	derpy_mr_dragon_bone_0
wh_dlc05_special_settlement_eight_peaks_1_wef	derpy_effect_region_resource_dragon_bone_production	building_to_building_own	2.0000	1.0000	0.0000	derpy_mr_dragon_bone_0
wh_dlc05_special_settlement_karaz_a_karak_1_wef	derpy_effect_region_resource_dragon_bone_production	building_to_building_own	2.0000	1.0000	0.0000	derpy_mr_dragon_bone_0
wh_dlc05_special_settlement_kislev_1_wef	derpy_effect_region_resource_dragon_bone_production	building_to_building_own	2.0000	1.0000	0.0000	derpy_mr_dragon_bone_0
wh_dlc05_special_settlement_miragliano_1_wef	derpy_effect_region_resource_dragon_bone_production	building_to_building_own	2.0000	1.0000	0.0000	derpy_mr_dragon_bone_0
wh_dlc05_wef_oak_of_ages_1	derpy_effect_region_resource_dragon_bone_production	building_to_building_own	2.0000	1.0000	0.0000	derpy_mr_dragon_bone_0
wh_dlc05_wef_oak_of_ages_2	derpy_effect_region_resource_dragon_bone_production	building_to_building_own	3.0000	2.0000	0.0000	derpy_mr_dragon_bone_0
wh_dlc05_wef_oak_of_ages_3	derpy_effect_region_resource_dragon_bone_production	building_to_building_own	4.0000	2.0000	0.0000	derpy_mr_dragon_bone_0
wh_dlc05_wef_oak_of_ages_4	derpy_effect_region_resource_dragon_bone_production	building_to_building_own	5.0000	3.0000	0.0000	derpy_mr_dragon_bone_0
wh_dlc05_wef_oak_of_ages_5	derpy_effect_region_resource_dragon_bone_production	building_to_building_own	6.0000	3.0000	0.0000	derpy_mr_dragon_bone_0
wh_dlc05_wef_settlement_major_main_1	derpy_effect_region_resource_dragon_bone_production	building_to_building_own	2.0000	1.0000	0.0000	derpy_mr_dragon_bone_0
wh_dlc05_wef_settlement_major_main_2	derpy_effect_region_resource_dragon_bone_production	building_to_building_own	3.0000	2.0000	0.0000	derpy_mr_dragon_bone_0
wh_dlc05_wef_settlement_major_main_3	derpy_effect_region_resource_dragon_bone_production	building_to_building_own	4.0000	2.0000	0.0000	derpy_mr_dragon_bone_0
wh_dlc05_wef_settlement_major_main_4	derpy_effect_region_resource_dragon_bone_production	building_to_building_own	5.0000	3.0000	0.0000	derpy_mr_dragon_bone_0
wh_dlc05_wef_settlement_major_main_5	derpy_effect_region_resource_dragon_bone_production	building_to_building_own	6.0000	3.0000	0.0000	derpy_mr_dragon_bone_0
wh_main_grn_settlement_major_1_skarsnik	derpy_effect_region_resource_dragon_bone_production	building_to_building_own	2.0000	1.0000	0.0000	derpy_mr_dragon_bone_0
wh_main_grn_settlement_major_2_skarsnik	derpy_effect_region_resource_dragon_bone_production	building_to_building_own	3.0000	2.0000	0.0000	derpy_mr_dragon_bone_0
wh_main_grn_settlement_major_3_skarsnik	derpy_effect_region_resource_dragon_bone_production	building_to_building_own	4.0000	2.0000	0.0000	derpy_mr_dragon_bone_0
wh_main_grn_settlement_major_4_skarsnik	derpy_effect_region_resource_dragon_bone_production	building_to_building_own	5.0000	3.0000	0.0000	derpy_mr_dragon_bone_0
wh_main_grn_settlement_major_5_skarsnik	derpy_effect_region_resource_dragon_bone_production	building_to_building_own	6.0000	3.0000	0.0000	derpy_mr_dragon_bone_0
wh_main_grn_settlement_major_1_wurrzag	derpy_effect_region_resource_dragon_bone_production	building_to_building_own	2.0000	1.0000	0.0000	derpy_mr_dragon_bone_0
wh_main_grn_settlement_major_2_wurrzag	derpy_effect_region_resource_dragon_bone_production	building_to_building_own	3.0000	2.0000	0.0000	derpy_mr_dragon_bone_0
wh_main_grn_settlement_major_3_wurrzag	derpy_effect_region_resource_dragon_bone_production	building_to_building_own	4.0000	2.0000	0.0000	derpy_mr_dragon_bone_0
wh_main_grn_settlement_major_4_wurrzag	derpy_effect_region_resource_dragon_bone_production	building_to_building_own	5.0000	3.0000	0.0000	derpy_mr_dragon_bone_0
wh_main_grn_settlement_major_5_wurrzag	derpy_effect_region_resource_dragon_bone_production	building_to_building_own	6.0000	3.0000	0.0000	derpy_mr_dragon_bone_0
wh_main_grn_settlement_minor_1_skarsnik	derpy_effect_region_resource_dragon_bone_production	building_to_building_own	2.0000	1.0000	0.0000	derpy_mr_dragon_bone_0
wh_main_grn_settlement_minor_2_skarsnik	derpy_effect_region_resource_dragon_bone_production	building_to_building_own	3.0000	2.0000	0.0000	derpy_mr_dragon_bone_0
wh_main_grn_settlement_minor_3_skarsnik	derpy_effect_region_resource_dragon_bone_production	building_to_building_own	4.0000	2.0000	0.0000	derpy_mr_dragon_bone_0
wh_main_grn_settlement_minor_1_wurrzag	derpy_effect_region_resource_dragon_bone_production	building_to_building_own	2.0000	1.0000	0.0000	derpy_mr_dragon_bone_0
wh_main_grn_settlement_minor_2_wurrzag	derpy_effect_region_resource_dragon_bone_production	building_to_building_own	3.0000	2.0000	0.0000	derpy_mr_dragon_bone_0
wh_main_grn_settlement_minor_3_wurrzag	derpy_effect_region_resource_dragon_bone_production	building_to_building_own	4.0000	2.0000	0.0000	derpy_mr_dragon_bone_0
wh_main_brt_settlement_major_1	derpy_effect_region_resource_dragon_bone_production	building_to_building_own	2.0000	1.0000	0.0000	derpy_mr_dragon_bone_0
wh_main_brt_settlement_major_2	derpy_effect_region_resource_dragon_bone_production	building_to_building_own	3.0000	2.0000	0.0000	derpy_mr_dragon_bone_0
wh_main_brt_settlement_major_3	derpy_effect_region_resource_dragon_bone_production	building_to_building_own	4.0000	2.0000	0.0000	derpy_mr_dragon_bone_0
wh_main_brt_settlement_major_4	derpy_effect_region_resource_dragon_bone_production	building_to_building_own	5.0000	3.0000	0.0000	derpy_mr_dragon_bone_0
wh_main_brt_settlement_major_5	derpy_effect_region_resource_dragon_bone_production	building_to_building_own	6.0000	3.0000	0.0000	derpy_mr_dragon_bone_0
wh_main_brt_settlement_minor_1	derpy_effect_region_resource_dragon_bone_production	building_to_building_own	2.0000	1.0000	0.0000	derpy_mr_dragon_bone_0
wh_main_brt_settlement_minor_2	derpy_effect_region_resource_dragon_bone_production	building_to_building_own	3.0000	2.0000	0.0000	derpy_mr_dragon_bone_0
wh_main_brt_settlement_minor_3	derpy_effect_region_resource_dragon_bone_production	building_to_building_own	4.0000	2.0000	0.0000	derpy_mr_dragon_bone_0
wh_main_dwf_settlement_major_1	derpy_effect_region_resource_dragon_bone_production	building_to_building_own	2.0000	1.0000	0.0000	derpy_mr_dragon_bone_0
wh_main_dwf_settlement_major_2	derpy_effect_region_resource_dragon_bone_production	building_to_building_own	3.0000	2.0000	0.0000	derpy_mr_dragon_bone_0
wh_main_dwf_settlement_major_3	derpy_effect_region_resource_dragon_bone_production	building_to_building_own	4.0000	2.0000	0.0000	derpy_mr_dragon_bone_0
wh_main_dwf_settlement_major_4	derpy_effect_region_resource_dragon_bone_production	building_to_building_own	5.0000	3.0000	0.0000	derpy_mr_dragon_bone_0
wh_main_dwf_settlement_major_5	derpy_effect_region_resource_dragon_bone_production	building_to_building_own	6.0000	3.0000	0.0000	derpy_mr_dragon_bone_0
wh_main_dwf_settlement_minor_1	derpy_effect_region_resource_dragon_bone_production	building_to_building_own	2.0000	1.0000	0.0000	derpy_mr_dragon_bone_0
wh_main_dwf_settlement_minor_2	derpy_effect_region_resource_dragon_bone_production	building_to_building_own	3.0000	2.0000	0.0000	derpy_mr_dragon_bone_0
wh_main_dwf_settlement_minor_3	derpy_effect_region_resource_dragon_bone_production	building_to_building_own	4.0000	2.0000	0.0000	derpy_mr_dragon_bone_0
wh_main_emp_settlement_major_1	derpy_effect_region_resource_dragon_bone_production	building_to_building_own	2.0000	1.0000	0.0000	derpy_mr_dragon_bone_0
wh_main_emp_settlement_major_2	derpy_effect_region_resource_dragon_bone_production	building_to_building_own	3.0000	2.0000	0.0000	derpy_mr_dragon_bone_0
wh_main_emp_settlement_major_3	derpy_effect_region_resource_dragon_bone_production	building_to_building_own	4.0000	2.0000	0.0000	derpy_mr_dragon_bone_0
wh_main_emp_settlement_major_4	derpy_effect_region_resource_dragon_bone_production	building_to_building_own	5.0000	3.0000	0.0000	derpy_mr_dragon_bone_0
wh_main_emp_settlement_major_5	derpy_effect_region_resource_dragon_bone_production	building_to_building_own	6.0000	3.0000	0.0000	derpy_mr_dragon_bone_0
wh_main_emp_settlement_minor_1	derpy_effect_region_resource_dragon_bone_production	building_to_building_own	2.0000	1.0000	0.0000	derpy_mr_dragon_bone_0
wh_main_emp_settlement_minor_2	derpy_effect_region_resource_dragon_bone_production	building_to_building_own	3.0000	2.0000	0.0000	derpy_mr_dragon_bone_0
wh_main_emp_settlement_minor_3	derpy_effect_region_resource_dragon_bone_production	building_to_building_own	4.0000	2.0000	0.0000	derpy_mr_dragon_bone_0
wh_main_grn_settlement_major_1	derpy_effect_region_resource_dragon_bone_production	building_to_building_own	2.0000	1.0000	0.0000	derpy_mr_dragon_bone_0
wh_main_grn_settlement_major_2	derpy_effect_region_resource_dragon_bone_production	building_to_building_own	3.0000	2.0000	0.0000	derpy_mr_dragon_bone_0
wh_main_grn_settlement_major_3	derpy_effect_region_resource_dragon_bone_production	building_to_building_own	4.0000	2.0000	0.0000	derpy_mr_dragon_bone_0
wh_main_grn_settlement_major_4	derpy_effect_region_resource_dragon_bone_production	building_to_building_own	5.0000	3.0000	0.0000	derpy_mr_dragon_bone_0
wh_main_grn_settlement_major_5	derpy_effect_region_resource_dragon_bone_production	building_to_building_own	6.0000	3.0000	0.0000	derpy_mr_dragon_bone_0
wh_main_grn_settlement_minor_1	derpy_effect_region_resource_dragon_bone_production	building_to_building_own	2.0000	1.0000	0.0000	derpy_mr_dragon_bone_0
wh_main_grn_settlement_minor_2	derpy_effect_region_resource_dragon_bone_production	building_to_building_own	3.0000	2.0000	0.0000	derpy_mr_dragon_bone_0
wh_main_grn_settlement_minor_3	derpy_effect_region_resource_dragon_bone_production	building_to_building_own	4.0000	2.0000	0.0000	derpy_mr_dragon_bone_0
wh_main_nor_settlement_major_1	derpy_effect_region_resource_dragon_bone_production	building_to_building_own	2.0000	1.0000	0.0000	derpy_mr_dragon_bone_0
wh_main_nor_settlement_major_2	derpy_effect_region_resource_dragon_bone_production	building_to_building_own	3.0000	2.0000	0.0000	derpy_mr_dragon_bone_0
wh_main_nor_settlement_major_3	derpy_effect_region_resource_dragon_bone_production	building_to_building_own	4.0000	2.0000	0.0000	derpy_mr_dragon_bone_0
wh_main_nor_settlement_major_4	derpy_effect_region_resource_dragon_bone_production	building_to_building_own	5.0000	3.0000	0.0000	derpy_mr_dragon_bone_0
wh_main_nor_settlement_major_5	derpy_effect_region_resource_dragon_bone_production	building_to_building_own	6.0000	3.0000	0.0000	derpy_mr_dragon_bone_0
wh_main_nor_settlement_minor_1	derpy_effect_region_resource_dragon_bone_production	building_to_building_own	2.0000	1.0000	0.0000	derpy_mr_dragon_bone_0
wh_main_nor_settlement_minor_2	derpy_effect_region_resource_dragon_bone_production	building_to_building_own	3.0000	2.0000	0.0000	derpy_mr_dragon_bone_0
wh_main_nor_settlement_minor_3	derpy_effect_region_resource_dragon_bone_production	building_to_building_own	4.0000	2.0000	0.0000	derpy_mr_dragon_bone_0
wh_main_savage_settlement_major_1	derpy_effect_region_resource_dragon_bone_production	building_to_building_own	2.0000	1.0000	0.0000	derpy_mr_dragon_bone_0
wh_main_savage_settlement_major_2	derpy_effect_region_resource_dragon_bone_production	building_to_building_own	3.0000	2.0000	0.0000	derpy_mr_dragon_bone_0
wh_main_savage_settlement_major_3	derpy_effect_region_resource_dragon_bone_production	building_to_building_own	4.0000	2.0000	0.0000	derpy_mr_dragon_bone_0
wh_main_savage_settlement_minor_1	derpy_effect_region_resource_dragon_bone_production	building_to_building_own	2.0000	1.0000	0.0000	derpy_mr_dragon_bone_0
wh_main_savage_settlement_minor_2	derpy_effect_region_resource_dragon_bone_production	building_to_building_own	3.0000	2.0000	0.0000	derpy_mr_dragon_bone_0
wh_main_savage_settlement_minor_3	derpy_effect_region_resource_dragon_bone_production	building_to_building_own	4.0000	2.0000	0.0000	derpy_mr_dragon_bone_0
wh_main_vmp_settlement_major_1	derpy_effect_region_resource_dragon_bone_production	building_to_building_own	2.0000	1.0000	0.0000	derpy_mr_dragon_bone_0
wh_main_vmp_settlement_major_2	derpy_effect_region_resource_dragon_bone_production	building_to_building_own	3.0000	2.0000	0.0000	derpy_mr_dragon_bone_0
wh_main_vmp_settlement_major_3	derpy_effect_region_resource_dragon_bone_production	building_to_building_own	4.0000	2.0000	0.0000	derpy_mr_dragon_bone_0
wh_main_vmp_settlement_major_4	derpy_effect_region_resource_dragon_bone_production	building_to_building_own	5.0000	3.0000	0.0000	derpy_mr_dragon_bone_0
wh_main_vmp_settlement_major_5	derpy_effect_region_resource_dragon_bone_production	building_to_building_own	6.0000	3.0000	0.0000	derpy_mr_dragon_bone_0
wh_main_vmp_settlement_minor_1	derpy_effect_region_resource_dragon_bone_production	building_to_building_own	2.0000	1.0000	0.0000	derpy_mr_dragon_bone_0
wh_main_vmp_settlement_minor_2	derpy_effect_region_resource_dragon_bone_production	building_to_building_own	3.0000	2.0000	0.0000	derpy_mr_dragon_bone_0
wh_main_vmp_settlement_minor_3	derpy_effect_region_resource_dragon_bone_production	building_to_building_own	4.0000	2.0000	0.0000	derpy_mr_dragon_bone_0
wh_main_special_settlement_altdorf_1_emp	derpy_effect_region_resource_dragon_bone_production	building_to_building_own	2.0000	1.0000	0.0000	derpy_mr_dragon_bone_0
wh_main_special_settlement_altdorf_2_emp	derpy_effect_region_resource_dragon_bone_production	building_to_building_own	3.0000	2.0000	0.0000	derpy_mr_dragon_bone_0
wh_main_special_settlement_altdorf_3_emp	derpy_effect_region_resource_dragon_bone_production	building_to_building_own	4.0000	2.0000	0.0000	derpy_mr_dragon_bone_0
wh_main_special_settlement_altdorf_4_emp	derpy_effect_region_resource_dragon_bone_production	building_to_building_own	5.0000	3.0000	0.0000	derpy_mr_dragon_bone_0
wh_main_special_settlement_altdorf_5_emp	derpy_effect_region_resource_dragon_bone_production	building_to_building_own	6.0000	3.0000	0.0000	derpy_mr_dragon_bone_0
wh_main_special_settlement_altdorf_1_vmp	derpy_effect_region_resource_dragon_bone_production	building_to_building_own	2.0000	1.0000	0.0000	derpy_mr_dragon_bone_0
wh_main_special_settlement_altdorf_2_vmp	derpy_effect_region_resource_dragon_bone_production	building_to_building_own	3.0000	2.0000	0.0000	derpy_mr_dragon_bone_0
wh_main_special_settlement_altdorf_3_vmp	derpy_effect_region_resource_dragon_bone_production	building_to_building_own	4.0000	2.0000	0.0000	derpy_mr_dragon_bone_0
wh_main_special_settlement_altdorf_4_vmp	derpy_effect_region_resource_dragon_bone_production	building_to_building_own	5.0000	3.0000	0.0000	derpy_mr_dragon_bone_0
wh_main_special_settlement_altdorf_5_vmp	derpy_effect_region_resource_dragon_bone_production	building_to_building_own	6.0000	3.0000	0.0000	derpy_mr_dragon_bone_0
wh_main_special_settlement_black_crag_1_grn	derpy_effect_region_resource_dragon_bone_production	building_to_building_own	2.0000	1.0000	0.0000	derpy_mr_dragon_bone_0
wh_main_special_settlement_black_crag_2_grn	derpy_effect_region_resource_dragon_bone_production	building_to_building_own	3.0000	2.0000	0.0000	derpy_mr_dragon_bone_0
wh_main_special_settlement_black_crag_3_grn	derpy_effect_region_resource_dragon_bone_production	building_to_building_own	4.0000	2.0000	0.0000	derpy_mr_dragon_bone_0
wh_main_special_settlement_black_crag_4_grn	derpy_effect_region_resource_dragon_bone_production	building_to_building_own	5.0000	3.0000	0.0000	derpy_mr_dragon_bone_0
wh_main_special_settlement_black_crag_5_grn	derpy_effect_region_resource_dragon_bone_production	building_to_building_own	6.0000	3.0000	0.0000	derpy_mr_dragon_bone_0
wh_main_special_settlement_black_crag_1_dwf	derpy_effect_region_resource_dragon_bone_production	building_to_building_own	2.0000	1.0000	0.0000	derpy_mr_dragon_bone_0
wh_main_special_settlement_black_crag_2_dwf	derpy_effect_region_resource_dragon_bone_production	building_to_building_own	3.0000	2.0000	0.0000	derpy_mr_dragon_bone_0
wh_main_special_settlement_black_crag_3_dwf	derpy_effect_region_resource_dragon_bone_production	building_to_building_own	4.0000	2.0000	0.0000	derpy_mr_dragon_bone_0
wh_main_special_settlement_black_crag_4_dwf	derpy_effect_region_resource_dragon_bone_production	building_to_building_own	5.0000	3.0000	0.0000	derpy_mr_dragon_bone_0
wh_main_special_settlement_black_crag_5_dwf	derpy_effect_region_resource_dragon_bone_production	building_to_building_own	6.0000	3.0000	0.0000	derpy_mr_dragon_bone_0
wh_main_special_settlement_black_crag_1_savage	derpy_effect_region_resource_dragon_bone_production	building_to_building_own	2.0000	1.0000	0.0000	derpy_mr_dragon_bone_0
wh_main_special_settlement_black_crag_2_savage	derpy_effect_region_resource_dragon_bone_production	building_to_building_own	3.0000	2.0000	0.0000	derpy_mr_dragon_bone_0
wh_main_special_settlement_black_crag_3_savage	derpy_effect_region_resource_dragon_bone_production	building_to_building_own	4.0000	2.0000	0.0000	derpy_mr_dragon_bone_0
wh_main_special_settlement_castle_drakenhof_1_vmp	derpy_effect_region_resource_dragon_bone_production	building_to_building_own	2.0000	1.0000	0.0000	derpy_mr_dragon_bone_0
wh_main_special_settlement_castle_drakenhof_2_vmp	derpy_effect_region_resource_dragon_bone_production	building_to_building_own	3.0000	2.0000	0.0000	derpy_mr_dragon_bone_0
wh_main_special_settlement_castle_drakenhof_3_vmp	derpy_effect_region_resource_dragon_bone_production	building_to_building_own	4.0000	2.0000	0.0000	derpy_mr_dragon_bone_0
wh_main_special_settlement_castle_drakenhof_4_vmp	derpy_effect_region_resource_dragon_bone_production	building_to_building_own	5.0000	3.0000	0.0000	derpy_mr_dragon_bone_0
wh_main_special_settlement_castle_drakenhof_5_vmp	derpy_effect_region_resource_dragon_bone_production	building_to_building_own	6.0000	3.0000	0.0000	derpy_mr_dragon_bone_0
wh_main_special_settlement_castle_drakenhof_1_brt	derpy_effect_region_resource_dragon_bone_production	building_to_building_own	2.0000	1.0000	0.0000	derpy_mr_dragon_bone_0
wh_main_special_settlement_castle_drakenhof_2_brt	derpy_effect_region_resource_dragon_bone_production	building_to_building_own	3.0000	2.0000	0.0000	derpy_mr_dragon_bone_0
wh_main_special_settlement_castle_drakenhof_3_brt	derpy_effect_region_resource_dragon_bone_production	building_to_building_own	4.0000	2.0000	0.0000	derpy_mr_dragon_bone_0
wh_main_special_settlement_castle_drakenhof_4_brt	derpy_effect_region_resource_dragon_bone_production	building_to_building_own	5.0000	3.0000	0.0000	derpy_mr_dragon_bone_0
wh_main_special_settlement_castle_drakenhof_5_brt	derpy_effect_region_resource_dragon_bone_production	building_to_building_own	6.0000	3.0000	0.0000	derpy_mr_dragon_bone_0
wh_main_special_settlement_castle_drakenhof_1_emp	derpy_effect_region_resource_dragon_bone_production	building_to_building_own	2.0000	1.0000	0.0000	derpy_mr_dragon_bone_0
wh_main_special_settlement_castle_drakenhof_2_emp	derpy_effect_region_resource_dragon_bone_production	building_to_building_own	3.0000	2.0000	0.0000	derpy_mr_dragon_bone_0
wh_main_special_settlement_castle_drakenhof_3_emp	derpy_effect_region_resource_dragon_bone_production	building_to_building_own	4.0000	2.0000	0.0000	derpy_mr_dragon_bone_0
wh_main_special_settlement_castle_drakenhof_4_emp	derpy_effect_region_resource_dragon_bone_production	building_to_building_own	5.0000	3.0000	0.0000	derpy_mr_dragon_bone_0
wh_main_special_settlement_castle_drakenhof_5_emp	derpy_effect_region_resource_dragon_bone_production	building_to_building_own	6.0000	3.0000	0.0000	derpy_mr_dragon_bone_0
wh_main_special_settlement_couronne_1_brt	derpy_effect_region_resource_dragon_bone_production	building_to_building_own	2.0000	1.0000	0.0000	derpy_mr_dragon_bone_0
wh_main_special_settlement_couronne_2_brt	derpy_effect_region_resource_dragon_bone_production	building_to_building_own	3.0000	2.0000	0.0000	derpy_mr_dragon_bone_0
wh_main_special_settlement_couronne_3_brt	derpy_effect_region_resource_dragon_bone_production	building_to_building_own	4.0000	2.0000	0.0000	derpy_mr_dragon_bone_0
wh_main_special_settlement_couronne_4_brt	derpy_effect_region_resource_dragon_bone_production	building_to_building_own	5.0000	3.0000	0.0000	derpy_mr_dragon_bone_0
wh_main_special_settlement_couronne_5_brt	derpy_effect_region_resource_dragon_bone_production	building_to_building_own	6.0000	3.0000	0.0000	derpy_mr_dragon_bone_0
wh_main_special_settlement_couronne_1_emp	derpy_effect_region_resource_dragon_bone_production	building_to_building_own	2.0000	1.0000	0.0000	derpy_mr_dragon_bone_0
wh_main_special_settlement_couronne_2_emp	derpy_effect_region_resource_dragon_bone_production	building_to_building_own	3.0000	2.0000	0.0000	derpy_mr_dragon_bone_0
wh_main_special_settlement_couronne_3_emp	derpy_effect_region_resource_dragon_bone_production	building_to_building_own	4.0000	2.0000	0.0000	derpy_mr_dragon_bone_0
wh_main_special_settlement_couronne_4_emp	derpy_effect_region_resource_dragon_bone_production	building_to_building_own	5.0000	3.0000	0.0000	derpy_mr_dragon_bone_0
wh_main_special_settlement_couronne_5_emp	derpy_effect_region_resource_dragon_bone_production	building_to_building_own	6.0000	3.0000	0.0000	derpy_mr_dragon_bone_0
wh_main_special_settlement_couronne_1_vmp	derpy_effect_region_resource_dragon_bone_production	building_to_building_own	2.0000	1.0000	0.0000	derpy_mr_dragon_bone_0
wh_main_special_settlement_couronne_2_vmp	derpy_effect_region_resource_dragon_bone_production	building_to_building_own	3.0000	2.0000	0.0000	derpy_mr_dragon_bone_0
wh_main_special_settlement_couronne_3_vmp	derpy_effect_region_resource_dragon_bone_production	building_to_building_own	4.0000	2.0000	0.0000	derpy_mr_dragon_bone_0
wh_main_special_settlement_couronne_4_vmp	derpy_effect_region_resource_dragon_bone_production	building_to_building_own	5.0000	3.0000	0.0000	derpy_mr_dragon_bone_0
wh_main_special_settlement_couronne_5_vmp	derpy_effect_region_resource_dragon_bone_production	building_to_building_own	6.0000	3.0000	0.0000	derpy_mr_dragon_bone_0
wh_main_special_settlement_eight_peaks_1_grn	derpy_effect_region_resource_dragon_bone_production	building_to_building_own	2.0000	1.0000	0.0000	derpy_mr_dragon_bone_0
wh_main_special_settlement_eight_peaks_2_grn	derpy_effect_region_resource_dragon_bone_production	building_to_building_own	3.0000	2.0000	0.0000	derpy_mr_dragon_bone_0
wh_main_special_settlement_eight_peaks_3_grn	derpy_effect_region_resource_dragon_bone_production	building_to_building_own	4.0000	2.0000	0.0000	derpy_mr_dragon_bone_0
wh_main_special_settlement_eight_peaks_4_grn	derpy_effect_region_resource_dragon_bone_production	building_to_building_own	5.0000	3.0000	0.0000	derpy_mr_dragon_bone_0
wh_main_special_settlement_eight_peaks_5_grn	derpy_effect_region_resource_dragon_bone_production	building_to_building_own	6.0000	3.0000	0.0000	derpy_mr_dragon_bone_0
wh_main_special_settlement_eight_peaks_1_dwf	derpy_effect_region_resource_dragon_bone_production	building_to_building_own	2.0000	1.0000	0.0000	derpy_mr_dragon_bone_0
wh_main_special_settlement_eight_peaks_2_dwf	derpy_effect_region_resource_dragon_bone_production	building_to_building_own	3.0000	2.0000	0.0000	derpy_mr_dragon_bone_0
wh_main_special_settlement_eight_peaks_3_dwf	derpy_effect_region_resource_dragon_bone_production	building_to_building_own	4.0000	2.0000	0.0000	derpy_mr_dragon_bone_0
wh_main_special_settlement_eight_peaks_4_dwf	derpy_effect_region_resource_dragon_bone_production	building_to_building_own	5.0000	3.0000	0.0000	derpy_mr_dragon_bone_0
wh_main_special_settlement_eight_peaks_5_dwf	derpy_effect_region_resource_dragon_bone_production	building_to_building_own	6.0000	3.0000	0.0000	derpy_mr_dragon_bone_0
wh_main_special_settlement_eight_peaks_1_savage	derpy_effect_region_resource_dragon_bone_production	building_to_building_own	2.0000	1.0000	0.0000	derpy_mr_dragon_bone_0
wh_main_special_settlement_eight_peaks_2_savage	derpy_effect_region_resource_dragon_bone_production	building_to_building_own	3.0000	2.0000	0.0000	derpy_mr_dragon_bone_0
wh_main_special_settlement_eight_peaks_3_savage	derpy_effect_region_resource_dragon_bone_production	building_to_building_own	4.0000	2.0000	0.0000	derpy_mr_dragon_bone_0
wh_main_special_settlement_karaz_a_karak_1_dwf	derpy_effect_region_resource_dragon_bone_production	building_to_building_own	2.0000	1.0000	0.0000	derpy_mr_dragon_bone_0
wh_main_special_settlement_karaz_a_karak_2_dwf	derpy_effect_region_resource_dragon_bone_production	building_to_building_own	3.0000	2.0000	0.0000	derpy_mr_dragon_bone_0
wh_main_special_settlement_karaz_a_karak_3_dwf	derpy_effect_region_resource_dragon_bone_production	building_to_building_own	4.0000	2.0000	0.0000	derpy_mr_dragon_bone_0
wh_main_special_settlement_karaz_a_karak_4_dwf	derpy_effect_region_resource_dragon_bone_production	building_to_building_own	5.0000	3.0000	0.0000	derpy_mr_dragon_bone_0
wh_main_special_settlement_karaz_a_karak_5_dwf	derpy_effect_region_resource_dragon_bone_production	building_to_building_own	6.0000	3.0000	0.0000	derpy_mr_dragon_bone_0
wh_main_special_settlement_karaz_a_karak_1_grn	derpy_effect_region_resource_dragon_bone_production	building_to_building_own	2.0000	1.0000	0.0000	derpy_mr_dragon_bone_0
wh_main_special_settlement_karaz_a_karak_2_grn	derpy_effect_region_resource_dragon_bone_production	building_to_building_own	3.0000	2.0000	0.0000	derpy_mr_dragon_bone_0
wh_main_special_settlement_karaz_a_karak_3_grn	derpy_effect_region_resource_dragon_bone_production	building_to_building_own	4.0000	2.0000	0.0000	derpy_mr_dragon_bone_0
wh_main_special_settlement_karaz_a_karak_4_grn	derpy_effect_region_resource_dragon_bone_production	building_to_building_own	5.0000	3.0000	0.0000	derpy_mr_dragon_bone_0
wh_main_special_settlement_karaz_a_karak_5_grn	derpy_effect_region_resource_dragon_bone_production	building_to_building_own	6.0000	3.0000	0.0000	derpy_mr_dragon_bone_0
wh_main_special_settlement_karaz_a_karak_1_savage	derpy_effect_region_resource_dragon_bone_production	building_to_building_own	2.0000	1.0000	0.0000	derpy_mr_dragon_bone_0
wh_main_special_settlement_karaz_a_karak_2_savage	derpy_effect_region_resource_dragon_bone_production	building_to_building_own	3.0000	2.0000	0.0000	derpy_mr_dragon_bone_0
wh_main_special_settlement_karaz_a_karak_3_savage	derpy_effect_region_resource_dragon_bone_production	building_to_building_own	4.0000	2.0000	0.0000	derpy_mr_dragon_bone_0
wh_main_special_settlement_miragliano_1_teb	derpy_effect_region_resource_dragon_bone_production	building_to_building_own	2.0000	1.0000	0.0000	derpy_mr_dragon_bone_0
wh_main_special_settlement_miragliano_2_teb	derpy_effect_region_resource_dragon_bone_production	building_to_building_own	3.0000	2.0000	0.0000	derpy_mr_dragon_bone_0
wh_main_special_settlement_miragliano_3_teb	derpy_effect_region_resource_dragon_bone_production	building_to_building_own	4.0000	2.0000	0.0000	derpy_mr_dragon_bone_0
wh_main_special_settlement_miragliano_4_teb	derpy_effect_region_resource_dragon_bone_production	building_to_building_own	5.0000	3.0000	0.0000	derpy_mr_dragon_bone_0
wh_main_special_settlement_miragliano_5_teb	derpy_effect_region_resource_dragon_bone_production	building_to_building_own	6.0000	3.0000	0.0000	derpy_mr_dragon_bone_0
wh_main_special_settlement_miragliano_1_brt	derpy_effect_region_resource_dragon_bone_production	building_to_building_own	2.0000	1.0000	0.0000	derpy_mr_dragon_bone_0
wh_main_special_settlement_miragliano_2_brt	derpy_effect_region_resource_dragon_bone_production	building_to_building_own	3.0000	2.0000	0.0000	derpy_mr_dragon_bone_0
wh_main_special_settlement_miragliano_3_brt	derpy_effect_region_resource_dragon_bone_production	building_to_building_own	4.0000	2.0000	0.0000	derpy_mr_dragon_bone_0
wh_main_special_settlement_miragliano_4_brt	derpy_effect_region_resource_dragon_bone_production	building_to_building_own	5.0000	3.0000	0.0000	derpy_mr_dragon_bone_0
wh_main_special_settlement_miragliano_5_brt	derpy_effect_region_resource_dragon_bone_production	building_to_building_own	6.0000	3.0000	0.0000	derpy_mr_dragon_bone_0
wh_main_special_settlement_miragliano_1_emp	derpy_effect_region_resource_dragon_bone_production	building_to_building_own	2.0000	1.0000	0.0000	derpy_mr_dragon_bone_0
wh_main_special_settlement_miragliano_2_emp	derpy_effect_region_resource_dragon_bone_production	building_to_building_own	3.0000	2.0000	0.0000	derpy_mr_dragon_bone_0
wh_main_special_settlement_miragliano_3_emp	derpy_effect_region_resource_dragon_bone_production	building_to_building_own	4.0000	2.0000	0.0000	derpy_mr_dragon_bone_0
wh_main_special_settlement_miragliano_4_emp	derpy_effect_region_resource_dragon_bone_production	building_to_building_own	5.0000	3.0000	0.0000	derpy_mr_dragon_bone_0
wh_main_special_settlement_miragliano_5_emp	derpy_effect_region_resource_dragon_bone_production	building_to_building_own	6.0000	3.0000	0.0000	derpy_mr_dragon_bone_0
wh2_main_lzd_farm_1	derpy_effect_region_resource_lustrian_plumes_production	building_to_building_own	6.0000	3.0000	0.0000	derpy_mr_lustrian_plumes_0
wh2_main_lzd_farm_2	derpy_effect_region_resource_lustrian_plumes_production	building_to_building_own	8.0000	4.0000	0.0000	derpy_mr_lustrian_plumes_0
wh2_main_lzd_farm_3	derpy_effect_region_resource_lustrian_plumes_production	building_to_building_own	12.0000	6.0000	0.0000	derpy_mr_lustrian_plumes_0
wh3_main_ogr_farm_1	derpy_effect_region_resource_lustrian_plumes_production	building_to_building_own	6.0000	3.0000	0.0000	derpy_mr_lustrian_plumes_0
wh3_main_ogr_farm_2	derpy_effect_region_resource_lustrian_plumes_production	building_to_building_own	8.0000	4.0000	0.0000	derpy_mr_lustrian_plumes_0
wh3_main_ogr_farm_3	derpy_effect_region_resource_lustrian_plumes_production	building_to_building_own	12.0000	6.0000	0.0000	derpy_mr_lustrian_plumes_0
wh_dlc05_wef_growth_1	derpy_effect_region_resource_lustrian_plumes_production	building_to_building_own	6.0000	3.0000	0.0000	derpy_mr_lustrian_plumes_0
wh_dlc05_wef_growth_2	derpy_effect_region_resource_lustrian_plumes_production	building_to_building_own	8.0000	4.0000	0.0000	derpy_mr_lustrian_plumes_0
wh_dlc05_wef_growth_3	derpy_effect_region_resource_lustrian_plumes_production	building_to_building_own	12.0000	6.0000	0.0000	derpy_mr_lustrian_plumes_0
wh2_main_lzd_farm_1	derpy_effect_region_resource_black_lotus_production	building_to_building_own	3.0000	2.0000	0.0000	derpy_mr_black_lotus_0
wh2_main_lzd_farm_2	derpy_effect_region_resource_black_lotus_production	building_to_building_own	4.0000	2.0000	0.0000	derpy_mr_black_lotus_0
wh2_main_lzd_farm_3	derpy_effect_region_resource_black_lotus_production	building_to_building_own	6.0000	3.0000	0.0000	derpy_mr_black_lotus_0
wh3_main_ogr_farm_1	derpy_effect_region_resource_black_lotus_production	building_to_building_own	3.0000	2.0000	0.0000	derpy_mr_black_lotus_0
wh3_main_ogr_farm_2	derpy_effect_region_resource_black_lotus_production	building_to_building_own	4.0000	2.0000	0.0000	derpy_mr_black_lotus_0
wh3_main_ogr_farm_3	derpy_effect_region_resource_black_lotus_production	building_to_building_own	6.0000	3.0000	0.0000	derpy_mr_black_lotus_0
wh_dlc05_wef_growth_1	derpy_effect_region_resource_black_lotus_production	building_to_building_own	3.0000	2.0000	0.0000	derpy_mr_black_lotus_0
wh_dlc05_wef_growth_2	derpy_effect_region_resource_black_lotus_production	building_to_building_own	4.0000	2.0000	0.0000	derpy_mr_black_lotus_0
wh_dlc05_wef_growth_3	derpy_effect_region_resource_black_lotus_production	building_to_building_own	6.0000	3.0000	0.0000	derpy_mr_black_lotus_0
wh2_main_def_farm_1	derpy_effect_region_resource_black_lotus_production	building_to_building_own	3.0000	2.0000	0.0000	derpy_mr_black_lotus_1
wh2_main_def_farm_2	derpy_effect_region_resource_black_lotus_production	building_to_building_own	4.0000	2.0000	0.0000	derpy_mr_black_lotus_1
wh2_main_def_farm_3	derpy_effect_region_resource_black_lotus_production	building_to_building_own	6.0000	3.0000	0.0000	derpy_mr_black_lotus_1
wh2_main_hef_farm_1	derpy_effect_region_resource_black_lotus_production	building_to_building_own	3.0000	2.0000	0.0000	derpy_mr_black_lotus_1
wh2_main_hef_farm_2	derpy_effect_region_resource_black_lotus_production	building_to_building_own	4.0000	2.0000	0.0000	derpy_mr_black_lotus_1
wh2_main_hef_farm_3	derpy_effect_region_resource_black_lotus_production	building_to_building_own	6.0000	3.0000	0.0000	derpy_mr_black_lotus_1
wh3_main_ksl_growth_xp_1	derpy_effect_region_resource_black_lotus_production	building_to_building_own	3.0000	2.0000	0.0000	derpy_mr_black_lotus_1
wh3_main_ksl_growth_xp_2	derpy_effect_region_resource_black_lotus_production	building_to_building_own	4.0000	2.0000	0.0000	derpy_mr_black_lotus_1
wh3_main_ksl_growth_xp_3	derpy_effect_region_resource_black_lotus_production	building_to_building_own	6.0000	3.0000	0.0000	derpy_mr_black_lotus_1
wh_main_brt_farm_1	derpy_effect_region_resource_black_lotus_production	building_to_building_own	3.0000	2.0000	0.0000	derpy_mr_black_lotus_1
wh_main_brt_farm_2	derpy_effect_region_resource_black_lotus_production	building_to_building_own	4.0000	2.0000	0.0000	derpy_mr_black_lotus_1
wh_main_brt_farm_3	derpy_effect_region_resource_black_lotus_production	building_to_building_own	6.0000	3.0000	0.0000	derpy_mr_black_lotus_1
wh_main_brt_farm_extra_1	derpy_effect_region_resource_black_lotus_production	building_to_building_own	3.0000	2.0000	0.0000	derpy_mr_black_lotus_1
wh_main_brt_farm_extra_2	derpy_effect_region_resource_black_lotus_production	building_to_building_own	4.0000	2.0000	0.0000	derpy_mr_black_lotus_1
wh_main_dwf_farm_1	derpy_effect_region_resource_black_lotus_production	building_to_building_own	3.0000	2.0000	0.0000	derpy_mr_black_lotus_1
wh_main_dwf_farm_2	derpy_effect_region_resource_black_lotus_production	building_to_building_own	4.0000	2.0000	0.0000	derpy_mr_black_lotus_1
wh_main_dwf_farm_3	derpy_effect_region_resource_black_lotus_production	building_to_building_own	6.0000	3.0000	0.0000	derpy_mr_black_lotus_1
wh_main_emp_farm_basic_1	derpy_effect_region_resource_black_lotus_production	building_to_building_own	3.0000	2.0000	0.0000	derpy_mr_black_lotus_1
wh_main_emp_farm_basic_2	derpy_effect_region_resource_black_lotus_production	building_to_building_own	4.0000	2.0000	0.0000	derpy_mr_black_lotus_1
wh_main_emp_farm_basic_3	derpy_effect_region_resource_black_lotus_production	building_to_building_own	6.0000	3.0000	0.0000	derpy_mr_black_lotus_1
wh2_main_def_farm_1	derpy_effect_region_resource_incense_production	building_to_building_own	6.0000	3.0000	0.0000	derpy_mr_incense_0
wh2_main_def_farm_2	derpy_effect_region_resource_incense_production	building_to_building_own	8.0000	4.0000	0.0000	derpy_mr_incense_0
wh2_main_def_farm_3	derpy_effect_region_resource_incense_production	building_to_building_own	12.0000	6.0000	0.0000	derpy_mr_incense_0
wh2_main_hef_farm_1	derpy_effect_region_resource_incense_production	building_to_building_own	6.0000	3.0000	0.0000	derpy_mr_incense_0
wh2_main_hef_farm_2	derpy_effect_region_resource_incense_production	building_to_building_own	8.0000	4.0000	0.0000	derpy_mr_incense_0
wh2_main_hef_farm_3	derpy_effect_region_resource_incense_production	building_to_building_own	12.0000	6.0000	0.0000	derpy_mr_incense_0
wh3_main_ksl_growth_xp_1	derpy_effect_region_resource_incense_production	building_to_building_own	6.0000	3.0000	0.0000	derpy_mr_incense_0
wh3_main_ksl_growth_xp_2	derpy_effect_region_resource_incense_production	building_to_building_own	8.0000	4.0000	0.0000	derpy_mr_incense_0
wh3_main_ksl_growth_xp_3	derpy_effect_region_resource_incense_production	building_to_building_own	12.0000	6.0000	0.0000	derpy_mr_incense_0
wh_main_brt_farm_1	derpy_effect_region_resource_incense_production	building_to_building_own	6.0000	3.0000	0.0000	derpy_mr_incense_0
wh_main_brt_farm_2	derpy_effect_region_resource_incense_production	building_to_building_own	8.0000	4.0000	0.0000	derpy_mr_incense_0
wh_main_brt_farm_3	derpy_effect_region_resource_incense_production	building_to_building_own	12.0000	6.0000	0.0000	derpy_mr_incense_0
wh_main_brt_farm_extra_1	derpy_effect_region_resource_incense_production	building_to_building_own	6.0000	3.0000	0.0000	derpy_mr_incense_0
wh_main_brt_farm_extra_2	derpy_effect_region_resource_incense_production	building_to_building_own	8.0000	4.0000	0.0000	derpy_mr_incense_0
wh_main_dwf_farm_1	derpy_effect_region_resource_incense_production	building_to_building_own	6.0000	3.0000	0.0000	derpy_mr_incense_0
wh_main_dwf_farm_2	derpy_effect_region_resource_incense_production	building_to_building_own	8.0000	4.0000	0.0000	derpy_mr_incense_0
wh_main_dwf_farm_3	derpy_effect_region_resource_incense_production	building_to_building_own	12.0000	6.0000	0.0000	derpy_mr_incense_0
wh_main_emp_farm_basic_1	derpy_effect_region_resource_incense_production	building_to_building_own	6.0000	3.0000	0.0000	derpy_mr_incense_0
wh_main_emp_farm_basic_2	derpy_effect_region_resource_incense_production	building_to_building_own	8.0000	4.0000	0.0000	derpy_mr_incense_0
wh_main_emp_farm_basic_3	derpy_effect_region_resource_incense_production	building_to_building_own	12.0000	6.0000	0.0000	derpy_mr_incense_0
wh2_main_lzd_farm_1	derpy_effect_region_resource_salted_meat_production	building_to_building_own	6.0000	3.0000	0.0000	derpy_mr_salted_meat_0
wh2_main_lzd_farm_2	derpy_effect_region_resource_salted_meat_production	building_to_building_own	8.0000	4.0000	0.0000	derpy_mr_salted_meat_0
wh2_main_lzd_farm_3	derpy_effect_region_resource_salted_meat_production	building_to_building_own	12.0000	6.0000	0.0000	derpy_mr_salted_meat_0
wh3_main_ogr_farm_1	derpy_effect_region_resource_salted_meat_production	building_to_building_own	6.0000	3.0000	0.0000	derpy_mr_salted_meat_0
wh3_main_ogr_farm_2	derpy_effect_region_resource_salted_meat_production	building_to_building_own	8.0000	4.0000	0.0000	derpy_mr_salted_meat_0
wh3_main_ogr_farm_3	derpy_effect_region_resource_salted_meat_production	building_to_building_own	12.0000	6.0000	0.0000	derpy_mr_salted_meat_0
wh_dlc05_wef_growth_1	derpy_effect_region_resource_salted_meat_production	building_to_building_own	6.0000	3.0000	0.0000	derpy_mr_salted_meat_0
wh_dlc05_wef_growth_2	derpy_effect_region_resource_salted_meat_production	building_to_building_own	8.0000	4.0000	0.0000	derpy_mr_salted_meat_0
wh_dlc05_wef_growth_3	derpy_effect_region_resource_salted_meat_production	building_to_building_own	12.0000	6.0000	0.0000	derpy_mr_salted_meat_0
wh2_main_def_farm_1	derpy_effect_region_resource_salted_meat_production	building_to_building_own	6.0000	3.0000	0.0000	derpy_mr_salted_meat_1
wh2_main_def_farm_2	derpy_effect_region_resource_salted_meat_production	building_to_building_own	8.0000	4.0000	0.0000	derpy_mr_salted_meat_1
wh2_main_def_farm_3	derpy_effect_region_resource_salted_meat_production	building_to_building_own	12.0000	6.0000	0.0000	derpy_mr_salted_meat_1
wh2_main_hef_farm_1	derpy_effect_region_resource_salted_meat_production	building_to_building_own	6.0000	3.0000	0.0000	derpy_mr_salted_meat_1
wh2_main_hef_farm_2	derpy_effect_region_resource_salted_meat_production	building_to_building_own	8.0000	4.0000	0.0000	derpy_mr_salted_meat_1
wh2_main_hef_farm_3	derpy_effect_region_resource_salted_meat_production	building_to_building_own	12.0000	6.0000	0.0000	derpy_mr_salted_meat_1
wh3_main_ksl_growth_xp_1	derpy_effect_region_resource_salted_meat_production	building_to_building_own	6.0000	3.0000	0.0000	derpy_mr_salted_meat_1
wh3_main_ksl_growth_xp_2	derpy_effect_region_resource_salted_meat_production	building_to_building_own	8.0000	4.0000	0.0000	derpy_mr_salted_meat_1
wh3_main_ksl_growth_xp_3	derpy_effect_region_resource_salted_meat_production	building_to_building_own	12.0000	6.0000	0.0000	derpy_mr_salted_meat_1
wh_main_brt_farm_1	derpy_effect_region_resource_salted_meat_production	building_to_building_own	6.0000	3.0000	0.0000	derpy_mr_salted_meat_1
wh_main_brt_farm_2	derpy_effect_region_resource_salted_meat_production	building_to_building_own	8.0000	4.0000	0.0000	derpy_mr_salted_meat_1
wh_main_brt_farm_3	derpy_effect_region_resource_salted_meat_production	building_to_building_own	12.0000	6.0000	0.0000	derpy_mr_salted_meat_1
wh_main_brt_farm_extra_1	derpy_effect_region_resource_salted_meat_production	building_to_building_own	6.0000	3.0000	0.0000	derpy_mr_salted_meat_1
wh_main_brt_farm_extra_2	derpy_effect_region_resource_salted_meat_production	building_to_building_own	8.0000	4.0000	0.0000	derpy_mr_salted_meat_1
wh_main_dwf_farm_1	derpy_effect_region_resource_salted_meat_production	building_to_building_own	6.0000	3.0000	0.0000	derpy_mr_salted_meat_1
wh_main_dwf_farm_2	derpy_effect_region_resource_salted_meat_production	building_to_building_own	8.0000	4.0000	0.0000	derpy_mr_salted_meat_1
wh_main_dwf_farm_3	derpy_effect_region_resource_salted_meat_production	building_to_building_own	12.0000	6.0000	0.0000	derpy_mr_salted_meat_1
wh_main_emp_farm_basic_1	derpy_effect_region_resource_salted_meat_production	building_to_building_own	6.0000	3.0000	0.0000	derpy_mr_salted_meat_1
wh_main_emp_farm_basic_2	derpy_effect_region_resource_salted_meat_production	building_to_building_own	8.0000	4.0000	0.0000	derpy_mr_salted_meat_1
wh_main_emp_farm_basic_3	derpy_effect_region_resource_salted_meat_production	building_to_building_own	12.0000	6.0000	0.0000	derpy_mr_salted_meat_1
wh2_main_def_industry_1	derpy_effect_region_resource_carpets_production	building_to_building_own	6.0000	3.0000	0.0000	derpy_mr_carpets_0
wh2_main_def_industry_2	derpy_effect_region_resource_carpets_production	building_to_building_own	8.0000	4.0000	0.0000	derpy_mr_carpets_0
wh2_main_def_industry_3	derpy_effect_region_resource_carpets_production	building_to_building_own	12.0000	6.0000	0.0000	derpy_mr_carpets_0
wh2_main_hef_industry_1	derpy_effect_region_resource_carpets_production	building_to_building_own	6.0000	3.0000	0.0000	derpy_mr_carpets_0
wh2_main_hef_industry_2	derpy_effect_region_resource_carpets_production	building_to_building_own	8.0000	4.0000	0.0000	derpy_mr_carpets_0
wh2_main_hef_industry_3	derpy_effect_region_resource_carpets_production	building_to_building_own	12.0000	6.0000	0.0000	derpy_mr_carpets_0
wh2_main_lzd_industry_1	derpy_effect_region_resource_carpets_production	building_to_building_own	6.0000	3.0000	0.0000	derpy_mr_carpets_0
wh2_main_lzd_industry_2	derpy_effect_region_resource_carpets_production	building_to_building_own	8.0000	4.0000	0.0000	derpy_mr_carpets_0
wh2_main_lzd_industry_3	derpy_effect_region_resource_carpets_production	building_to_building_own	12.0000	6.0000	0.0000	derpy_mr_carpets_0
wh3_main_cth_income_yang_1	derpy_effect_region_resource_carpets_production	building_to_building_own	6.0000	3.0000	0.0000	derpy_mr_carpets_0
wh3_main_cth_income_yang_2	derpy_effect_region_resource_carpets_production	building_to_building_own	8.0000	4.0000	0.0000	derpy_mr_carpets_0
wh3_main_cth_income_yang_3	derpy_effect_region_resource_carpets_production	building_to_building_own	12.0000	6.0000	0.0000	derpy_mr_carpets_0
wh3_main_cth_income_yin_1	derpy_effect_region_resource_carpets_production	building_to_building_own	6.0000	3.0000	0.0000	derpy_mr_carpets_0
wh3_main_cth_income_yin_2	derpy_effect_region_resource_carpets_production	building_to_building_own	8.0000	4.0000	0.0000	derpy_mr_carpets_0
wh3_main_cth_income_yin_3	derpy_effect_region_resource_carpets_production	building_to_building_own	12.0000	6.0000	0.0000	derpy_mr_carpets_0
wh3_main_ksl_trade_order_1	derpy_effect_region_resource_carpets_production	building_to_building_own	6.0000	3.0000	0.0000	derpy_mr_carpets_0
wh3_main_ksl_trade_order_2	derpy_effect_region_resource_carpets_production	building_to_building_own	8.0000	4.0000	0.0000	derpy_mr_carpets_0
wh3_main_ksl_trade_order_3	derpy_effect_region_resource_carpets_production	building_to_building_own	12.0000	6.0000	0.0000	derpy_mr_carpets_0
wh3_main_ksl_trade_order_4	derpy_effect_region_resource_carpets_production	building_to_building_own	12.0000	6.0000	0.0000	derpy_mr_carpets_0
wh3_main_ksl_trade_order_5	derpy_effect_region_resource_carpets_production	building_to_building_own	12.0000	6.0000	0.0000	derpy_mr_carpets_0
wh_main_brt_industry_basic_1	derpy_effect_region_resource_carpets_production	building_to_building_own	6.0000	3.0000	0.0000	derpy_mr_carpets_0
wh_main_brt_industry_basic_2	derpy_effect_region_resource_carpets_production	building_to_building_own	8.0000	4.0000	0.0000	derpy_mr_carpets_0
wh_main_brt_industry_basic_3	derpy_effect_region_resource_carpets_production	building_to_building_own	12.0000	6.0000	0.0000	derpy_mr_carpets_0
wh_main_emp_industry_basic_1	derpy_effect_region_resource_carpets_production	building_to_building_own	6.0000	3.0000	0.0000	derpy_mr_carpets_0
wh_main_emp_industry_basic_2	derpy_effect_region_resource_carpets_production	building_to_building_own	8.0000	4.0000	0.0000	derpy_mr_carpets_0
wh_main_emp_industry_basic_3	derpy_effect_region_resource_carpets_production	building_to_building_own	12.0000	6.0000	0.0000	derpy_mr_carpets_0
wh3_main_ksl_growth_recruit_cost_1	derpy_effect_region_resource_kvas_production	building_to_building_own	6.0000	3.0000	0.0000	derpy_mr_kvas_0
wh3_main_ksl_growth_recruit_cost_2	derpy_effect_region_resource_kvas_production	building_to_building_own	8.0000	4.0000	0.0000	derpy_mr_kvas_0
wh3_main_ksl_growth_recruit_cost_3	derpy_effect_region_resource_kvas_production	building_to_building_own	12.0000	6.0000	0.0000	derpy_mr_kvas_0
wh2_main_lzd_farm_1	derpy_effect_region_resource_rhinox_hides_production	building_to_building_own	6.0000	3.0000	0.0000	derpy_mr_rhinox_hides_0
wh2_main_lzd_farm_2	derpy_effect_region_resource_rhinox_hides_production	building_to_building_own	8.0000	4.0000	0.0000	derpy_mr_rhinox_hides_0
wh2_main_lzd_farm_3	derpy_effect_region_resource_rhinox_hides_production	building_to_building_own	12.0000	6.0000	0.0000	derpy_mr_rhinox_hides_0
wh3_main_ogr_farm_1	derpy_effect_region_resource_rhinox_hides_production	building_to_building_own	6.0000	3.0000	0.0000	derpy_mr_rhinox_hides_0
wh3_main_ogr_farm_2	derpy_effect_region_resource_rhinox_hides_production	building_to_building_own	8.0000	4.0000	0.0000	derpy_mr_rhinox_hides_0
wh3_main_ogr_farm_3	derpy_effect_region_resource_rhinox_hides_production	building_to_building_own	12.0000	6.0000	0.0000	derpy_mr_rhinox_hides_0
wh_dlc05_wef_growth_1	derpy_effect_region_resource_rhinox_hides_production	building_to_building_own	6.0000	3.0000	0.0000	derpy_mr_rhinox_hides_0
wh_dlc05_wef_growth_2	derpy_effect_region_resource_rhinox_hides_production	building_to_building_own	8.0000	4.0000	0.0000	derpy_mr_rhinox_hides_0
wh_dlc05_wef_growth_3	derpy_effect_region_resource_rhinox_hides_production	building_to_building_own	12.0000	6.0000	0.0000	derpy_mr_rhinox_hides_0
wh2_main_def_farm_1	derpy_effect_region_resource_mead_production	building_to_building_own	6.0000	3.0000	0.0000	derpy_mr_mead_0
wh2_main_def_farm_2	derpy_effect_region_resource_mead_production	building_to_building_own	8.0000	4.0000	0.0000	derpy_mr_mead_0
wh2_main_def_farm_3	derpy_effect_region_resource_mead_production	building_to_building_own	12.0000	6.0000	0.0000	derpy_mr_mead_0
wh2_main_hef_farm_1	derpy_effect_region_resource_mead_production	building_to_building_own	6.0000	3.0000	0.0000	derpy_mr_mead_0
wh2_main_hef_farm_2	derpy_effect_region_resource_mead_production	building_to_building_own	8.0000	4.0000	0.0000	derpy_mr_mead_0
wh2_main_hef_farm_3	derpy_effect_region_resource_mead_production	building_to_building_own	12.0000	6.0000	0.0000	derpy_mr_mead_0
wh3_main_ksl_growth_xp_1	derpy_effect_region_resource_mead_production	building_to_building_own	6.0000	3.0000	0.0000	derpy_mr_mead_0
wh3_main_ksl_growth_xp_2	derpy_effect_region_resource_mead_production	building_to_building_own	8.0000	4.0000	0.0000	derpy_mr_mead_0
wh3_main_ksl_growth_xp_3	derpy_effect_region_resource_mead_production	building_to_building_own	12.0000	6.0000	0.0000	derpy_mr_mead_0
wh_main_brt_farm_1	derpy_effect_region_resource_mead_production	building_to_building_own	6.0000	3.0000	0.0000	derpy_mr_mead_0
wh_main_brt_farm_2	derpy_effect_region_resource_mead_production	building_to_building_own	8.0000	4.0000	0.0000	derpy_mr_mead_0
wh_main_brt_farm_3	derpy_effect_region_resource_mead_production	building_to_building_own	12.0000	6.0000	0.0000	derpy_mr_mead_0
wh_main_brt_farm_extra_1	derpy_effect_region_resource_mead_production	building_to_building_own	6.0000	3.0000	0.0000	derpy_mr_mead_0
wh_main_brt_farm_extra_2	derpy_effect_region_resource_mead_production	building_to_building_own	8.0000	4.0000	0.0000	derpy_mr_mead_0
wh_main_dwf_farm_1	derpy_effect_region_resource_mead_production	building_to_building_own	6.0000	3.0000	0.0000	derpy_mr_mead_0
wh_main_dwf_farm_2	derpy_effect_region_resource_mead_production	building_to_building_own	8.0000	4.0000	0.0000	derpy_mr_mead_0
wh_main_dwf_farm_3	derpy_effect_region_resource_mead_production	building_to_building_own	12.0000	6.0000	0.0000	derpy_mr_mead_0
wh_main_emp_farm_basic_1	derpy_effect_region_resource_mead_production	building_to_building_own	6.0000	3.0000	0.0000	derpy_mr_mead_0
wh_main_emp_farm_basic_2	derpy_effect_region_resource_mead_production	building_to_building_own	8.0000	4.0000	0.0000	derpy_mr_mead_0
wh_main_emp_farm_basic_3	derpy_effect_region_resource_mead_production	building_to_building_own	12.0000	6.0000	0.0000	derpy_mr_mead_0
wh3_dlc27_nor_chaos_altar_und_minor_human_1	derpy_effect_region_resource_mead_production	building_to_building_own	4.0000	2.0000	0.0000	derpy_mr_mead_1
wh3_dlc27_nor_chaos_altar_und_minor_human_2	derpy_effect_region_resource_mead_production	building_to_building_own	6.0000	3.0000	0.0000	derpy_mr_mead_1
wh3_dlc27_nor_chaos_altar_und_minor_human_3	derpy_effect_region_resource_mead_production	building_to_building_own	8.0000	4.0000	0.0000	derpy_mr_mead_1
wh3_dlc27_settlement_nor_chaos_altar_und_special_gate_1	derpy_effect_region_resource_mead_production	building_to_building_own	4.0000	2.0000	0.0000	derpy_mr_mead_1
wh3_dlc27_settlement_nor_chaos_altar_und_special_gate_2	derpy_effect_region_resource_mead_production	building_to_building_own	6.0000	3.0000	0.0000	derpy_mr_mead_1
wh3_dlc27_settlement_nor_chaos_altar_und_special_gate_3	derpy_effect_region_resource_mead_production	building_to_building_own	8.0000	4.0000	0.0000	derpy_mr_mead_1
wh3_dlc27_nor_chaos_altar_und_minor_human_port_1	derpy_effect_region_resource_mead_production	building_to_building_own	4.0000	2.0000	0.0000	derpy_mr_mead_1
wh3_dlc27_nor_chaos_altar_und_minor_human_port_2	derpy_effect_region_resource_mead_production	building_to_building_own	6.0000	3.0000	0.0000	derpy_mr_mead_1
wh3_dlc27_nor_chaos_altar_und_minor_human_port_3	derpy_effect_region_resource_mead_production	building_to_building_own	8.0000	4.0000	0.0000	derpy_mr_mead_1
wh_main_nor_settlement_major_1	derpy_effect_region_resource_mead_production	building_to_building_own	4.0000	2.0000	0.0000	derpy_mr_mead_1
wh_main_nor_settlement_major_2	derpy_effect_region_resource_mead_production	building_to_building_own	6.0000	3.0000	0.0000	derpy_mr_mead_1
wh_main_nor_settlement_major_3	derpy_effect_region_resource_mead_production	building_to_building_own	8.0000	4.0000	0.0000	derpy_mr_mead_1
wh_main_nor_settlement_major_4	derpy_effect_region_resource_mead_production	building_to_building_own	10.0000	5.0000	0.0000	derpy_mr_mead_1
wh_main_nor_settlement_major_5	derpy_effect_region_resource_mead_production	building_to_building_own	12.0000	6.0000	0.0000	derpy_mr_mead_1
wh_main_nor_settlement_minor_1	derpy_effect_region_resource_mead_production	building_to_building_own	4.0000	2.0000	0.0000	derpy_mr_mead_1
wh_main_nor_settlement_minor_2	derpy_effect_region_resource_mead_production	building_to_building_own	6.0000	3.0000	0.0000	derpy_mr_mead_1
wh_main_nor_settlement_minor_3	derpy_effect_region_resource_mead_production	building_to_building_own	8.0000	4.0000	0.0000	derpy_mr_mead_1
wh2_main_def_industry_1	derpy_effect_region_resource_glassware_production	building_to_building_own	6.0000	3.0000	0.0000	derpy_mr_glassware_0
wh2_main_def_industry_2	derpy_effect_region_resource_glassware_production	building_to_building_own	8.0000	4.0000	0.0000	derpy_mr_glassware_0
wh2_main_def_industry_3	derpy_effect_region_resource_glassware_production	building_to_building_own	12.0000	6.0000	0.0000	derpy_mr_glassware_0
wh2_main_hef_industry_1	derpy_effect_region_resource_glassware_production	building_to_building_own	6.0000	3.0000	0.0000	derpy_mr_glassware_0
wh2_main_hef_industry_2	derpy_effect_region_resource_glassware_production	building_to_building_own	8.0000	4.0000	0.0000	derpy_mr_glassware_0
wh2_main_hef_industry_3	derpy_effect_region_resource_glassware_production	building_to_building_own	12.0000	6.0000	0.0000	derpy_mr_glassware_0
wh2_main_lzd_industry_1	derpy_effect_region_resource_glassware_production	building_to_building_own	6.0000	3.0000	0.0000	derpy_mr_glassware_0
wh2_main_lzd_industry_2	derpy_effect_region_resource_glassware_production	building_to_building_own	8.0000	4.0000	0.0000	derpy_mr_glassware_0
wh2_main_lzd_industry_3	derpy_effect_region_resource_glassware_production	building_to_building_own	12.0000	6.0000	0.0000	derpy_mr_glassware_0
wh3_main_cth_income_yang_1	derpy_effect_region_resource_glassware_production	building_to_building_own	6.0000	3.0000	0.0000	derpy_mr_glassware_0
wh3_main_cth_income_yang_2	derpy_effect_region_resource_glassware_production	building_to_building_own	8.0000	4.0000	0.0000	derpy_mr_glassware_0
wh3_main_cth_income_yang_3	derpy_effect_region_resource_glassware_production	building_to_building_own	12.0000	6.0000	0.0000	derpy_mr_glassware_0
wh3_main_cth_income_yin_1	derpy_effect_region_resource_glassware_production	building_to_building_own	6.0000	3.0000	0.0000	derpy_mr_glassware_0
wh3_main_cth_income_yin_2	derpy_effect_region_resource_glassware_production	building_to_building_own	8.0000	4.0000	0.0000	derpy_mr_glassware_0
wh3_main_cth_income_yin_3	derpy_effect_region_resource_glassware_production	building_to_building_own	12.0000	6.0000	0.0000	derpy_mr_glassware_0
wh3_main_ksl_trade_order_1	derpy_effect_region_resource_glassware_production	building_to_building_own	6.0000	3.0000	0.0000	derpy_mr_glassware_0
wh3_main_ksl_trade_order_2	derpy_effect_region_resource_glassware_production	building_to_building_own	8.0000	4.0000	0.0000	derpy_mr_glassware_0
wh3_main_ksl_trade_order_3	derpy_effect_region_resource_glassware_production	building_to_building_own	12.0000	6.0000	0.0000	derpy_mr_glassware_0
wh3_main_ksl_trade_order_4	derpy_effect_region_resource_glassware_production	building_to_building_own	12.0000	6.0000	0.0000	derpy_mr_glassware_0
wh3_main_ksl_trade_order_5	derpy_effect_region_resource_glassware_production	building_to_building_own	12.0000	6.0000	0.0000	derpy_mr_glassware_0
wh_main_brt_industry_basic_1	derpy_effect_region_resource_glassware_production	building_to_building_own	6.0000	3.0000	0.0000	derpy_mr_glassware_0
wh_main_brt_industry_basic_2	derpy_effect_region_resource_glassware_production	building_to_building_own	8.0000	4.0000	0.0000	derpy_mr_glassware_0
wh_main_brt_industry_basic_3	derpy_effect_region_resource_glassware_production	building_to_building_own	12.0000	6.0000	0.0000	derpy_mr_glassware_0
wh_main_emp_industry_basic_1	derpy_effect_region_resource_glassware_production	building_to_building_own	6.0000	3.0000	0.0000	derpy_mr_glassware_0
wh_main_emp_industry_basic_2	derpy_effect_region_resource_glassware_production	building_to_building_own	8.0000	4.0000	0.0000	derpy_mr_glassware_0
wh_main_emp_industry_basic_3	derpy_effect_region_resource_glassware_production	building_to_building_own	12.0000	6.0000	0.0000	derpy_mr_glassware_0
wh2_main_def_farm_1	derpy_effect_region_resource_wool_production	building_to_building_own	6.0000	3.0000	0.0000	derpy_mr_wool_0
wh2_main_def_farm_2	derpy_effect_region_resource_wool_production	building_to_building_own	8.0000	4.0000	0.0000	derpy_mr_wool_0
wh2_main_def_farm_3	derpy_effect_region_resource_wool_production	building_to_building_own	12.0000	6.0000	0.0000	derpy_mr_wool_0
wh2_main_hef_farm_1	derpy_effect_region_resource_wool_production	building_to_building_own	6.0000	3.0000	0.0000	derpy_mr_wool_0
wh2_main_hef_farm_2	derpy_effect_region_resource_wool_production	building_to_building_own	8.0000	4.0000	0.0000	derpy_mr_wool_0
wh2_main_hef_farm_3	derpy_effect_region_resource_wool_production	building_to_building_own	12.0000	6.0000	0.0000	derpy_mr_wool_0
wh3_main_ksl_growth_xp_1	derpy_effect_region_resource_wool_production	building_to_building_own	6.0000	3.0000	0.0000	derpy_mr_wool_0
wh3_main_ksl_growth_xp_2	derpy_effect_region_resource_wool_production	building_to_building_own	8.0000	4.0000	0.0000	derpy_mr_wool_0
wh3_main_ksl_growth_xp_3	derpy_effect_region_resource_wool_production	building_to_building_own	12.0000	6.0000	0.0000	derpy_mr_wool_0
wh_main_brt_farm_1	derpy_effect_region_resource_wool_production	building_to_building_own	6.0000	3.0000	0.0000	derpy_mr_wool_0
wh_main_brt_farm_2	derpy_effect_region_resource_wool_production	building_to_building_own	8.0000	4.0000	0.0000	derpy_mr_wool_0
wh_main_brt_farm_3	derpy_effect_region_resource_wool_production	building_to_building_own	12.0000	6.0000	0.0000	derpy_mr_wool_0
wh_main_brt_farm_extra_1	derpy_effect_region_resource_wool_production	building_to_building_own	6.0000	3.0000	0.0000	derpy_mr_wool_0
wh_main_brt_farm_extra_2	derpy_effect_region_resource_wool_production	building_to_building_own	8.0000	4.0000	0.0000	derpy_mr_wool_0
wh_main_dwf_farm_1	derpy_effect_region_resource_wool_production	building_to_building_own	6.0000	3.0000	0.0000	derpy_mr_wool_0
wh_main_dwf_farm_2	derpy_effect_region_resource_wool_production	building_to_building_own	8.0000	4.0000	0.0000	derpy_mr_wool_0
wh_main_dwf_farm_3	derpy_effect_region_resource_wool_production	building_to_building_own	12.0000	6.0000	0.0000	derpy_mr_wool_0
wh_main_emp_farm_basic_1	derpy_effect_region_resource_wool_production	building_to_building_own	6.0000	3.0000	0.0000	derpy_mr_wool_0
wh_main_emp_farm_basic_2	derpy_effect_region_resource_wool_production	building_to_building_own	8.0000	4.0000	0.0000	derpy_mr_wool_0
wh_main_emp_farm_basic_3	derpy_effect_region_resource_wool_production	building_to_building_own	12.0000	6.0000	0.0000	derpy_mr_wool_0
wh2_main_def_industry_1	derpy_effect_region_resource_porcelain_production	building_to_building_own	6.0000	3.0000	0.0000	derpy_mr_porcelain_0
wh2_main_def_industry_2	derpy_effect_region_resource_porcelain_production	building_to_building_own	8.0000	4.0000	0.0000	derpy_mr_porcelain_0
wh2_main_def_industry_3	derpy_effect_region_resource_porcelain_production	building_to_building_own	12.0000	6.0000	0.0000	derpy_mr_porcelain_0
wh2_main_hef_industry_1	derpy_effect_region_resource_porcelain_production	building_to_building_own	6.0000	3.0000	0.0000	derpy_mr_porcelain_0
wh2_main_hef_industry_2	derpy_effect_region_resource_porcelain_production	building_to_building_own	8.0000	4.0000	0.0000	derpy_mr_porcelain_0
wh2_main_hef_industry_3	derpy_effect_region_resource_porcelain_production	building_to_building_own	12.0000	6.0000	0.0000	derpy_mr_porcelain_0
wh2_main_lzd_industry_1	derpy_effect_region_resource_porcelain_production	building_to_building_own	6.0000	3.0000	0.0000	derpy_mr_porcelain_0
wh2_main_lzd_industry_2	derpy_effect_region_resource_porcelain_production	building_to_building_own	8.0000	4.0000	0.0000	derpy_mr_porcelain_0
wh2_main_lzd_industry_3	derpy_effect_region_resource_porcelain_production	building_to_building_own	12.0000	6.0000	0.0000	derpy_mr_porcelain_0
wh3_main_cth_income_yang_1	derpy_effect_region_resource_porcelain_production	building_to_building_own	6.0000	3.0000	0.0000	derpy_mr_porcelain_0
wh3_main_cth_income_yang_2	derpy_effect_region_resource_porcelain_production	building_to_building_own	8.0000	4.0000	0.0000	derpy_mr_porcelain_0
wh3_main_cth_income_yang_3	derpy_effect_region_resource_porcelain_production	building_to_building_own	12.0000	6.0000	0.0000	derpy_mr_porcelain_0
wh3_main_cth_income_yin_1	derpy_effect_region_resource_porcelain_production	building_to_building_own	6.0000	3.0000	0.0000	derpy_mr_porcelain_0
wh3_main_cth_income_yin_2	derpy_effect_region_resource_porcelain_production	building_to_building_own	8.0000	4.0000	0.0000	derpy_mr_porcelain_0
wh3_main_cth_income_yin_3	derpy_effect_region_resource_porcelain_production	building_to_building_own	12.0000	6.0000	0.0000	derpy_mr_porcelain_0
wh3_main_ksl_trade_order_1	derpy_effect_region_resource_porcelain_production	building_to_building_own	6.0000	3.0000	0.0000	derpy_mr_porcelain_0
wh3_main_ksl_trade_order_2	derpy_effect_region_resource_porcelain_production	building_to_building_own	8.0000	4.0000	0.0000	derpy_mr_porcelain_0
wh3_main_ksl_trade_order_3	derpy_effect_region_resource_porcelain_production	building_to_building_own	12.0000	6.0000	0.0000	derpy_mr_porcelain_0
wh3_main_ksl_trade_order_4	derpy_effect_region_resource_porcelain_production	building_to_building_own	12.0000	6.0000	0.0000	derpy_mr_porcelain_0
wh3_main_ksl_trade_order_5	derpy_effect_region_resource_porcelain_production	building_to_building_own	12.0000	6.0000	0.0000	derpy_mr_porcelain_0
wh_main_brt_industry_basic_1	derpy_effect_region_resource_porcelain_production	building_to_building_own	6.0000	3.0000	0.0000	derpy_mr_porcelain_0
wh_main_brt_industry_basic_2	derpy_effect_region_resource_porcelain_production	building_to_building_own	8.0000	4.0000	0.0000	derpy_mr_porcelain_0
wh_main_brt_industry_basic_3	derpy_effect_region_resource_porcelain_production	building_to_building_own	12.0000	6.0000	0.0000	derpy_mr_porcelain_0
wh_main_emp_industry_basic_1	derpy_effect_region_resource_porcelain_production	building_to_building_own	6.0000	3.0000	0.0000	derpy_mr_porcelain_0
wh_main_emp_industry_basic_2	derpy_effect_region_resource_porcelain_production	building_to_building_own	8.0000	4.0000	0.0000	derpy_mr_porcelain_0
wh_main_emp_industry_basic_3	derpy_effect_region_resource_porcelain_production	building_to_building_own	12.0000	6.0000	0.0000	derpy_mr_porcelain_0
wh2_dlc11_vampirecoast_port_1	derpy_effect_region_resource_pearls_production	building_to_building_own	6.0000	3.0000	0.0000	derpy_mr_pearls_0
wh2_dlc11_vampirecoast_port_2	derpy_effect_region_resource_pearls_production	building_to_building_own	8.0000	4.0000	0.0000	derpy_mr_pearls_0
wh2_dlc11_vampirecoast_port_3	derpy_effect_region_resource_pearls_production	building_to_building_own	12.0000	6.0000	0.0000	derpy_mr_pearls_0
wh2_dlc14_special_copher_port_1	derpy_effect_region_resource_pearls_production	building_to_building_own	6.0000	3.0000	0.0000	derpy_mr_pearls_0
wh2_dlc14_special_copher_port_2	derpy_effect_region_resource_pearls_production	building_to_building_own	8.0000	4.0000	0.0000	derpy_mr_pearls_0
wh2_dlc14_special_copher_port_1_brettonia	derpy_effect_region_resource_pearls_production	building_to_building_own	6.0000	3.0000	0.0000	derpy_mr_pearls_0
wh2_dlc14_special_copher_port_2_bretonnia	derpy_effect_region_resource_pearls_production	building_to_building_own	8.0000	4.0000	0.0000	derpy_mr_pearls_0
wh2_dlc14_special_dragon_isle_port_1	derpy_effect_region_resource_pearls_production	building_to_building_own	6.0000	3.0000	0.0000	derpy_mr_pearls_0
wh2_dlc14_special_dragon_isle_port_2	derpy_effect_region_resource_pearls_production	building_to_building_own	8.0000	4.0000	0.0000	derpy_mr_pearls_0
wh2_dlc14_special_dragon_isle_port_3	derpy_effect_region_resource_pearls_production	building_to_building_own	12.0000	6.0000	0.0000	derpy_mr_pearls_0
wh2_dlc14_special_dragon_isle_port_1_grn	derpy_effect_region_resource_pearls_production	building_to_building_own	6.0000	3.0000	0.0000	derpy_mr_pearls_0
wh2_dlc14_special_dragon_isle_port_2_grn	derpy_effect_region_resource_pearls_production	building_to_building_own	8.0000	4.0000	0.0000	derpy_mr_pearls_0
wh2_dlc14_special_dragon_isle_port_3_grn	derpy_effect_region_resource_pearls_production	building_to_building_own	12.0000	6.0000	0.0000	derpy_mr_pearls_0
wh2_main_def_port_1	derpy_effect_region_resource_pearls_production	building_to_building_own	6.0000	3.0000	0.0000	derpy_mr_pearls_0
wh2_main_def_port_2	derpy_effect_region_resource_pearls_production	building_to_building_own	8.0000	4.0000	0.0000	derpy_mr_pearls_0
wh2_main_def_port_3	derpy_effect_region_resource_pearls_production	building_to_building_own	12.0000	6.0000	0.0000	derpy_mr_pearls_0
wh2_main_hef_port_1	derpy_effect_region_resource_pearls_production	building_to_building_own	6.0000	3.0000	0.0000	derpy_mr_pearls_0
wh2_main_hef_port_2	derpy_effect_region_resource_pearls_production	building_to_building_own	8.0000	4.0000	0.0000	derpy_mr_pearls_0
wh2_main_hef_port_3	derpy_effect_region_resource_pearls_production	building_to_building_own	12.0000	6.0000	0.0000	derpy_mr_pearls_0
wh2_main_lzd_port_1	derpy_effect_region_resource_pearls_production	building_to_building_own	6.0000	3.0000	0.0000	derpy_mr_pearls_0
wh2_main_lzd_port_2	derpy_effect_region_resource_pearls_production	building_to_building_own	8.0000	4.0000	0.0000	derpy_mr_pearls_0
wh2_main_lzd_port_3	derpy_effect_region_resource_pearls_production	building_to_building_own	12.0000	6.0000	0.0000	derpy_mr_pearls_0
wh2_main_rogue_port_1	derpy_effect_region_resource_pearls_production	building_to_building_own	6.0000	3.0000	0.0000	derpy_mr_pearls_0
wh2_main_rogue_port_2	derpy_effect_region_resource_pearls_production	building_to_building_own	8.0000	4.0000	0.0000	derpy_mr_pearls_0
wh2_main_skv_port_1	derpy_effect_region_resource_pearls_production	building_to_building_own	6.0000	3.0000	0.0000	derpy_mr_pearls_0
wh2_main_skv_port_2	derpy_effect_region_resource_pearls_production	building_to_building_own	8.0000	4.0000	0.0000	derpy_mr_pearls_0
wh2_main_skv_port_3	derpy_effect_region_resource_pearls_production	building_to_building_own	12.0000	6.0000	0.0000	derpy_mr_pearls_0
wh2_main_special_lothern_port_1	derpy_effect_region_resource_pearls_production	building_to_building_own	6.0000	3.0000	0.0000	derpy_mr_pearls_0
wh2_main_special_lothern_port_2	derpy_effect_region_resource_pearls_production	building_to_building_own	8.0000	4.0000	0.0000	derpy_mr_pearls_0
wh2_main_special_lothern_port_3	derpy_effect_region_resource_pearls_production	building_to_building_own	12.0000	6.0000	0.0000	derpy_mr_pearls_0
wh2_main_special_lothern_port_norsca_1	derpy_effect_region_resource_pearls_production	building_to_building_own	6.0000	3.0000	0.0000	derpy_mr_pearls_0
wh2_main_special_lothern_port_other_1	derpy_effect_region_resource_pearls_production	building_to_building_own	6.0000	3.0000	0.0000	derpy_mr_pearls_0
wh2_main_special_lothern_port_other_2	derpy_effect_region_resource_pearls_production	building_to_building_own	8.0000	4.0000	0.0000	derpy_mr_pearls_0
wh2_main_special_lothern_port_other_3	derpy_effect_region_resource_pearls_production	building_to_building_own	12.0000	6.0000	0.0000	derpy_mr_pearls_0
wh3_dlc23_chd_tower_port_1	derpy_effect_region_resource_pearls_production	building_to_building_own	6.0000	3.0000	0.0000	derpy_mr_pearls_0
wh3_dlc23_chd_tower_port_2	derpy_effect_region_resource_pearls_production	building_to_building_own	8.0000	4.0000	0.0000	derpy_mr_pearls_0
wh3_dlc23_chd_tower_port_3	derpy_effect_region_resource_pearls_production	building_to_building_own	12.0000	6.0000	0.0000	derpy_mr_pearls_0
wh3_dlc23_special_fortress_of_dawn_dawns_harbour_1	derpy_effect_region_resource_pearls_production	building_to_building_own	6.0000	3.0000	0.0000	derpy_mr_pearls_0
wh3_dlc23_special_fortress_of_dawn_dawns_harbour_2	derpy_effect_region_resource_pearls_production	building_to_building_own	8.0000	4.0000	0.0000	derpy_mr_pearls_0
wh3_dlc23_special_fortress_of_dawn_dawns_harbour_3	derpy_effect_region_resource_pearls_production	building_to_building_own	12.0000	6.0000	0.0000	derpy_mr_pearls_0
wh3_dlc23_special_fortress_of_dawn_dawns_harbour_chd_1	derpy_effect_region_resource_pearls_production	building_to_building_own	6.0000	3.0000	0.0000	derpy_mr_pearls_0
wh3_dlc23_special_fortress_of_dawn_dawns_harbour_chd_2	derpy_effect_region_resource_pearls_production	building_to_building_own	8.0000	4.0000	0.0000	derpy_mr_pearls_0
wh3_dlc23_special_fortress_of_dawn_dawns_harbour_chd_3	derpy_effect_region_resource_pearls_production	building_to_building_own	12.0000	6.0000	0.0000	derpy_mr_pearls_0
wh3_dlc23_special_fortress_of_dawn_dawns_harbour_def_1	derpy_effect_region_resource_pearls_production	building_to_building_own	6.0000	3.0000	0.0000	derpy_mr_pearls_0
wh3_dlc23_special_fortress_of_dawn_dawns_harbour_def_2	derpy_effect_region_resource_pearls_production	building_to_building_own	8.0000	4.0000	0.0000	derpy_mr_pearls_0
wh3_dlc23_special_fortress_of_dawn_dawns_harbour_def_3	derpy_effect_region_resource_pearls_production	building_to_building_own	12.0000	6.0000	0.0000	derpy_mr_pearls_0
wh3_dlc23_special_fortress_of_dawn_dawns_harbour_hef_1	derpy_effect_region_resource_pearls_production	building_to_building_own	6.0000	3.0000	0.0000	derpy_mr_pearls_0
wh3_dlc23_special_fortress_of_dawn_dawns_harbour_hef_2	derpy_effect_region_resource_pearls_production	building_to_building_own	8.0000	4.0000	0.0000	derpy_mr_pearls_0
wh3_dlc23_special_fortress_of_dawn_dawns_harbour_hef_3	derpy_effect_region_resource_pearls_production	building_to_building_own	12.0000	6.0000	0.0000	derpy_mr_pearls_0
wh3_dlc24_special_fu_chow_port_1	derpy_effect_region_resource_pearls_production	building_to_building_own	6.0000	3.0000	0.0000	derpy_mr_pearls_0
wh3_dlc24_special_fu_chow_port_2	derpy_effect_region_resource_pearls_production	building_to_building_own	8.0000	4.0000	0.0000	derpy_mr_pearls_0
wh3_dlc24_special_fu_chow_port_3	derpy_effect_region_resource_pearls_production	building_to_building_own	12.0000	6.0000	0.0000	derpy_mr_pearls_0
wh3_dlc27_hef_colony_port_1	derpy_effect_region_resource_pearls_production	building_to_building_own	6.0000	3.0000	0.0000	derpy_mr_pearls_0
wh3_dlc27_hef_colony_port_2	derpy_effect_region_resource_pearls_production	building_to_building_own	8.0000	4.0000	0.0000	derpy_mr_pearls_0
wh3_dlc27_hef_colony_port_3	derpy_effect_region_resource_pearls_production	building_to_building_own	12.0000	6.0000	0.0000	derpy_mr_pearls_0
wh3_dlc27_nor_port_altar_1	derpy_effect_region_resource_pearls_production	building_to_building_own	6.0000	3.0000	0.0000	derpy_mr_pearls_0
wh3_dlc29_special_marienburg_port_chs_1	derpy_effect_region_resource_pearls_production	building_to_building_own	6.0000	3.0000	0.0000	derpy_mr_pearls_0
wh3_dlc29_special_marienburg_port_chs_2	derpy_effect_region_resource_pearls_production	building_to_building_own	8.0000	4.0000	0.0000	derpy_mr_pearls_0
wh3_dlc29_special_marienburg_port_chs_3	derpy_effect_region_resource_pearls_production	building_to_building_own	12.0000	6.0000	0.0000	derpy_mr_pearls_0
wh3_main_cth_port_1	derpy_effect_region_resource_pearls_production	building_to_building_own	6.0000	3.0000	0.0000	derpy_mr_pearls_0
wh3_main_cth_port_2	derpy_effect_region_resource_pearls_production	building_to_building_own	8.0000	4.0000	0.0000	derpy_mr_pearls_0
wh3_main_cth_port_3	derpy_effect_region_resource_pearls_production	building_to_building_own	12.0000	6.0000	0.0000	derpy_mr_pearls_0
wh3_main_ksl_port_1	derpy_effect_region_resource_pearls_production	building_to_building_own	6.0000	3.0000	0.0000	derpy_mr_pearls_0
wh3_main_ksl_port_2	derpy_effect_region_resource_pearls_production	building_to_building_own	8.0000	4.0000	0.0000	derpy_mr_pearls_0
wh3_main_ksl_port_3	derpy_effect_region_resource_pearls_production	building_to_building_own	12.0000	6.0000	0.0000	derpy_mr_pearls_0
wh3_main_ogr_port_1	derpy_effect_region_resource_pearls_production	building_to_building_own	6.0000	3.0000	0.0000	derpy_mr_pearls_0
wh3_main_ogr_port_2	derpy_effect_region_resource_pearls_production	building_to_building_own	8.0000	4.0000	0.0000	derpy_mr_pearls_0
wh3_main_special_ksl_erengrad_3_1	derpy_effect_region_resource_pearls_production	building_to_building_own	6.0000	3.0000	0.0000	derpy_mr_pearls_0
wh3_main_special_ksl_erengrad_3_2	derpy_effect_region_resource_pearls_production	building_to_building_own	8.0000	4.0000	0.0000	derpy_mr_pearls_0
wh3_main_special_ksl_erengrad_3_3	derpy_effect_region_resource_pearls_production	building_to_building_own	12.0000	6.0000	0.0000	derpy_mr_pearls_0
wh3_main_special_ksl_erengrad_3_4	derpy_effect_region_resource_pearls_production	building_to_building_own	12.0000	6.0000	0.0000	derpy_mr_pearls_0
wh3_main_special_ksl_erengrad_3_5	derpy_effect_region_resource_pearls_production	building_to_building_own	12.0000	6.0000	0.0000	derpy_mr_pearls_0
wh_dlc05_special_bordeleaux_port_wef_1	derpy_effect_region_resource_pearls_production	building_to_building_own	6.0000	3.0000	0.0000	derpy_mr_pearls_0
wh_dlc05_special_erengrad_port_wef_1	derpy_effect_region_resource_pearls_production	building_to_building_own	6.0000	3.0000	0.0000	derpy_mr_pearls_0
wh_dlc05_special_marienburg_port_wef_1	derpy_effect_region_resource_pearls_production	building_to_building_own	6.0000	3.0000	0.0000	derpy_mr_pearls_0
wh_dlc05_wef_port_1	derpy_effect_region_resource_pearls_production	building_to_building_own	6.0000	3.0000	0.0000	derpy_mr_pearls_0
wh_main_brt_port_1	derpy_effect_region_resource_pearls_production	building_to_building_own	6.0000	3.0000	0.0000	derpy_mr_pearls_0
wh_main_brt_port_2	derpy_effect_region_resource_pearls_production	building_to_building_own	8.0000	4.0000	0.0000	derpy_mr_pearls_0
wh_main_brt_port_3	derpy_effect_region_resource_pearls_production	building_to_building_own	12.0000	6.0000	0.0000	derpy_mr_pearls_0
wh_main_chs_port_1	derpy_effect_region_resource_pearls_production	building_to_building_own	6.0000	3.0000	0.0000	derpy_mr_pearls_0
wh_main_chs_port_2	derpy_effect_region_resource_pearls_production	building_to_building_own	8.0000	4.0000	0.0000	derpy_mr_pearls_0
wh_main_chs_port_3	derpy_effect_region_resource_pearls_production	building_to_building_own	12.0000	6.0000	0.0000	derpy_mr_pearls_0
wh_main_dwf_port_1	derpy_effect_region_resource_pearls_production	building_to_building_own	6.0000	3.0000	0.0000	derpy_mr_pearls_0
wh_main_dwf_port_2	derpy_effect_region_resource_pearls_production	building_to_building_own	8.0000	4.0000	0.0000	derpy_mr_pearls_0
wh_main_dwf_port_3	derpy_effect_region_resource_pearls_production	building_to_building_own	12.0000	6.0000	0.0000	derpy_mr_pearls_0
wh_main_emp_port_1	derpy_effect_region_resource_pearls_production	building_to_building_own	6.0000	3.0000	0.0000	derpy_mr_pearls_0
wh_main_emp_port_2	derpy_effect_region_resource_pearls_production	building_to_building_own	8.0000	4.0000	0.0000	derpy_mr_pearls_0
wh_main_emp_port_3	derpy_effect_region_resource_pearls_production	building_to_building_own	12.0000	6.0000	0.0000	derpy_mr_pearls_0
wh_main_grn_port_1	derpy_effect_region_resource_pearls_production	building_to_building_own	6.0000	3.0000	0.0000	derpy_mr_pearls_0
wh_main_grn_port_2	derpy_effect_region_resource_pearls_production	building_to_building_own	8.0000	4.0000	0.0000	derpy_mr_pearls_0
wh_main_grn_port_3	derpy_effect_region_resource_pearls_production	building_to_building_own	12.0000	6.0000	0.0000	derpy_mr_pearls_0
wh_main_nor_port_1	derpy_effect_region_resource_pearls_production	building_to_building_own	6.0000	3.0000	0.0000	derpy_mr_pearls_0
wh_main_nor_port_2	derpy_effect_region_resource_pearls_production	building_to_building_own	8.0000	4.0000	0.0000	derpy_mr_pearls_0
wh_main_nor_port_3	derpy_effect_region_resource_pearls_production	building_to_building_own	12.0000	6.0000	0.0000	derpy_mr_pearls_0
wh_main_teb_port_1	derpy_effect_region_resource_pearls_production	building_to_building_own	6.0000	3.0000	0.0000	derpy_mr_pearls_0
wh_main_teb_port_2	derpy_effect_region_resource_pearls_production	building_to_building_own	8.0000	4.0000	0.0000	derpy_mr_pearls_0
wh_main_teb_port_3	derpy_effect_region_resource_pearls_production	building_to_building_own	12.0000	6.0000	0.0000	derpy_mr_pearls_0
wh_main_vmp_port_1	derpy_effect_region_resource_pearls_production	building_to_building_own	6.0000	3.0000	0.0000	derpy_mr_pearls_0
wh_main_vmp_port_2	derpy_effect_region_resource_pearls_production	building_to_building_own	8.0000	4.0000	0.0000	derpy_mr_pearls_0
wh_main_vmp_port_3	derpy_effect_region_resource_pearls_production	building_to_building_own	12.0000	6.0000	0.0000	derpy_mr_pearls_0
wh_main_brt_legendary_port_1	derpy_effect_region_resource_pearls_production	building_to_building_own	6.0000	3.0000	0.0000	derpy_mr_pearls_0
wh_main_brt_legendary_port_2	derpy_effect_region_resource_pearls_production	building_to_building_own	8.0000	4.0000	0.0000	derpy_mr_pearls_0
wh_main_brt_legendary_port_3	derpy_effect_region_resource_pearls_production	building_to_building_own	12.0000	6.0000	0.0000	derpy_mr_pearls_0
wh_main_special_erengrad_port_1	derpy_effect_region_resource_pearls_production	building_to_building_own	6.0000	3.0000	0.0000	derpy_mr_pearls_0
wh_main_special_erengrad_port_2	derpy_effect_region_resource_pearls_production	building_to_building_own	8.0000	4.0000	0.0000	derpy_mr_pearls_0
wh_main_special_erengrad_port_3	derpy_effect_region_resource_pearls_production	building_to_building_own	12.0000	6.0000	0.0000	derpy_mr_pearls_0
wh_main_special_marienburg_port_1	derpy_effect_region_resource_pearls_production	building_to_building_own	6.0000	3.0000	0.0000	derpy_mr_pearls_0
wh_main_special_marienburg_port_2	derpy_effect_region_resource_pearls_production	building_to_building_own	8.0000	4.0000	0.0000	derpy_mr_pearls_0
wh_main_special_marienburg_port_3	derpy_effect_region_resource_pearls_production	building_to_building_own	12.0000	6.0000	0.0000	derpy_mr_pearls_0
wh_twa03_special_albion_port_def_1	derpy_effect_region_resource_pearls_production	building_to_building_own	6.0000	3.0000	0.0000	derpy_mr_pearls_0
wh_twa03_special_albion_port_def_2	derpy_effect_region_resource_pearls_production	building_to_building_own	8.0000	4.0000	0.0000	derpy_mr_pearls_0
wh_dlc05_special_settlement_gaean_vale_1_wef	derpy_effect_region_resource_starwood_production	building_to_building_own	2.0000	1.0000	0.0000	derpy_mr_starwood_0
wh_dlc05_special_settlement_gaean_vale_2_wef	derpy_effect_region_resource_starwood_production	building_to_building_own	3.0000	2.0000	0.0000	derpy_mr_starwood_0
wh_dlc05_special_settlement_gaean_vale_3_wef	derpy_effect_region_resource_starwood_production	building_to_building_own	4.0000	2.0000	0.0000	derpy_mr_starwood_0
wh_dlc05_special_settlement_gaean_vale_4_wef	derpy_effect_region_resource_starwood_production	building_to_building_own	5.0000	3.0000	0.0000	derpy_mr_starwood_0
wh_dlc05_special_settlement_gaean_vale_5_wef	derpy_effect_region_resource_starwood_production	building_to_building_own	6.0000	3.0000	0.0000	derpy_mr_starwood_0
wh_dlc05_special_settlement_hellpit_1_wef	derpy_effect_region_resource_starwood_production	building_to_building_own	2.0000	1.0000	0.0000	derpy_mr_starwood_0
wh_dlc05_special_settlement_hexoatl_1_wef	derpy_effect_region_resource_starwood_production	building_to_building_own	2.0000	1.0000	0.0000	derpy_mr_starwood_0
wh_dlc05_special_settlement_itza_1_wef	derpy_effect_region_resource_starwood_production	building_to_building_own	2.0000	1.0000	0.0000	derpy_mr_starwood_0
wh_dlc05_special_settlement_khemri_1_wef	derpy_effect_region_resource_starwood_production	building_to_building_own	2.0000	1.0000	0.0000	derpy_mr_starwood_0
wh_dlc05_special_settlement_konquata_1_wef	derpy_effect_region_resource_starwood_production	building_to_building_own	2.0000	1.0000	0.0000	derpy_mr_starwood_0
wh_dlc05_special_settlement_lahmia_1_wef	derpy_effect_region_resource_starwood_production	building_to_building_own	2.0000	1.0000	0.0000	derpy_mr_starwood_0
wh_dlc05_special_settlement_lothern_1_wef	derpy_effect_region_resource_starwood_production	building_to_building_own	2.0000	1.0000	0.0000	derpy_mr_starwood_0
wh_dlc05_special_settlement_naggarond_1_wef	derpy_effect_region_resource_starwood_production	building_to_building_own	2.0000	1.0000	0.0000	derpy_mr_starwood_0
wh2_main_special_settlement_pyramid_of_nagash_1_wef	derpy_effect_region_resource_starwood_production	building_to_building_own	2.0000	1.0000	0.0000	derpy_mr_starwood_0
wh2_main_special_settlement_sartosa_wef_1	derpy_effect_region_resource_starwood_production	building_to_building_own	2.0000	1.0000	0.0000	derpy_mr_starwood_0
wh_dlc05_special_settlement_skavenblight_1_wef	derpy_effect_region_resource_starwood_production	building_to_building_own	2.0000	1.0000	0.0000	derpy_mr_starwood_0
wh2_main_special_settlement_the_awakening_wef_1	derpy_effect_region_resource_starwood_production	building_to_building_own	2.0000	1.0000	0.0000	derpy_mr_starwood_0
wh2_main_wef_oak_of_ages_occupied_1	derpy_effect_region_resource_starwood_production	building_to_building_own	2.0000	1.0000	0.0000	derpy_mr_starwood_0
wh_dlc05_wef_outpost_major_human_1	derpy_effect_region_resource_starwood_production	building_to_building_own	2.0000	1.0000	0.0000	derpy_mr_starwood_0
wh_dlc05_wef_oak_of_ages_1	derpy_effect_region_resource_starwood_production	building_to_building_own	2.0000	1.0000	0.0000	derpy_mr_starwood_0
wh_dlc05_wef_oak_of_ages_2	derpy_effect_region_resource_starwood_production	building_to_building_own	3.0000	2.0000	0.0000	derpy_mr_starwood_0
wh_dlc05_wef_oak_of_ages_3	derpy_effect_region_resource_starwood_production	building_to_building_own	4.0000	2.0000	0.0000	derpy_mr_starwood_0
wh_dlc05_wef_oak_of_ages_4	derpy_effect_region_resource_starwood_production	building_to_building_own	5.0000	3.0000	0.0000	derpy_mr_starwood_0
wh_dlc05_wef_oak_of_ages_5	derpy_effect_region_resource_starwood_production	building_to_building_own	6.0000	3.0000	0.0000	derpy_mr_starwood_0
wh_dlc05_wef_settlement_major_main_1	derpy_effect_region_resource_starwood_production	building_to_building_own	2.0000	1.0000	0.0000	derpy_mr_starwood_0
wh_dlc05_wef_settlement_major_main_2	derpy_effect_region_resource_starwood_production	building_to_building_own	3.0000	2.0000	0.0000	derpy_mr_starwood_0
wh_dlc05_wef_settlement_major_main_3	derpy_effect_region_resource_starwood_production	building_to_building_own	4.0000	2.0000	0.0000	derpy_mr_starwood_0
wh_dlc05_wef_settlement_major_main_4	derpy_effect_region_resource_starwood_production	building_to_building_own	5.0000	3.0000	0.0000	derpy_mr_starwood_0
wh_dlc05_wef_settlement_major_main_5	derpy_effect_region_resource_starwood_production	building_to_building_own	6.0000	3.0000	0.0000	derpy_mr_starwood_0
wh_main_brt_stables_1	derpy_effect_region_resource_feathers_production	building_to_building_own	3.0000	2.0000	0.0000	derpy_mr_feathers_0
wh_main_brt_stables_2	derpy_effect_region_resource_feathers_production	building_to_building_own	4.0000	2.0000	0.0000	derpy_mr_feathers_0
wh_main_brt_stables_3	derpy_effect_region_resource_feathers_production	building_to_building_own	6.0000	3.0000	0.0000	derpy_mr_feathers_0
wh_main_brt_stables_4	derpy_effect_region_resource_feathers_production	building_to_building_own	6.0000	3.0000	0.0000	derpy_mr_feathers_0
wh_main_brt_stables_5	derpy_effect_region_resource_feathers_production	building_to_building_own	6.0000	3.0000	0.0000	derpy_mr_feathers_0
wh_main_emp_stables_1	derpy_effect_region_resource_feathers_production	building_to_building_own	3.0000	2.0000	0.0000	derpy_mr_feathers_0
wh_main_emp_stables_2	derpy_effect_region_resource_feathers_production	building_to_building_own	4.0000	2.0000	0.0000	derpy_mr_feathers_0
wh_main_emp_stables_3	derpy_effect_region_resource_feathers_production	building_to_building_own	6.0000	3.0000	0.0000	derpy_mr_feathers_0
wh2_dlc11_special_settlement_galleons_graveyard_1	derpy_effect_region_resource_wyvern_scales_production	building_to_building_own	2.0000	1.0000	0.0000	derpy_mr_wyvern_scales_0
wh2_dlc11_special_settlement_galleons_graveyard_2	derpy_effect_region_resource_wyvern_scales_production	building_to_building_own	3.0000	2.0000	0.0000	derpy_mr_wyvern_scales_0
wh2_dlc11_special_settlement_galleons_graveyard_3	derpy_effect_region_resource_wyvern_scales_production	building_to_building_own	4.0000	2.0000	0.0000	derpy_mr_wyvern_scales_0
wh2_dlc11_special_settlement_galleons_graveyard_4	derpy_effect_region_resource_wyvern_scales_production	building_to_building_own	5.0000	3.0000	0.0000	derpy_mr_wyvern_scales_0
wh2_dlc11_special_settlement_galleons_graveyard_5	derpy_effect_region_resource_wyvern_scales_production	building_to_building_own	6.0000	3.0000	0.0000	derpy_mr_wyvern_scales_0
wh2_dlc11_special_settlement_galleons_graveyard_other_1	derpy_effect_region_resource_wyvern_scales_production	building_to_building_own	2.0000	1.0000	0.0000	derpy_mr_wyvern_scales_0
wh2_dlc11_vampirecoast_settlement_major_1	derpy_effect_region_resource_wyvern_scales_production	building_to_building_own	2.0000	1.0000	0.0000	derpy_mr_wyvern_scales_0
wh2_dlc11_vampirecoast_settlement_major_2	derpy_effect_region_resource_wyvern_scales_production	building_to_building_own	3.0000	2.0000	0.0000	derpy_mr_wyvern_scales_0
wh2_dlc11_vampirecoast_settlement_major_3	derpy_effect_region_resource_wyvern_scales_production	building_to_building_own	4.0000	2.0000	0.0000	derpy_mr_wyvern_scales_0
wh2_dlc11_vampirecoast_settlement_major_4	derpy_effect_region_resource_wyvern_scales_production	building_to_building_own	5.0000	3.0000	0.0000	derpy_mr_wyvern_scales_0
wh2_dlc11_vampirecoast_settlement_major_5	derpy_effect_region_resource_wyvern_scales_production	building_to_building_own	6.0000	3.0000	0.0000	derpy_mr_wyvern_scales_0
wh2_dlc11_vampirecoast_settlement_minor_1	derpy_effect_region_resource_wyvern_scales_production	building_to_building_own	2.0000	1.0000	0.0000	derpy_mr_wyvern_scales_0
wh2_dlc11_vampirecoast_settlement_minor_2	derpy_effect_region_resource_wyvern_scales_production	building_to_building_own	3.0000	2.0000	0.0000	derpy_mr_wyvern_scales_0
wh2_dlc11_vampirecoast_settlement_minor_3	derpy_effect_region_resource_wyvern_scales_production	building_to_building_own	4.0000	2.0000	0.0000	derpy_mr_wyvern_scales_0
wh2_dlc13_lzd_nakai_settlement_major_1	derpy_effect_region_resource_wyvern_scales_production	building_to_building_own	2.0000	1.0000	0.0000	derpy_mr_wyvern_scales_0
wh2_dlc13_lzd_nakai_settlement_minor_1	derpy_effect_region_resource_wyvern_scales_production	building_to_building_own	2.0000	1.0000	0.0000	derpy_mr_wyvern_scales_0
wh2_dlc15_special_settlement_massif_orcal_brt_1	derpy_effect_region_resource_wyvern_scales_production	building_to_building_own	2.0000	1.0000	0.0000	derpy_mr_wyvern_scales_0
wh2_dlc15_special_settlement_massif_orcal_brt_2	derpy_effect_region_resource_wyvern_scales_production	building_to_building_own	3.0000	2.0000	0.0000	derpy_mr_wyvern_scales_0
wh2_dlc15_special_settlement_massif_orcal_brt_3	derpy_effect_region_resource_wyvern_scales_production	building_to_building_own	4.0000	2.0000	0.0000	derpy_mr_wyvern_scales_0
wh2_dlc15_special_settlement_massif_orcal_brt_4	derpy_effect_region_resource_wyvern_scales_production	building_to_building_own	5.0000	3.0000	0.0000	derpy_mr_wyvern_scales_0
wh2_dlc15_special_settlement_massif_orcal_brt_5	derpy_effect_region_resource_wyvern_scales_production	building_to_building_own	6.0000	3.0000	0.0000	derpy_mr_wyvern_scales_0
wh2_dlc15_special_settlement_massif_orcal_grn_1	derpy_effect_region_resource_wyvern_scales_production	building_to_building_own	2.0000	1.0000	0.0000	derpy_mr_wyvern_scales_0
wh2_dlc15_special_settlement_massif_orcal_grn_2	derpy_effect_region_resource_wyvern_scales_production	building_to_building_own	3.0000	2.0000	0.0000	derpy_mr_wyvern_scales_0
wh2_dlc15_special_settlement_massif_orcal_grn_3	derpy_effect_region_resource_wyvern_scales_production	building_to_building_own	4.0000	2.0000	0.0000	derpy_mr_wyvern_scales_0
wh2_dlc15_special_settlement_massif_orcal_grn_4	derpy_effect_region_resource_wyvern_scales_production	building_to_building_own	5.0000	3.0000	0.0000	derpy_mr_wyvern_scales_0
wh2_dlc15_special_settlement_massif_orcal_grn_5	derpy_effect_region_resource_wyvern_scales_production	building_to_building_own	6.0000	3.0000	0.0000	derpy_mr_wyvern_scales_0
wh2_dlc15_special_settlement_massif_orcal_savage_1	derpy_effect_region_resource_wyvern_scales_production	building_to_building_own	2.0000	1.0000	0.0000	derpy_mr_wyvern_scales_0
wh2_dlc15_special_settlement_massif_orcal_savage_2	derpy_effect_region_resource_wyvern_scales_production	building_to_building_own	3.0000	2.0000	0.0000	derpy_mr_wyvern_scales_0
wh2_dlc15_special_settlement_massif_orcal_savage_3	derpy_effect_region_resource_wyvern_scales_production	building_to_building_own	4.0000	2.0000	0.0000	derpy_mr_wyvern_scales_0
wh2_dlc15_special_settlement_tor_yvresse_def_1	derpy_effect_region_resource_wyvern_scales_production	building_to_building_own	2.0000	1.0000	0.0000	derpy_mr_wyvern_scales_0
wh2_dlc15_special_settlement_tor_yvresse_def_2	derpy_effect_region_resource_wyvern_scales_production	building_to_building_own	3.0000	2.0000	0.0000	derpy_mr_wyvern_scales_0
wh2_dlc15_special_settlement_tor_yvresse_def_3	derpy_effect_region_resource_wyvern_scales_production	building_to_building_own	4.0000	2.0000	0.0000	derpy_mr_wyvern_scales_0
wh2_dlc15_special_settlement_tor_yvresse_def_4	derpy_effect_region_resource_wyvern_scales_production	building_to_building_own	5.0000	3.0000	0.0000	derpy_mr_wyvern_scales_0
wh2_dlc15_special_settlement_tor_yvresse_def_5	derpy_effect_region_resource_wyvern_scales_production	building_to_building_own	6.0000	3.0000	0.0000	derpy_mr_wyvern_scales_0
wh2_dlc15_special_settlement_tor_yvresse_eltharion_1	derpy_effect_region_resource_wyvern_scales_production	building_to_building_own	2.0000	1.0000	0.0000	derpy_mr_wyvern_scales_0
wh2_dlc15_special_settlement_tor_yvresse_eltharion_2	derpy_effect_region_resource_wyvern_scales_production	building_to_building_own	3.0000	2.0000	0.0000	derpy_mr_wyvern_scales_0
wh2_dlc15_special_settlement_tor_yvresse_eltharion_3	derpy_effect_region_resource_wyvern_scales_production	building_to_building_own	4.0000	2.0000	0.0000	derpy_mr_wyvern_scales_0
wh2_dlc15_special_settlement_tor_yvresse_eltharion_4	derpy_effect_region_resource_wyvern_scales_production	building_to_building_own	5.0000	3.0000	0.0000	derpy_mr_wyvern_scales_0
wh2_dlc15_special_settlement_tor_yvresse_eltharion_5	derpy_effect_region_resource_wyvern_scales_production	building_to_building_own	6.0000	3.0000	0.0000	derpy_mr_wyvern_scales_0
wh2_dlc15_special_settlement_tor_yvresse_hef_1	derpy_effect_region_resource_wyvern_scales_production	building_to_building_own	2.0000	1.0000	0.0000	derpy_mr_wyvern_scales_0
wh2_dlc15_special_settlement_tor_yvresse_hef_2	derpy_effect_region_resource_wyvern_scales_production	building_to_building_own	3.0000	2.0000	0.0000	derpy_mr_wyvern_scales_0
wh2_dlc15_special_settlement_tor_yvresse_hef_3	derpy_effect_region_resource_wyvern_scales_production	building_to_building_own	4.0000	2.0000	0.0000	derpy_mr_wyvern_scales_0
wh2_dlc15_special_settlement_tor_yvresse_hef_4	derpy_effect_region_resource_wyvern_scales_production	building_to_building_own	5.0000	3.0000	0.0000	derpy_mr_wyvern_scales_0
wh2_dlc15_special_settlement_tor_yvresse_hef_5	derpy_effect_region_resource_wyvern_scales_production	building_to_building_own	6.0000	3.0000	0.0000	derpy_mr_wyvern_scales_0
wh2_main_def_settlement_major_1	derpy_effect_region_resource_wyvern_scales_production	building_to_building_own	2.0000	1.0000	0.0000	derpy_mr_wyvern_scales_0
wh2_main_def_settlement_major_2	derpy_effect_region_resource_wyvern_scales_production	building_to_building_own	3.0000	2.0000	0.0000	derpy_mr_wyvern_scales_0
wh2_main_def_settlement_major_3	derpy_effect_region_resource_wyvern_scales_production	building_to_building_own	4.0000	2.0000	0.0000	derpy_mr_wyvern_scales_0
wh2_main_def_settlement_major_4	derpy_effect_region_resource_wyvern_scales_production	building_to_building_own	5.0000	3.0000	0.0000	derpy_mr_wyvern_scales_0
wh2_main_def_settlement_major_5	derpy_effect_region_resource_wyvern_scales_production	building_to_building_own	6.0000	3.0000	0.0000	derpy_mr_wyvern_scales_0
wh2_main_def_settlement_minor_1	derpy_effect_region_resource_wyvern_scales_production	building_to_building_own	2.0000	1.0000	0.0000	derpy_mr_wyvern_scales_0
wh2_main_def_settlement_minor_2	derpy_effect_region_resource_wyvern_scales_production	building_to_building_own	3.0000	2.0000	0.0000	derpy_mr_wyvern_scales_0
wh2_main_def_settlement_minor_3	derpy_effect_region_resource_wyvern_scales_production	building_to_building_own	4.0000	2.0000	0.0000	derpy_mr_wyvern_scales_0
wh2_main_hef_settlement_major_1	derpy_effect_region_resource_wyvern_scales_production	building_to_building_own	2.0000	1.0000	0.0000	derpy_mr_wyvern_scales_0
wh2_main_hef_settlement_major_2	derpy_effect_region_resource_wyvern_scales_production	building_to_building_own	3.0000	2.0000	0.0000	derpy_mr_wyvern_scales_0
wh2_main_hef_settlement_major_3	derpy_effect_region_resource_wyvern_scales_production	building_to_building_own	4.0000	2.0000	0.0000	derpy_mr_wyvern_scales_0
wh2_main_hef_settlement_major_4	derpy_effect_region_resource_wyvern_scales_production	building_to_building_own	5.0000	3.0000	0.0000	derpy_mr_wyvern_scales_0
wh2_main_hef_settlement_major_5	derpy_effect_region_resource_wyvern_scales_production	building_to_building_own	6.0000	3.0000	0.0000	derpy_mr_wyvern_scales_0
wh2_main_hef_settlement_minor_1	derpy_effect_region_resource_wyvern_scales_production	building_to_building_own	2.0000	1.0000	0.0000	derpy_mr_wyvern_scales_0
wh2_main_hef_settlement_minor_2	derpy_effect_region_resource_wyvern_scales_production	building_to_building_own	3.0000	2.0000	0.0000	derpy_mr_wyvern_scales_0
wh2_main_hef_settlement_minor_3	derpy_effect_region_resource_wyvern_scales_production	building_to_building_own	4.0000	2.0000	0.0000	derpy_mr_wyvern_scales_0
wh2_main_lzd_settlement_major_1	derpy_effect_region_resource_wyvern_scales_production	building_to_building_own	2.0000	1.0000	0.0000	derpy_mr_wyvern_scales_0
wh2_main_lzd_settlement_major_2	derpy_effect_region_resource_wyvern_scales_production	building_to_building_own	3.0000	2.0000	0.0000	derpy_mr_wyvern_scales_0
wh2_main_lzd_settlement_major_3	derpy_effect_region_resource_wyvern_scales_production	building_to_building_own	4.0000	2.0000	0.0000	derpy_mr_wyvern_scales_0
wh2_main_lzd_settlement_major_4	derpy_effect_region_resource_wyvern_scales_production	building_to_building_own	5.0000	3.0000	0.0000	derpy_mr_wyvern_scales_0
wh2_main_lzd_settlement_major_5	derpy_effect_region_resource_wyvern_scales_production	building_to_building_own	6.0000	3.0000	0.0000	derpy_mr_wyvern_scales_0
wh2_main_lzd_settlement_minor_1	derpy_effect_region_resource_wyvern_scales_production	building_to_building_own	2.0000	1.0000	0.0000	derpy_mr_wyvern_scales_0
wh2_main_lzd_settlement_minor_2	derpy_effect_region_resource_wyvern_scales_production	building_to_building_own	3.0000	2.0000	0.0000	derpy_mr_wyvern_scales_0
wh2_main_lzd_settlement_minor_3	derpy_effect_region_resource_wyvern_scales_production	building_to_building_own	4.0000	2.0000	0.0000	derpy_mr_wyvern_scales_0
wh2_main_rogue_settlement_major_1	derpy_effect_region_resource_wyvern_scales_production	building_to_building_own	2.0000	1.0000	0.0000	derpy_mr_wyvern_scales_0
wh2_main_rogue_settlement_major_2	derpy_effect_region_resource_wyvern_scales_production	building_to_building_own	3.0000	2.0000	0.0000	derpy_mr_wyvern_scales_0
wh2_main_rogue_settlement_major_3	derpy_effect_region_resource_wyvern_scales_production	building_to_building_own	4.0000	2.0000	0.0000	derpy_mr_wyvern_scales_0
wh2_main_rogue_settlement_minor_1	derpy_effect_region_resource_wyvern_scales_production	building_to_building_own	2.0000	1.0000	0.0000	derpy_mr_wyvern_scales_0
wh2_main_rogue_settlement_minor_2	derpy_effect_region_resource_wyvern_scales_production	building_to_building_own	3.0000	2.0000	0.0000	derpy_mr_wyvern_scales_0
wh2_main_rogue_settlement_minor_3	derpy_effect_region_resource_wyvern_scales_production	building_to_building_own	4.0000	2.0000	0.0000	derpy_mr_wyvern_scales_0
wh2_main_skv_settlement_major_1	derpy_effect_region_resource_wyvern_scales_production	building_to_building_own	2.0000	1.0000	0.0000	derpy_mr_wyvern_scales_0
wh2_main_skv_settlement_major_2	derpy_effect_region_resource_wyvern_scales_production	building_to_building_own	3.0000	2.0000	0.0000	derpy_mr_wyvern_scales_0
wh2_main_skv_settlement_major_3	derpy_effect_region_resource_wyvern_scales_production	building_to_building_own	4.0000	2.0000	0.0000	derpy_mr_wyvern_scales_0
wh2_main_skv_settlement_major_4	derpy_effect_region_resource_wyvern_scales_production	building_to_building_own	5.0000	3.0000	0.0000	derpy_mr_wyvern_scales_0
wh2_main_skv_settlement_major_5	derpy_effect_region_resource_wyvern_scales_production	building_to_building_own	6.0000	3.0000	0.0000	derpy_mr_wyvern_scales_0
wh2_main_skv_settlement_minor_1	derpy_effect_region_resource_wyvern_scales_production	building_to_building_own	2.0000	1.0000	0.0000	derpy_mr_wyvern_scales_0
wh2_main_skv_settlement_minor_2	derpy_effect_region_resource_wyvern_scales_production	building_to_building_own	3.0000	2.0000	0.0000	derpy_mr_wyvern_scales_0
wh2_main_skv_settlement_minor_3	derpy_effect_region_resource_wyvern_scales_production	building_to_building_own	4.0000	2.0000	0.0000	derpy_mr_wyvern_scales_0
wh2_main_special_empire_fort_emp_1	derpy_effect_region_resource_wyvern_scales_production	building_to_building_own	2.0000	1.0000	0.0000	derpy_mr_wyvern_scales_0
wh2_main_special_empire_fort_emp_2	derpy_effect_region_resource_wyvern_scales_production	building_to_building_own	3.0000	2.0000	0.0000	derpy_mr_wyvern_scales_0
wh2_main_special_empire_fort_emp_3	derpy_effect_region_resource_wyvern_scales_production	building_to_building_own	4.0000	2.0000	0.0000	derpy_mr_wyvern_scales_0
wh2_main_special_empire_fort_emp_4	derpy_effect_region_resource_wyvern_scales_production	building_to_building_own	5.0000	3.0000	0.0000	derpy_mr_wyvern_scales_0
wh2_main_special_empire_fort_emp_5	derpy_effect_region_resource_wyvern_scales_production	building_to_building_own	6.0000	3.0000	0.0000	derpy_mr_wyvern_scales_0
wh2_main_special_fortress_gate_eagle_hef_1	derpy_effect_region_resource_wyvern_scales_production	building_to_building_own	2.0000	1.0000	0.0000	derpy_mr_wyvern_scales_0
wh2_main_special_fortress_gate_eagle_hef_2	derpy_effect_region_resource_wyvern_scales_production	building_to_building_own	3.0000	2.0000	0.0000	derpy_mr_wyvern_scales_0
wh2_main_special_fortress_gate_eagle_hef_3	derpy_effect_region_resource_wyvern_scales_production	building_to_building_own	4.0000	2.0000	0.0000	derpy_mr_wyvern_scales_0
wh2_main_special_fortress_gate_eagle_hef_4	derpy_effect_region_resource_wyvern_scales_production	building_to_building_own	5.0000	3.0000	0.0000	derpy_mr_wyvern_scales_0
wh2_main_special_fortress_gate_eagle_hef_5	derpy_effect_region_resource_wyvern_scales_production	building_to_building_own	6.0000	3.0000	0.0000	derpy_mr_wyvern_scales_0
wh2_main_special_fortress_gate_eagle_untainted_1	derpy_effect_region_resource_wyvern_scales_production	building_to_building_own	2.0000	1.0000	0.0000	derpy_mr_wyvern_scales_0
wh2_main_special_fortress_gate_eagle_untainted_2	derpy_effect_region_resource_wyvern_scales_production	building_to_building_own	3.0000	2.0000	0.0000	derpy_mr_wyvern_scales_0
wh2_main_special_fortress_gate_eagle_untainted_3	derpy_effect_region_resource_wyvern_scales_production	building_to_building_own	4.0000	2.0000	0.0000	derpy_mr_wyvern_scales_0
wh2_main_special_fortress_gate_eagle_untainted_4	derpy_effect_region_resource_wyvern_scales_production	building_to_building_own	5.0000	3.0000	0.0000	derpy_mr_wyvern_scales_0
wh2_main_special_fortress_gate_eagle_untainted_5	derpy_effect_region_resource_wyvern_scales_production	building_to_building_own	6.0000	3.0000	0.0000	derpy_mr_wyvern_scales_0
wh2_main_special_fortress_gate_griffon_hef_1	derpy_effect_region_resource_wyvern_scales_production	building_to_building_own	2.0000	1.0000	0.0000	derpy_mr_wyvern_scales_0
wh2_main_special_fortress_gate_griffon_hef_2	derpy_effect_region_resource_wyvern_scales_production	building_to_building_own	3.0000	2.0000	0.0000	derpy_mr_wyvern_scales_0
wh2_main_special_fortress_gate_griffon_hef_3	derpy_effect_region_resource_wyvern_scales_production	building_to_building_own	4.0000	2.0000	0.0000	derpy_mr_wyvern_scales_0
wh2_main_special_fortress_gate_griffon_hef_4	derpy_effect_region_resource_wyvern_scales_production	building_to_building_own	5.0000	3.0000	0.0000	derpy_mr_wyvern_scales_0
wh2_main_special_fortress_gate_griffon_hef_5	derpy_effect_region_resource_wyvern_scales_production	building_to_building_own	6.0000	3.0000	0.0000	derpy_mr_wyvern_scales_0
wh2_main_special_fortress_gate_griffon_untainted_1	derpy_effect_region_resource_wyvern_scales_production	building_to_building_own	2.0000	1.0000	0.0000	derpy_mr_wyvern_scales_0
wh2_main_special_fortress_gate_griffon_untainted_2	derpy_effect_region_resource_wyvern_scales_production	building_to_building_own	3.0000	2.0000	0.0000	derpy_mr_wyvern_scales_0
wh2_main_special_fortress_gate_griffon_untainted_3	derpy_effect_region_resource_wyvern_scales_production	building_to_building_own	4.0000	2.0000	0.0000	derpy_mr_wyvern_scales_0
wh2_main_special_fortress_gate_griffon_untainted_4	derpy_effect_region_resource_wyvern_scales_production	building_to_building_own	5.0000	3.0000	0.0000	derpy_mr_wyvern_scales_0
wh2_main_special_fortress_gate_griffon_untainted_5	derpy_effect_region_resource_wyvern_scales_production	building_to_building_own	6.0000	3.0000	0.0000	derpy_mr_wyvern_scales_0
wh2_main_special_fortress_gate_phoenix_hef_1	derpy_effect_region_resource_wyvern_scales_production	building_to_building_own	2.0000	1.0000	0.0000	derpy_mr_wyvern_scales_0
wh2_main_special_fortress_gate_phoenix_hef_2	derpy_effect_region_resource_wyvern_scales_production	building_to_building_own	3.0000	2.0000	0.0000	derpy_mr_wyvern_scales_0
wh2_main_special_fortress_gate_phoenix_hef_3	derpy_effect_region_resource_wyvern_scales_production	building_to_building_own	4.0000	2.0000	0.0000	derpy_mr_wyvern_scales_0
wh2_main_special_fortress_gate_phoenix_hef_4	derpy_effect_region_resource_wyvern_scales_production	building_to_building_own	5.0000	3.0000	0.0000	derpy_mr_wyvern_scales_0
wh2_main_special_fortress_gate_phoenix_hef_5	derpy_effect_region_resource_wyvern_scales_production	building_to_building_own	6.0000	3.0000	0.0000	derpy_mr_wyvern_scales_0
wh2_main_special_fortress_gate_phoenix_untainted_1	derpy_effect_region_resource_wyvern_scales_production	building_to_building_own	2.0000	1.0000	0.0000	derpy_mr_wyvern_scales_0
wh2_main_special_fortress_gate_phoenix_untainted_2	derpy_effect_region_resource_wyvern_scales_production	building_to_building_own	3.0000	2.0000	0.0000	derpy_mr_wyvern_scales_0
wh2_main_special_fortress_gate_phoenix_untainted_3	derpy_effect_region_resource_wyvern_scales_production	building_to_building_own	4.0000	2.0000	0.0000	derpy_mr_wyvern_scales_0
wh2_main_special_fortress_gate_phoenix_untainted_4	derpy_effect_region_resource_wyvern_scales_production	building_to_building_own	5.0000	3.0000	0.0000	derpy_mr_wyvern_scales_0
wh2_main_special_fortress_gate_phoenix_untainted_5	derpy_effect_region_resource_wyvern_scales_production	building_to_building_own	6.0000	3.0000	0.0000	derpy_mr_wyvern_scales_0
wh2_main_special_fortress_gate_unicorn_hef_1	derpy_effect_region_resource_wyvern_scales_production	building_to_building_own	2.0000	1.0000	0.0000	derpy_mr_wyvern_scales_0
wh2_main_special_fortress_gate_unicorn_hef_2	derpy_effect_region_resource_wyvern_scales_production	building_to_building_own	3.0000	2.0000	0.0000	derpy_mr_wyvern_scales_0
wh2_main_special_fortress_gate_unicorn_hef_3	derpy_effect_region_resource_wyvern_scales_production	building_to_building_own	4.0000	2.0000	0.0000	derpy_mr_wyvern_scales_0
wh2_main_special_fortress_gate_unicorn_hef_4	derpy_effect_region_resource_wyvern_scales_production	building_to_building_own	5.0000	3.0000	0.0000	derpy_mr_wyvern_scales_0
wh2_main_special_fortress_gate_unicorn_hef_5	derpy_effect_region_resource_wyvern_scales_production	building_to_building_own	6.0000	3.0000	0.0000	derpy_mr_wyvern_scales_0
wh2_main_special_fortress_gate_unicorn_untainted_1	derpy_effect_region_resource_wyvern_scales_production	building_to_building_own	2.0000	1.0000	0.0000	derpy_mr_wyvern_scales_0
wh2_main_special_fortress_gate_unicorn_untainted_2	derpy_effect_region_resource_wyvern_scales_production	building_to_building_own	3.0000	2.0000	0.0000	derpy_mr_wyvern_scales_0
wh2_main_special_fortress_gate_unicorn_untainted_3	derpy_effect_region_resource_wyvern_scales_production	building_to_building_own	4.0000	2.0000	0.0000	derpy_mr_wyvern_scales_0
wh2_main_special_fortress_gate_unicorn_untainted_4	derpy_effect_region_resource_wyvern_scales_production	building_to_building_own	5.0000	3.0000	0.0000	derpy_mr_wyvern_scales_0
wh2_main_special_fortress_gate_unicorn_untainted_5	derpy_effect_region_resource_wyvern_scales_production	building_to_building_own	6.0000	3.0000	0.0000	derpy_mr_wyvern_scales_0
wh2_main_special_settlement_colony_major_hef_1	derpy_effect_region_resource_wyvern_scales_production	building_to_building_own	2.0000	1.0000	0.0000	derpy_mr_wyvern_scales_0
wh2_main_special_settlement_colony_major_hef_2	derpy_effect_region_resource_wyvern_scales_production	building_to_building_own	3.0000	2.0000	0.0000	derpy_mr_wyvern_scales_0
wh2_main_special_settlement_colony_major_hef_3	derpy_effect_region_resource_wyvern_scales_production	building_to_building_own	4.0000	2.0000	0.0000	derpy_mr_wyvern_scales_0
wh2_main_special_settlement_colony_major_hef_4	derpy_effect_region_resource_wyvern_scales_production	building_to_building_own	5.0000	3.0000	0.0000	derpy_mr_wyvern_scales_0
wh2_main_special_settlement_colony_major_hef_5	derpy_effect_region_resource_wyvern_scales_production	building_to_building_own	6.0000	3.0000	0.0000	derpy_mr_wyvern_scales_0
wh2_main_special_settlement_colony_minor_hef_1	derpy_effect_region_resource_wyvern_scales_production	building_to_building_own	2.0000	1.0000	0.0000	derpy_mr_wyvern_scales_0
wh2_main_special_settlement_colony_minor_hef_2	derpy_effect_region_resource_wyvern_scales_production	building_to_building_own	3.0000	2.0000	0.0000	derpy_mr_wyvern_scales_0
wh2_main_special_settlement_colony_minor_hef_3	derpy_effect_region_resource_wyvern_scales_production	building_to_building_own	4.0000	2.0000	0.0000	derpy_mr_wyvern_scales_0
wh2_main_special_settlement_eight_peaks_skv_1	derpy_effect_region_resource_wyvern_scales_production	building_to_building_own	2.0000	1.0000	0.0000	derpy_mr_wyvern_scales_0
wh2_main_special_settlement_eight_peaks_skv_2	derpy_effect_region_resource_wyvern_scales_production	building_to_building_own	3.0000	2.0000	0.0000	derpy_mr_wyvern_scales_0
wh2_main_special_settlement_eight_peaks_skv_3	derpy_effect_region_resource_wyvern_scales_production	building_to_building_own	4.0000	2.0000	0.0000	derpy_mr_wyvern_scales_0
wh2_main_special_settlement_eight_peaks_skv_4	derpy_effect_region_resource_wyvern_scales_production	building_to_building_own	5.0000	3.0000	0.0000	derpy_mr_wyvern_scales_0
wh2_main_special_settlement_eight_peaks_skv_5	derpy_effect_region_resource_wyvern_scales_production	building_to_building_own	6.0000	3.0000	0.0000	derpy_mr_wyvern_scales_0
wh2_main_special_settlement_gaean_vale_1	derpy_effect_region_resource_wyvern_scales_production	building_to_building_own	2.0000	1.0000	0.0000	derpy_mr_wyvern_scales_0
wh2_main_special_settlement_gaean_vale_2	derpy_effect_region_resource_wyvern_scales_production	building_to_building_own	3.0000	2.0000	0.0000	derpy_mr_wyvern_scales_0
wh2_main_special_settlement_gaean_vale_3	derpy_effect_region_resource_wyvern_scales_production	building_to_building_own	4.0000	2.0000	0.0000	derpy_mr_wyvern_scales_0
wh2_main_special_settlement_gaean_vale_4	derpy_effect_region_resource_wyvern_scales_production	building_to_building_own	5.0000	3.0000	0.0000	derpy_mr_wyvern_scales_0
wh2_main_special_settlement_gaean_vale_5	derpy_effect_region_resource_wyvern_scales_production	building_to_building_own	6.0000	3.0000	0.0000	derpy_mr_wyvern_scales_0
wh_dlc05_special_settlement_gaean_vale_1_wef	derpy_effect_region_resource_wyvern_scales_production	building_to_building_own	2.0000	1.0000	0.0000	derpy_mr_wyvern_scales_0
wh_dlc05_special_settlement_gaean_vale_2_wef	derpy_effect_region_resource_wyvern_scales_production	building_to_building_own	3.0000	2.0000	0.0000	derpy_mr_wyvern_scales_0
wh_dlc05_special_settlement_gaean_vale_3_wef	derpy_effect_region_resource_wyvern_scales_production	building_to_building_own	4.0000	2.0000	0.0000	derpy_mr_wyvern_scales_0
wh_dlc05_special_settlement_gaean_vale_4_wef	derpy_effect_region_resource_wyvern_scales_production	building_to_building_own	5.0000	3.0000	0.0000	derpy_mr_wyvern_scales_0
wh_dlc05_special_settlement_gaean_vale_5_wef	derpy_effect_region_resource_wyvern_scales_production	building_to_building_own	6.0000	3.0000	0.0000	derpy_mr_wyvern_scales_0
wh2_main_special_settlement_hellpit_1	derpy_effect_region_resource_wyvern_scales_production	building_to_building_own	2.0000	1.0000	0.0000	derpy_mr_wyvern_scales_0
wh2_main_special_settlement_hellpit_2	derpy_effect_region_resource_wyvern_scales_production	building_to_building_own	3.0000	2.0000	0.0000	derpy_mr_wyvern_scales_0
wh2_main_special_settlement_hellpit_3	derpy_effect_region_resource_wyvern_scales_production	building_to_building_own	4.0000	2.0000	0.0000	derpy_mr_wyvern_scales_0
wh2_main_special_settlement_hellpit_4	derpy_effect_region_resource_wyvern_scales_production	building_to_building_own	5.0000	3.0000	0.0000	derpy_mr_wyvern_scales_0
wh2_main_special_settlement_hellpit_5	derpy_effect_region_resource_wyvern_scales_production	building_to_building_own	6.0000	3.0000	0.0000	derpy_mr_wyvern_scales_0
wh_dlc05_special_settlement_hellpit_1_wef	derpy_effect_region_resource_wyvern_scales_production	building_to_building_own	2.0000	1.0000	0.0000	derpy_mr_wyvern_scales_0
wh2_main_special_settlement_hexoatl_lzd_1	derpy_effect_region_resource_wyvern_scales_production	building_to_building_own	2.0000	1.0000	0.0000	derpy_mr_wyvern_scales_0
wh2_main_special_settlement_hexoatl_lzd_2	derpy_effect_region_resource_wyvern_scales_production	building_to_building_own	3.0000	2.0000	0.0000	derpy_mr_wyvern_scales_0
wh2_main_special_settlement_hexoatl_lzd_3	derpy_effect_region_resource_wyvern_scales_production	building_to_building_own	4.0000	2.0000	0.0000	derpy_mr_wyvern_scales_0
wh2_main_special_settlement_hexoatl_lzd_4	derpy_effect_region_resource_wyvern_scales_production	building_to_building_own	5.0000	3.0000	0.0000	derpy_mr_wyvern_scales_0
wh2_main_special_settlement_hexoatl_lzd_5	derpy_effect_region_resource_wyvern_scales_production	building_to_building_own	6.0000	3.0000	0.0000	derpy_mr_wyvern_scales_0
wh_dlc05_special_settlement_hexoatl_1_wef	derpy_effect_region_resource_wyvern_scales_production	building_to_building_own	2.0000	1.0000	0.0000	derpy_mr_wyvern_scales_0
wh2_main_special_settlement_itza_lzd_1	derpy_effect_region_resource_wyvern_scales_production	building_to_building_own	2.0000	1.0000	0.0000	derpy_mr_wyvern_scales_0
wh2_main_special_settlement_itza_lzd_2	derpy_effect_region_resource_wyvern_scales_production	building_to_building_own	3.0000	2.0000	0.0000	derpy_mr_wyvern_scales_0
wh2_main_special_settlement_itza_lzd_3	derpy_effect_region_resource_wyvern_scales_production	building_to_building_own	4.0000	2.0000	0.0000	derpy_mr_wyvern_scales_0
wh2_main_special_settlement_itza_lzd_4	derpy_effect_region_resource_wyvern_scales_production	building_to_building_own	5.0000	3.0000	0.0000	derpy_mr_wyvern_scales_0
wh2_main_special_settlement_itza_lzd_5	derpy_effect_region_resource_wyvern_scales_production	building_to_building_own	6.0000	3.0000	0.0000	derpy_mr_wyvern_scales_0
wh_dlc05_special_settlement_itza_1_wef	derpy_effect_region_resource_wyvern_scales_production	building_to_building_own	2.0000	1.0000	0.0000	derpy_mr_wyvern_scales_0
wh2_main_special_settlement_karaz_a_karak_skv_1	derpy_effect_region_resource_wyvern_scales_production	building_to_building_own	2.0000	1.0000	0.0000	derpy_mr_wyvern_scales_0
wh2_main_special_settlement_karaz_a_karak_skv_2	derpy_effect_region_resource_wyvern_scales_production	building_to_building_own	3.0000	2.0000	0.0000	derpy_mr_wyvern_scales_0
wh2_main_special_settlement_karaz_a_karak_skv_3	derpy_effect_region_resource_wyvern_scales_production	building_to_building_own	4.0000	2.0000	0.0000	derpy_mr_wyvern_scales_0
wh2_main_special_settlement_karaz_a_karak_skv_4	derpy_effect_region_resource_wyvern_scales_production	building_to_building_own	5.0000	3.0000	0.0000	derpy_mr_wyvern_scales_0
wh2_main_special_settlement_karaz_a_karak_skv_5	derpy_effect_region_resource_wyvern_scales_production	building_to_building_own	6.0000	3.0000	0.0000	derpy_mr_wyvern_scales_0
wh_dlc05_special_settlement_khemri_1_wef	derpy_effect_region_resource_wyvern_scales_production	building_to_building_own	2.0000	1.0000	0.0000	derpy_mr_wyvern_scales_0
wh_dlc05_special_settlement_konquata_1_wef	derpy_effect_region_resource_wyvern_scales_production	building_to_building_own	2.0000	1.0000	0.0000	derpy_mr_wyvern_scales_0
wh_dlc05_special_settlement_lahmia_1_wef	derpy_effect_region_resource_wyvern_scales_production	building_to_building_own	2.0000	1.0000	0.0000	derpy_mr_wyvern_scales_0
wh2_main_special_settlement_lothern_1	derpy_effect_region_resource_wyvern_scales_production	building_to_building_own	2.0000	1.0000	0.0000	derpy_mr_wyvern_scales_0
wh2_main_special_settlement_lothern_2	derpy_effect_region_resource_wyvern_scales_production	building_to_building_own	3.0000	2.0000	0.0000	derpy_mr_wyvern_scales_0
wh2_main_special_settlement_lothern_3	derpy_effect_region_resource_wyvern_scales_production	building_to_building_own	4.0000	2.0000	0.0000	derpy_mr_wyvern_scales_0
wh2_main_special_settlement_lothern_4	derpy_effect_region_resource_wyvern_scales_production	building_to_building_own	5.0000	3.0000	0.0000	derpy_mr_wyvern_scales_0
wh2_main_special_settlement_lothern_5	derpy_effect_region_resource_wyvern_scales_production	building_to_building_own	6.0000	3.0000	0.0000	derpy_mr_wyvern_scales_0
wh2_main_special_settlement_lothern_def_1	derpy_effect_region_resource_wyvern_scales_production	building_to_building_own	2.0000	1.0000	0.0000	derpy_mr_wyvern_scales_0
wh2_main_special_settlement_lothern_def_2	derpy_effect_region_resource_wyvern_scales_production	building_to_building_own	3.0000	2.0000	0.0000	derpy_mr_wyvern_scales_0
wh2_main_special_settlement_lothern_def_3	derpy_effect_region_resource_wyvern_scales_production	building_to_building_own	4.0000	2.0000	0.0000	derpy_mr_wyvern_scales_0
wh2_main_special_settlement_lothern_def_4	derpy_effect_region_resource_wyvern_scales_production	building_to_building_own	5.0000	3.0000	0.0000	derpy_mr_wyvern_scales_0
wh2_main_special_settlement_lothern_def_5	derpy_effect_region_resource_wyvern_scales_production	building_to_building_own	6.0000	3.0000	0.0000	derpy_mr_wyvern_scales_0
wh_dlc05_special_settlement_lothern_1_wef	derpy_effect_region_resource_wyvern_scales_production	building_to_building_own	2.0000	1.0000	0.0000	derpy_mr_wyvern_scales_0
wh2_main_special_settlement_naggarond_1	derpy_effect_region_resource_wyvern_scales_production	building_to_building_own	2.0000	1.0000	0.0000	derpy_mr_wyvern_scales_0
wh2_main_special_settlement_naggarond_2	derpy_effect_region_resource_wyvern_scales_production	building_to_building_own	3.0000	2.0000	0.0000	derpy_mr_wyvern_scales_0
wh2_main_special_settlement_naggarond_3	derpy_effect_region_resource_wyvern_scales_production	building_to_building_own	4.0000	2.0000	0.0000	derpy_mr_wyvern_scales_0
wh2_main_special_settlement_naggarond_4	derpy_effect_region_resource_wyvern_scales_production	building_to_building_own	5.0000	3.0000	0.0000	derpy_mr_wyvern_scales_0
wh2_main_special_settlement_naggarond_5	derpy_effect_region_resource_wyvern_scales_production	building_to_building_own	6.0000	3.0000	0.0000	derpy_mr_wyvern_scales_0
wh2_main_special_settlement_naggarond_hef_1	derpy_effect_region_resource_wyvern_scales_production	building_to_building_own	2.0000	1.0000	0.0000	derpy_mr_wyvern_scales_0
wh2_main_special_settlement_naggarond_hef_2	derpy_effect_region_resource_wyvern_scales_production	building_to_building_own	3.0000	2.0000	0.0000	derpy_mr_wyvern_scales_0
wh2_main_special_settlement_naggarond_hef_3	derpy_effect_region_resource_wyvern_scales_production	building_to_building_own	4.0000	2.0000	0.0000	derpy_mr_wyvern_scales_0
wh2_main_special_settlement_naggarond_hef_4	derpy_effect_region_resource_wyvern_scales_production	building_to_building_own	5.0000	3.0000	0.0000	derpy_mr_wyvern_scales_0
wh2_main_special_settlement_naggarond_hef_5	derpy_effect_region_resource_wyvern_scales_production	building_to_building_own	6.0000	3.0000	0.0000	derpy_mr_wyvern_scales_0
wh_dlc05_special_settlement_naggarond_1_wef	derpy_effect_region_resource_wyvern_scales_production	building_to_building_own	2.0000	1.0000	0.0000	derpy_mr_wyvern_scales_0
wh2_main_special_settlement_pyramid_of_nagash_1_wef	derpy_effect_region_resource_wyvern_scales_production	building_to_building_own	2.0000	1.0000	0.0000	derpy_mr_wyvern_scales_0
wh2_main_special_settlement_sartosa_brt_1	derpy_effect_region_resource_wyvern_scales_production	building_to_building_own	2.0000	1.0000	0.0000	derpy_mr_wyvern_scales_0
wh2_main_special_settlement_sartosa_brt_2	derpy_effect_region_resource_wyvern_scales_production	building_to_building_own	3.0000	2.0000	0.0000	derpy_mr_wyvern_scales_0
wh2_main_special_settlement_sartosa_brt_3	derpy_effect_region_resource_wyvern_scales_production	building_to_building_own	4.0000	2.0000	0.0000	derpy_mr_wyvern_scales_0
wh2_main_special_settlement_sartosa_brt_4	derpy_effect_region_resource_wyvern_scales_production	building_to_building_own	5.0000	3.0000	0.0000	derpy_mr_wyvern_scales_0
wh2_main_special_settlement_sartosa_brt_5	derpy_effect_region_resource_wyvern_scales_production	building_to_building_own	6.0000	3.0000	0.0000	derpy_mr_wyvern_scales_0
wh2_main_special_settlement_sartosa_cst_1	derpy_effect_region_resource_wyvern_scales_production	building_to_building_own	2.0000	1.0000	0.0000	derpy_mr_wyvern_scales_0
wh2_main_special_settlement_sartosa_cst_2	derpy_effect_region_resource_wyvern_scales_production	building_to_building_own	3.0000	2.0000	0.0000	derpy_mr_wyvern_scales_0
wh2_main_special_settlement_sartosa_cst_3	derpy_effect_region_resource_wyvern_scales_production	building_to_building_own	4.0000	2.0000	0.0000	derpy_mr_wyvern_scales_0
wh2_main_special_settlement_sartosa_cst_4	derpy_effect_region_resource_wyvern_scales_production	building_to_building_own	5.0000	3.0000	0.0000	derpy_mr_wyvern_scales_0
wh2_main_special_settlement_sartosa_cst_5	derpy_effect_region_resource_wyvern_scales_production	building_to_building_own	6.0000	3.0000	0.0000	derpy_mr_wyvern_scales_0
wh2_main_special_settlement_sartosa_def_1	derpy_effect_region_resource_wyvern_scales_production	building_to_building_own	2.0000	1.0000	0.0000	derpy_mr_wyvern_scales_0
wh2_main_special_settlement_sartosa_def_2	derpy_effect_region_resource_wyvern_scales_production	building_to_building_own	3.0000	2.0000	0.0000	derpy_mr_wyvern_scales_0
wh2_main_special_settlement_sartosa_def_3	derpy_effect_region_resource_wyvern_scales_production	building_to_building_own	4.0000	2.0000	0.0000	derpy_mr_wyvern_scales_0
wh2_main_special_settlement_sartosa_def_4	derpy_effect_region_resource_wyvern_scales_production	building_to_building_own	5.0000	3.0000	0.0000	derpy_mr_wyvern_scales_0
wh2_main_special_settlement_sartosa_def_5	derpy_effect_region_resource_wyvern_scales_production	building_to_building_own	6.0000	3.0000	0.0000	derpy_mr_wyvern_scales_0
wh2_main_special_settlement_sartosa_emp_1	derpy_effect_region_resource_wyvern_scales_production	building_to_building_own	2.0000	1.0000	0.0000	derpy_mr_wyvern_scales_0
wh2_main_special_settlement_sartosa_emp_2	derpy_effect_region_resource_wyvern_scales_production	building_to_building_own	3.0000	2.0000	0.0000	derpy_mr_wyvern_scales_0
wh2_main_special_settlement_sartosa_emp_3	derpy_effect_region_resource_wyvern_scales_production	building_to_building_own	4.0000	2.0000	0.0000	derpy_mr_wyvern_scales_0
wh2_main_special_settlement_sartosa_emp_4	derpy_effect_region_resource_wyvern_scales_production	building_to_building_own	5.0000	3.0000	0.0000	derpy_mr_wyvern_scales_0
wh2_main_special_settlement_sartosa_emp_5	derpy_effect_region_resource_wyvern_scales_production	building_to_building_own	6.0000	3.0000	0.0000	derpy_mr_wyvern_scales_0
wh2_main_special_settlement_sartosa_wef_1	derpy_effect_region_resource_wyvern_scales_production	building_to_building_own	2.0000	1.0000	0.0000	derpy_mr_wyvern_scales_0
wh2_main_special_settlement_skavenblight_1	derpy_effect_region_resource_wyvern_scales_production	building_to_building_own	2.0000	1.0000	0.0000	derpy_mr_wyvern_scales_0
wh2_main_special_settlement_skavenblight_2	derpy_effect_region_resource_wyvern_scales_production	building_to_building_own	3.0000	2.0000	0.0000	derpy_mr_wyvern_scales_0
wh2_main_special_settlement_skavenblight_3	derpy_effect_region_resource_wyvern_scales_production	building_to_building_own	4.0000	2.0000	0.0000	derpy_mr_wyvern_scales_0
wh2_main_special_settlement_skavenblight_4	derpy_effect_region_resource_wyvern_scales_production	building_to_building_own	5.0000	3.0000	0.0000	derpy_mr_wyvern_scales_0
wh2_main_special_settlement_skavenblight_5	derpy_effect_region_resource_wyvern_scales_production	building_to_building_own	6.0000	3.0000	0.0000	derpy_mr_wyvern_scales_0
wh_dlc05_special_settlement_skavenblight_1_wef	derpy_effect_region_resource_wyvern_scales_production	building_to_building_own	2.0000	1.0000	0.0000	derpy_mr_wyvern_scales_0
wh2_main_special_settlement_the_awakening_cst_1	derpy_effect_region_resource_wyvern_scales_production	building_to_building_own	2.0000	1.0000	0.0000	derpy_mr_wyvern_scales_0
wh2_main_special_settlement_the_awakening_cst_2	derpy_effect_region_resource_wyvern_scales_production	building_to_building_own	3.0000	2.0000	0.0000	derpy_mr_wyvern_scales_0
wh2_main_special_settlement_the_awakening_cst_3	derpy_effect_region_resource_wyvern_scales_production	building_to_building_own	4.0000	2.0000	0.0000	derpy_mr_wyvern_scales_0
wh2_main_special_settlement_the_awakening_cst_4	derpy_effect_region_resource_wyvern_scales_production	building_to_building_own	5.0000	3.0000	0.0000	derpy_mr_wyvern_scales_0
wh2_main_special_settlement_the_awakening_cst_5	derpy_effect_region_resource_wyvern_scales_production	building_to_building_own	6.0000	3.0000	0.0000	derpy_mr_wyvern_scales_0
wh2_main_special_settlement_the_awakening_wef_1	derpy_effect_region_resource_wyvern_scales_production	building_to_building_own	2.0000	1.0000	0.0000	derpy_mr_wyvern_scales_0
wh2_main_wef_oak_of_ages_occupied_1	derpy_effect_region_resource_wyvern_scales_production	building_to_building_own	2.0000	1.0000	0.0000	derpy_mr_wyvern_scales_0
wh2_twa03_special_settlement_konquata_lzd_1	derpy_effect_region_resource_wyvern_scales_production	building_to_building_own	2.0000	1.0000	0.0000	derpy_mr_wyvern_scales_0
wh2_twa03_special_settlement_konquata_lzd_2	derpy_effect_region_resource_wyvern_scales_production	building_to_building_own	3.0000	2.0000	0.0000	derpy_mr_wyvern_scales_0
wh2_twa03_special_settlement_konquata_lzd_3	derpy_effect_region_resource_wyvern_scales_production	building_to_building_own	4.0000	2.0000	0.0000	derpy_mr_wyvern_scales_0
wh2_twa03_special_settlement_konquata_lzd_4	derpy_effect_region_resource_wyvern_scales_production	building_to_building_own	5.0000	3.0000	0.0000	derpy_mr_wyvern_scales_0
wh2_twa03_special_settlement_konquata_lzd_5	derpy_effect_region_resource_wyvern_scales_production	building_to_building_own	6.0000	3.0000	0.0000	derpy_mr_wyvern_scales_0
wh3_cp1_cth_bhashiva_settlement_major_1	derpy_effect_region_resource_wyvern_scales_production	building_to_building_own	2.0000	1.0000	0.0000	derpy_mr_wyvern_scales_0
wh3_cp1_cth_bhashiva_settlement_major_2	derpy_effect_region_resource_wyvern_scales_production	building_to_building_own	3.0000	2.0000	0.0000	derpy_mr_wyvern_scales_0
wh3_cp1_cth_bhashiva_settlement_major_3	derpy_effect_region_resource_wyvern_scales_production	building_to_building_own	4.0000	2.0000	0.0000	derpy_mr_wyvern_scales_0
wh3_cp1_cth_bhashiva_settlement_major_4	derpy_effect_region_resource_wyvern_scales_production	building_to_building_own	5.0000	3.0000	0.0000	derpy_mr_wyvern_scales_0
wh3_cp1_cth_bhashiva_settlement_major_5	derpy_effect_region_resource_wyvern_scales_production	building_to_building_own	6.0000	3.0000	0.0000	derpy_mr_wyvern_scales_0
wh3_cp1_cth_bhashiva_settlement_minor_1	derpy_effect_region_resource_wyvern_scales_production	building_to_building_own	2.0000	1.0000	0.0000	derpy_mr_wyvern_scales_0
wh3_cp1_cth_bhashiva_settlement_minor_2	derpy_effect_region_resource_wyvern_scales_production	building_to_building_own	3.0000	2.0000	0.0000	derpy_mr_wyvern_scales_0
wh3_cp1_cth_bhashiva_settlement_minor_3	derpy_effect_region_resource_wyvern_scales_production	building_to_building_own	4.0000	2.0000	0.0000	derpy_mr_wyvern_scales_0
wh3_dlc20_woc_chaos_altar_major_human_1	derpy_effect_region_resource_wyvern_scales_production	building_to_building_own	2.0000	1.0000	0.0000	derpy_mr_wyvern_scales_0
wh3_dlc20_woc_chaos_altar_special_gate_settlement_1	derpy_effect_region_resource_wyvern_scales_production	building_to_building_own	2.0000	1.0000	0.0000	derpy_mr_wyvern_scales_0
wh3_dlc20_woc_chaos_altar_special_gate_settlement_2	derpy_effect_region_resource_wyvern_scales_production	building_to_building_own	3.0000	2.0000	0.0000	derpy_mr_wyvern_scales_0
wh3_dlc20_woc_chaos_altar_special_gate_settlement_3	derpy_effect_region_resource_wyvern_scales_production	building_to_building_own	4.0000	2.0000	0.0000	derpy_mr_wyvern_scales_0
wh3_dlc20_settlement_woc_dark_fortress_1	derpy_effect_region_resource_wyvern_scales_production	building_to_building_own	2.0000	1.0000	0.0000	derpy_mr_wyvern_scales_0
wh3_dlc20_settlement_woc_dark_fortress_2	derpy_effect_region_resource_wyvern_scales_production	building_to_building_own	3.0000	2.0000	0.0000	derpy_mr_wyvern_scales_0
wh3_dlc20_settlement_woc_dark_fortress_3	derpy_effect_region_resource_wyvern_scales_production	building_to_building_own	4.0000	2.0000	0.0000	derpy_mr_wyvern_scales_0
wh3_dlc20_settlement_woc_dark_fortress_4	derpy_effect_region_resource_wyvern_scales_production	building_to_building_own	5.0000	3.0000	0.0000	derpy_mr_wyvern_scales_0
wh3_dlc20_settlement_woc_dark_fortress_5	derpy_effect_region_resource_wyvern_scales_production	building_to_building_own	6.0000	3.0000	0.0000	derpy_mr_wyvern_scales_0
wh3_dlc23_chd_settlement_factory_1	derpy_effect_region_resource_wyvern_scales_production	building_to_building_own	2.0000	1.0000	0.0000	derpy_mr_wyvern_scales_0
wh3_dlc23_chd_settlement_factory_2	derpy_effect_region_resource_wyvern_scales_production	building_to_building_own	3.0000	2.0000	0.0000	derpy_mr_wyvern_scales_0
wh3_dlc23_chd_settlement_factory_3	derpy_effect_region_resource_wyvern_scales_production	building_to_building_own	4.0000	2.0000	0.0000	derpy_mr_wyvern_scales_0
wh3_dlc23_chd_settlement_outpost_1	derpy_effect_region_resource_wyvern_scales_production	building_to_building_own	2.0000	1.0000	0.0000	derpy_mr_wyvern_scales_0
wh3_dlc23_chd_settlement_outpost_2	derpy_effect_region_resource_wyvern_scales_production	building_to_building_own	3.0000	2.0000	0.0000	derpy_mr_wyvern_scales_0
wh3_dlc23_chd_settlement_outpost_3	derpy_effect_region_resource_wyvern_scales_production	building_to_building_own	4.0000	2.0000	0.0000	derpy_mr_wyvern_scales_0
wh3_dlc23_chd_settlement_tower_1	derpy_effect_region_resource_wyvern_scales_production	building_to_building_own	2.0000	1.0000	0.0000	derpy_mr_wyvern_scales_0
wh3_dlc23_chd_settlement_tower_2	derpy_effect_region_resource_wyvern_scales_production	building_to_building_own	3.0000	2.0000	0.0000	derpy_mr_wyvern_scales_0
wh3_dlc23_chd_settlement_tower_3	derpy_effect_region_resource_wyvern_scales_production	building_to_building_own	4.0000	2.0000	0.0000	derpy_mr_wyvern_scales_0
wh3_dlc23_chd_settlement_tower_4	derpy_effect_region_resource_wyvern_scales_production	building_to_building_own	5.0000	3.0000	0.0000	derpy_mr_wyvern_scales_0
wh3_dlc23_chd_settlement_tower_5	derpy_effect_region_resource_wyvern_scales_production	building_to_building_own	6.0000	3.0000	0.0000	derpy_mr_wyvern_scales_0
wh3_dlc23_chd_special_settlement_tower_1	derpy_effect_region_resource_wyvern_scales_production	building_to_building_own	2.0000	1.0000	0.0000	derpy_mr_wyvern_scales_0
wh3_dlc23_chd_special_settlement_tower_2	derpy_effect_region_resource_wyvern_scales_production	building_to_building_own	3.0000	2.0000	0.0000	derpy_mr_wyvern_scales_0
wh3_dlc23_chd_special_settlement_tower_3	derpy_effect_region_resource_wyvern_scales_production	building_to_building_own	4.0000	2.0000	0.0000	derpy_mr_wyvern_scales_0
wh3_dlc23_chd_special_settlement_tower_4	derpy_effect_region_resource_wyvern_scales_production	building_to_building_own	5.0000	3.0000	0.0000	derpy_mr_wyvern_scales_0
wh3_dlc23_chd_special_settlement_tower_5	derpy_effect_region_resource_wyvern_scales_production	building_to_building_own	6.0000	3.0000	0.0000	derpy_mr_wyvern_scales_0
wh3_dlc23_special_empire_fort_chd_1	derpy_effect_region_resource_wyvern_scales_production	building_to_building_own	2.0000	1.0000	0.0000	derpy_mr_wyvern_scales_0
wh3_dlc23_special_empire_fort_chd_2	derpy_effect_region_resource_wyvern_scales_production	building_to_building_own	3.0000	2.0000	0.0000	derpy_mr_wyvern_scales_0
wh3_dlc23_special_empire_fort_chd_3	derpy_effect_region_resource_wyvern_scales_production	building_to_building_own	4.0000	2.0000	0.0000	derpy_mr_wyvern_scales_0
wh3_dlc23_special_empire_fort_chd_4	derpy_effect_region_resource_wyvern_scales_production	building_to_building_own	5.0000	3.0000	0.0000	derpy_mr_wyvern_scales_0
wh3_dlc23_special_empire_fort_chd_5	derpy_effect_region_resource_wyvern_scales_production	building_to_building_own	6.0000	3.0000	0.0000	derpy_mr_wyvern_scales_0
wh2_main_special_fortress_gate_eagle_chd_1	derpy_effect_region_resource_wyvern_scales_production	building_to_building_own	2.0000	1.0000	0.0000	derpy_mr_wyvern_scales_0
wh2_main_special_fortress_gate_eagle_chd_2	derpy_effect_region_resource_wyvern_scales_production	building_to_building_own	3.0000	2.0000	0.0000	derpy_mr_wyvern_scales_0
wh2_main_special_fortress_gate_eagle_chd_3	derpy_effect_region_resource_wyvern_scales_production	building_to_building_own	4.0000	2.0000	0.0000	derpy_mr_wyvern_scales_0
wh2_main_special_fortress_gate_eagle_chd_4	derpy_effect_region_resource_wyvern_scales_production	building_to_building_own	5.0000	3.0000	0.0000	derpy_mr_wyvern_scales_0
wh2_main_special_fortress_gate_eagle_chd_5	derpy_effect_region_resource_wyvern_scales_production	building_to_building_own	6.0000	3.0000	0.0000	derpy_mr_wyvern_scales_0
wh2_main_special_fortress_gate_griffon_chd_1	derpy_effect_region_resource_wyvern_scales_production	building_to_building_own	2.0000	1.0000	0.0000	derpy_mr_wyvern_scales_0
wh2_main_special_fortress_gate_griffon_chd_2	derpy_effect_region_resource_wyvern_scales_production	building_to_building_own	3.0000	2.0000	0.0000	derpy_mr_wyvern_scales_0
wh2_main_special_fortress_gate_griffon_chd_3	derpy_effect_region_resource_wyvern_scales_production	building_to_building_own	4.0000	2.0000	0.0000	derpy_mr_wyvern_scales_0
wh2_main_special_fortress_gate_griffon_chd_4	derpy_effect_region_resource_wyvern_scales_production	building_to_building_own	5.0000	3.0000	0.0000	derpy_mr_wyvern_scales_0
wh2_main_special_fortress_gate_griffon_chd_5	derpy_effect_region_resource_wyvern_scales_production	building_to_building_own	6.0000	3.0000	0.0000	derpy_mr_wyvern_scales_0
wh2_main_special_fortress_gate_phoenix_chd_1	derpy_effect_region_resource_wyvern_scales_production	building_to_building_own	2.0000	1.0000	0.0000	derpy_mr_wyvern_scales_0
wh2_main_special_fortress_gate_phoenix_chd_2	derpy_effect_region_resource_wyvern_scales_production	building_to_building_own	3.0000	2.0000	0.0000	derpy_mr_wyvern_scales_0
wh2_main_special_fortress_gate_phoenix_chd_3	derpy_effect_region_resource_wyvern_scales_production	building_to_building_own	4.0000	2.0000	0.0000	derpy_mr_wyvern_scales_0
wh2_main_special_fortress_gate_phoenix_chd_4	derpy_effect_region_resource_wyvern_scales_production	building_to_building_own	5.0000	3.0000	0.0000	derpy_mr_wyvern_scales_0
wh2_main_special_fortress_gate_phoenix_chd_5	derpy_effect_region_resource_wyvern_scales_production	building_to_building_own	6.0000	3.0000	0.0000	derpy_mr_wyvern_scales_0
wh2_main_special_fortress_gate_unicorn_chd_1	derpy_effect_region_resource_wyvern_scales_production	building_to_building_own	2.0000	1.0000	0.0000	derpy_mr_wyvern_scales_0
wh2_main_special_fortress_gate_unicorn_chd_2	derpy_effect_region_resource_wyvern_scales_production	building_to_building_own	3.0000	2.0000	0.0000	derpy_mr_wyvern_scales_0
wh2_main_special_fortress_gate_unicorn_chd_3	derpy_effect_region_resource_wyvern_scales_production	building_to_building_own	4.0000	2.0000	0.0000	derpy_mr_wyvern_scales_0
wh2_main_special_fortress_gate_unicorn_chd_4	derpy_effect_region_resource_wyvern_scales_production	building_to_building_own	5.0000	3.0000	0.0000	derpy_mr_wyvern_scales_0
wh2_main_special_fortress_gate_unicorn_chd_5	derpy_effect_region_resource_wyvern_scales_production	building_to_building_own	6.0000	3.0000	0.0000	derpy_mr_wyvern_scales_0
wh3_main_special_settlement_bastion_chd_1	derpy_effect_region_resource_wyvern_scales_production	building_to_building_own	2.0000	1.0000	0.0000	derpy_mr_wyvern_scales_0
wh3_main_special_settlement_bastion_chd_2	derpy_effect_region_resource_wyvern_scales_production	building_to_building_own	3.0000	2.0000	0.0000	derpy_mr_wyvern_scales_0
wh3_main_special_settlement_bastion_chd_3	derpy_effect_region_resource_wyvern_scales_production	building_to_building_own	4.0000	2.0000	0.0000	derpy_mr_wyvern_scales_0
wh3_main_special_settlement_bastion_chd_4	derpy_effect_region_resource_wyvern_scales_production	building_to_building_own	5.0000	3.0000	0.0000	derpy_mr_wyvern_scales_0
wh3_main_special_settlement_bastion_chd_5	derpy_effect_region_resource_wyvern_scales_production	building_to_building_own	6.0000	3.0000	0.0000	derpy_mr_wyvern_scales_0
wh3_dlc25_dwf_special_settlement_oak_of_ages_1	derpy_effect_region_resource_wyvern_scales_production	building_to_building_own	2.0000	1.0000	0.0000	derpy_mr_wyvern_scales_0
wh3_dlc27_hef_colony_settlement_major_1	derpy_effect_region_resource_wyvern_scales_production	building_to_building_own	2.0000	1.0000	0.0000	derpy_mr_wyvern_scales_0
wh3_dlc27_hef_colony_settlement_major_2	derpy_effect_region_resource_wyvern_scales_production	building_to_building_own	3.0000	2.0000	0.0000	derpy_mr_wyvern_scales_0
wh3_dlc27_hef_colony_settlement_major_3	derpy_effect_region_resource_wyvern_scales_production	building_to_building_own	4.0000	2.0000	0.0000	derpy_mr_wyvern_scales_0
wh3_dlc27_hef_colony_settlement_major_4	derpy_effect_region_resource_wyvern_scales_production	building_to_building_own	5.0000	3.0000	0.0000	derpy_mr_wyvern_scales_0
wh3_dlc27_hef_colony_settlement_major_5	derpy_effect_region_resource_wyvern_scales_production	building_to_building_own	6.0000	3.0000	0.0000	derpy_mr_wyvern_scales_0
wh3_dlc27_hef_colony_settlement_minor_1	derpy_effect_region_resource_wyvern_scales_production	building_to_building_own	2.0000	1.0000	0.0000	derpy_mr_wyvern_scales_0
wh3_dlc27_hef_colony_settlement_minor_2	derpy_effect_region_resource_wyvern_scales_production	building_to_building_own	3.0000	2.0000	0.0000	derpy_mr_wyvern_scales_0
wh3_dlc27_hef_colony_settlement_minor_3	derpy_effect_region_resource_wyvern_scales_production	building_to_building_own	4.0000	2.0000	0.0000	derpy_mr_wyvern_scales_0
wh3_dlc27_nor_chaos_altar_und_minor_human_1	derpy_effect_region_resource_wyvern_scales_production	building_to_building_own	2.0000	1.0000	0.0000	derpy_mr_wyvern_scales_0
wh3_dlc27_nor_chaos_altar_und_minor_human_2	derpy_effect_region_resource_wyvern_scales_production	building_to_building_own	3.0000	2.0000	0.0000	derpy_mr_wyvern_scales_0
wh3_dlc27_nor_chaos_altar_und_minor_human_3	derpy_effect_region_resource_wyvern_scales_production	building_to_building_own	4.0000	2.0000	0.0000	derpy_mr_wyvern_scales_0
wh3_dlc27_settlement_nor_chaos_altar_und_special_gate_1	derpy_effect_region_resource_wyvern_scales_production	building_to_building_own	2.0000	1.0000	0.0000	derpy_mr_wyvern_scales_0
wh3_dlc27_settlement_nor_chaos_altar_und_special_gate_2	derpy_effect_region_resource_wyvern_scales_production	building_to_building_own	3.0000	2.0000	0.0000	derpy_mr_wyvern_scales_0
wh3_dlc27_settlement_nor_chaos_altar_und_special_gate_3	derpy_effect_region_resource_wyvern_scales_production	building_to_building_own	4.0000	2.0000	0.0000	derpy_mr_wyvern_scales_0
wh3_dlc27_nor_chaos_altar_und_minor_human_port_1	derpy_effect_region_resource_wyvern_scales_production	building_to_building_own	2.0000	1.0000	0.0000	derpy_mr_wyvern_scales_0
wh3_dlc27_nor_chaos_altar_und_minor_human_port_2	derpy_effect_region_resource_wyvern_scales_production	building_to_building_own	3.0000	2.0000	0.0000	derpy_mr_wyvern_scales_0
wh3_dlc27_nor_chaos_altar_und_minor_human_port_3	derpy_effect_region_resource_wyvern_scales_production	building_to_building_own	4.0000	2.0000	0.0000	derpy_mr_wyvern_scales_0
wh3_dlc29_settlement_woc_nurgle_garden_ruins	derpy_effect_region_resource_wyvern_scales_production	building_to_building_own	2.0000	1.0000	0.0000	derpy_mr_wyvern_scales_0
wh3_dlc29_settlement_woc_nurgle_garden_1	derpy_effect_region_resource_wyvern_scales_production	building_to_building_own	3.0000	2.0000	0.0000	derpy_mr_wyvern_scales_0
wh3_dlc29_settlement_woc_nurgle_garden_2	derpy_effect_region_resource_wyvern_scales_production	building_to_building_own	4.0000	2.0000	0.0000	derpy_mr_wyvern_scales_0
wh3_dlc29_settlement_woc_nurgle_garden_3	derpy_effect_region_resource_wyvern_scales_production	building_to_building_own	5.0000	3.0000	0.0000	derpy_mr_wyvern_scales_0
wh3_dlc29_settlement_woc_nurgle_garden_4	derpy_effect_region_resource_wyvern_scales_production	building_to_building_own	6.0000	3.0000	0.0000	derpy_mr_wyvern_scales_0
wh3_dlc29_settlement_woc_nurgle_garden_5	derpy_effect_region_resource_wyvern_scales_production	building_to_building_own	6.0000	3.0000	0.0000	derpy_mr_wyvern_scales_0
wh3_dlc29_settlement_woc_nurgle_garden_minor_ruins	derpy_effect_region_resource_wyvern_scales_production	building_to_building_own	2.0000	1.0000	0.0000	derpy_mr_wyvern_scales_0
wh3_dlc29_settlement_woc_nurgle_garden_minor_1	derpy_effect_region_resource_wyvern_scales_production	building_to_building_own	3.0000	2.0000	0.0000	derpy_mr_wyvern_scales_0
wh3_dlc29_settlement_woc_nurgle_garden_minor_2	derpy_effect_region_resource_wyvern_scales_production	building_to_building_own	4.0000	2.0000	0.0000	derpy_mr_wyvern_scales_0
wh3_dlc29_settlement_woc_nurgle_garden_minor_3	derpy_effect_region_resource_wyvern_scales_production	building_to_building_own	5.0000	3.0000	0.0000	derpy_mr_wyvern_scales_0
wh3_dlc29_special_settlement_middenheim_1_emp	derpy_effect_region_resource_wyvern_scales_production	building_to_building_own	2.0000	1.0000	0.0000	derpy_mr_wyvern_scales_0
wh3_dlc29_special_settlement_middenheim_2_emp	derpy_effect_region_resource_wyvern_scales_production	building_to_building_own	3.0000	2.0000	0.0000	derpy_mr_wyvern_scales_0
wh3_dlc29_special_settlement_middenheim_3_emp	derpy_effect_region_resource_wyvern_scales_production	building_to_building_own	4.0000	2.0000	0.0000	derpy_mr_wyvern_scales_0
wh3_dlc29_special_settlement_middenheim_4_emp	derpy_effect_region_resource_wyvern_scales_production	building_to_building_own	5.0000	3.0000	0.0000	derpy_mr_wyvern_scales_0
wh3_dlc29_special_settlement_middenheim_5_emp	derpy_effect_region_resource_wyvern_scales_production	building_to_building_own	6.0000	3.0000	0.0000	derpy_mr_wyvern_scales_0
wh3_main_chs_settlement_minor_1	derpy_effect_region_resource_wyvern_scales_production	building_to_building_own	2.0000	1.0000	0.0000	derpy_mr_wyvern_scales_0
wh3_main_chs_settlement_minor_2	derpy_effect_region_resource_wyvern_scales_production	building_to_building_own	3.0000	2.0000	0.0000	derpy_mr_wyvern_scales_0
wh3_main_chs_settlement_minor_3	derpy_effect_region_resource_wyvern_scales_production	building_to_building_own	4.0000	2.0000	0.0000	derpy_mr_wyvern_scales_0
wh3_main_cth_bastion_primary_1	derpy_effect_region_resource_wyvern_scales_production	building_to_building_own	2.0000	1.0000	0.0000	derpy_mr_wyvern_scales_0
wh3_main_cth_bastion_primary_2	derpy_effect_region_resource_wyvern_scales_production	building_to_building_own	3.0000	2.0000	0.0000	derpy_mr_wyvern_scales_0
wh3_main_cth_bastion_primary_3	derpy_effect_region_resource_wyvern_scales_production	building_to_building_own	4.0000	2.0000	0.0000	derpy_mr_wyvern_scales_0
wh3_main_cth_bastion_primary_4	derpy_effect_region_resource_wyvern_scales_production	building_to_building_own	5.0000	3.0000	0.0000	derpy_mr_wyvern_scales_0
wh3_main_cth_bastion_primary_5	derpy_effect_region_resource_wyvern_scales_production	building_to_building_own	6.0000	3.0000	0.0000	derpy_mr_wyvern_scales_0
wh3_main_cth_settlement_major_1	derpy_effect_region_resource_wyvern_scales_production	building_to_building_own	2.0000	1.0000	0.0000	derpy_mr_wyvern_scales_0
wh3_main_cth_settlement_major_2	derpy_effect_region_resource_wyvern_scales_production	building_to_building_own	3.0000	2.0000	0.0000	derpy_mr_wyvern_scales_0
wh3_main_cth_settlement_major_3	derpy_effect_region_resource_wyvern_scales_production	building_to_building_own	4.0000	2.0000	0.0000	derpy_mr_wyvern_scales_0
wh3_main_cth_settlement_major_4	derpy_effect_region_resource_wyvern_scales_production	building_to_building_own	5.0000	3.0000	0.0000	derpy_mr_wyvern_scales_0
wh3_main_cth_settlement_major_5	derpy_effect_region_resource_wyvern_scales_production	building_to_building_own	6.0000	3.0000	0.0000	derpy_mr_wyvern_scales_0
wh3_main_cth_settlement_minor_1	derpy_effect_region_resource_wyvern_scales_production	building_to_building_own	2.0000	1.0000	0.0000	derpy_mr_wyvern_scales_0
wh3_main_cth_settlement_minor_2	derpy_effect_region_resource_wyvern_scales_production	building_to_building_own	3.0000	2.0000	0.0000	derpy_mr_wyvern_scales_0
wh3_main_cth_settlement_minor_3	derpy_effect_region_resource_wyvern_scales_production	building_to_building_own	4.0000	2.0000	0.0000	derpy_mr_wyvern_scales_0
wh3_main_ksl_erengrad_city_1	derpy_effect_region_resource_wyvern_scales_production	building_to_building_own	2.0000	1.0000	0.0000	derpy_mr_wyvern_scales_0
wh3_main_ksl_erengrad_city_2	derpy_effect_region_resource_wyvern_scales_production	building_to_building_own	3.0000	2.0000	0.0000	derpy_mr_wyvern_scales_0
wh3_main_ksl_erengrad_city_3	derpy_effect_region_resource_wyvern_scales_production	building_to_building_own	4.0000	2.0000	0.0000	derpy_mr_wyvern_scales_0
wh3_main_ksl_erengrad_city_4	derpy_effect_region_resource_wyvern_scales_production	building_to_building_own	5.0000	3.0000	0.0000	derpy_mr_wyvern_scales_0
wh3_main_ksl_erengrad_city_5	derpy_effect_region_resource_wyvern_scales_production	building_to_building_own	6.0000	3.0000	0.0000	derpy_mr_wyvern_scales_0
wh3_main_ksl_kislev_city_1	derpy_effect_region_resource_wyvern_scales_production	building_to_building_own	2.0000	1.0000	0.0000	derpy_mr_wyvern_scales_0
wh3_main_ksl_kislev_city_2	derpy_effect_region_resource_wyvern_scales_production	building_to_building_own	3.0000	2.0000	0.0000	derpy_mr_wyvern_scales_0
wh3_main_ksl_kislev_city_3	derpy_effect_region_resource_wyvern_scales_production	building_to_building_own	4.0000	2.0000	0.0000	derpy_mr_wyvern_scales_0
wh3_main_ksl_kislev_city_4	derpy_effect_region_resource_wyvern_scales_production	building_to_building_own	5.0000	3.0000	0.0000	derpy_mr_wyvern_scales_0
wh3_main_ksl_kislev_city_5	derpy_effect_region_resource_wyvern_scales_production	building_to_building_own	6.0000	3.0000	0.0000	derpy_mr_wyvern_scales_0
wh3_main_ksl_praag_city_1	derpy_effect_region_resource_wyvern_scales_production	building_to_building_own	2.0000	1.0000	0.0000	derpy_mr_wyvern_scales_0
wh3_main_ksl_praag_city_2	derpy_effect_region_resource_wyvern_scales_production	building_to_building_own	3.0000	2.0000	0.0000	derpy_mr_wyvern_scales_0
wh3_main_ksl_praag_city_3	derpy_effect_region_resource_wyvern_scales_production	building_to_building_own	4.0000	2.0000	0.0000	derpy_mr_wyvern_scales_0
wh3_main_ksl_praag_city_4	derpy_effect_region_resource_wyvern_scales_production	building_to_building_own	5.0000	3.0000	0.0000	derpy_mr_wyvern_scales_0
wh3_main_ksl_praag_city_5	derpy_effect_region_resource_wyvern_scales_production	building_to_building_own	6.0000	3.0000	0.0000	derpy_mr_wyvern_scales_0
wh3_main_ksl_settlement_major_1	derpy_effect_region_resource_wyvern_scales_production	building_to_building_own	2.0000	1.0000	0.0000	derpy_mr_wyvern_scales_0
wh3_main_ksl_settlement_major_2	derpy_effect_region_resource_wyvern_scales_production	building_to_building_own	3.0000	2.0000	0.0000	derpy_mr_wyvern_scales_0
wh3_main_ksl_settlement_major_3	derpy_effect_region_resource_wyvern_scales_production	building_to_building_own	4.0000	2.0000	0.0000	derpy_mr_wyvern_scales_0
wh3_main_ksl_settlement_major_4	derpy_effect_region_resource_wyvern_scales_production	building_to_building_own	5.0000	3.0000	0.0000	derpy_mr_wyvern_scales_0
wh3_main_ksl_settlement_major_5	derpy_effect_region_resource_wyvern_scales_production	building_to_building_own	6.0000	3.0000	0.0000	derpy_mr_wyvern_scales_0
wh3_main_ksl_settlement_minor_1	derpy_effect_region_resource_wyvern_scales_production	building_to_building_own	2.0000	1.0000	0.0000	derpy_mr_wyvern_scales_0
wh3_main_ksl_settlement_minor_2	derpy_effect_region_resource_wyvern_scales_production	building_to_building_own	3.0000	2.0000	0.0000	derpy_mr_wyvern_scales_0
wh3_main_ksl_settlement_minor_3	derpy_effect_region_resource_wyvern_scales_production	building_to_building_own	4.0000	2.0000	0.0000	derpy_mr_wyvern_scales_0
wh3_main_ogr_settlement_major_1	derpy_effect_region_resource_wyvern_scales_production	building_to_building_own	2.0000	1.0000	0.0000	derpy_mr_wyvern_scales_0
wh3_main_ogr_settlement_major_2	derpy_effect_region_resource_wyvern_scales_production	building_to_building_own	3.0000	2.0000	0.0000	derpy_mr_wyvern_scales_0
wh3_main_ogr_settlement_major_3	derpy_effect_region_resource_wyvern_scales_production	building_to_building_own	4.0000	2.0000	0.0000	derpy_mr_wyvern_scales_0
wh3_main_ogr_settlement_minor_1	derpy_effect_region_resource_wyvern_scales_production	building_to_building_own	2.0000	1.0000	0.0000	derpy_mr_wyvern_scales_0
wh3_main_ogr_settlement_minor_2	derpy_effect_region_resource_wyvern_scales_production	building_to_building_own	3.0000	2.0000	0.0000	derpy_mr_wyvern_scales_0
wh3_main_ogr_settlement_minor_3	derpy_effect_region_resource_wyvern_scales_production	building_to_building_own	4.0000	2.0000	0.0000	derpy_mr_wyvern_scales_0
wh3_main_special_settlement_wei_jin_1_wef	derpy_effect_region_resource_wyvern_scales_production	building_to_building_own	2.0000	1.0000	0.0000	derpy_mr_wyvern_scales_0
wh3_main_special_settlement_zharr_naggrund_1_wef	derpy_effect_region_resource_wyvern_scales_production	building_to_building_own	2.0000	1.0000	0.0000	derpy_mr_wyvern_scales_0
wh3_main_special_settlement_bastion_other_1	derpy_effect_region_resource_wyvern_scales_production	building_to_building_own	2.0000	1.0000	0.0000	derpy_mr_wyvern_scales_0
wh3_main_special_settlement_bastion_other_2	derpy_effect_region_resource_wyvern_scales_production	building_to_building_own	3.0000	2.0000	0.0000	derpy_mr_wyvern_scales_0
wh3_main_special_settlement_bastion_other_3	derpy_effect_region_resource_wyvern_scales_production	building_to_building_own	4.0000	2.0000	0.0000	derpy_mr_wyvern_scales_0
wh3_main_special_settlement_bastion_other_4	derpy_effect_region_resource_wyvern_scales_production	building_to_building_own	5.0000	3.0000	0.0000	derpy_mr_wyvern_scales_0
wh3_main_special_settlement_bastion_other_5	derpy_effect_region_resource_wyvern_scales_production	building_to_building_own	6.0000	3.0000	0.0000	derpy_mr_wyvern_scales_0
wh2_main_special_empire_fort_untainted_1	derpy_effect_region_resource_wyvern_scales_production	building_to_building_own	2.0000	1.0000	0.0000	derpy_mr_wyvern_scales_0
wh2_main_special_empire_fort_untainted_2	derpy_effect_region_resource_wyvern_scales_production	building_to_building_own	3.0000	2.0000	0.0000	derpy_mr_wyvern_scales_0
wh2_main_special_empire_fort_untainted_3	derpy_effect_region_resource_wyvern_scales_production	building_to_building_own	4.0000	2.0000	0.0000	derpy_mr_wyvern_scales_0
wh2_main_special_empire_fort_untainted_4	derpy_effect_region_resource_wyvern_scales_production	building_to_building_own	5.0000	3.0000	0.0000	derpy_mr_wyvern_scales_0
wh2_main_special_empire_fort_untainted_5	derpy_effect_region_resource_wyvern_scales_production	building_to_building_own	6.0000	3.0000	0.0000	derpy_mr_wyvern_scales_0
wh3_main_special_settlement_silver_pinnacle_1	derpy_effect_region_resource_wyvern_scales_production	building_to_building_own	2.0000	1.0000	0.0000	derpy_mr_wyvern_scales_0
wh3_main_special_settlement_silver_pinnacle_2	derpy_effect_region_resource_wyvern_scales_production	building_to_building_own	3.0000	2.0000	0.0000	derpy_mr_wyvern_scales_0
wh3_main_special_settlement_silver_pinnacle_3	derpy_effect_region_resource_wyvern_scales_production	building_to_building_own	4.0000	2.0000	0.0000	derpy_mr_wyvern_scales_0
wh3_main_special_settlement_silver_pinnacle_4	derpy_effect_region_resource_wyvern_scales_production	building_to_building_own	5.0000	3.0000	0.0000	derpy_mr_wyvern_scales_0
wh3_main_special_settlement_silver_pinnacle_5	derpy_effect_region_resource_wyvern_scales_production	building_to_building_own	6.0000	3.0000	0.0000	derpy_mr_wyvern_scales_0
wh_main_special_settlement_wei_jin_1	derpy_effect_region_resource_wyvern_scales_production	building_to_building_own	2.0000	1.0000	0.0000	derpy_mr_wyvern_scales_0
wh_main_special_settlement_wei_jin_2	derpy_effect_region_resource_wyvern_scales_production	building_to_building_own	3.0000	2.0000	0.0000	derpy_mr_wyvern_scales_0
wh_main_special_settlement_wei_jin_3	derpy_effect_region_resource_wyvern_scales_production	building_to_building_own	4.0000	2.0000	0.0000	derpy_mr_wyvern_scales_0
wh_main_special_settlement_wei_jin_4	derpy_effect_region_resource_wyvern_scales_production	building_to_building_own	5.0000	3.0000	0.0000	derpy_mr_wyvern_scales_0
wh_main_special_settlement_wei_jin_5	derpy_effect_region_resource_wyvern_scales_production	building_to_building_own	6.0000	3.0000	0.0000	derpy_mr_wyvern_scales_0
wh_dlc05_wef_outpost_major_human_1	derpy_effect_region_resource_wyvern_scales_production	building_to_building_own	2.0000	1.0000	0.0000	derpy_mr_wyvern_scales_0
wh_dlc05_special_settlement_altdorf_1_wef	derpy_effect_region_resource_wyvern_scales_production	building_to_building_own	2.0000	1.0000	0.0000	derpy_mr_wyvern_scales_0
wh_dlc05_special_settlement_black_crag_1_wef	derpy_effect_region_resource_wyvern_scales_production	building_to_building_own	2.0000	1.0000	0.0000	derpy_mr_wyvern_scales_0
wh_dlc05_special_settlement_castle_drakenhof_1_wef	derpy_effect_region_resource_wyvern_scales_production	building_to_building_own	2.0000	1.0000	0.0000	derpy_mr_wyvern_scales_0
wh_dlc05_special_settlement_couronne_1_wef	derpy_effect_region_resource_wyvern_scales_production	building_to_building_own	2.0000	1.0000	0.0000	derpy_mr_wyvern_scales_0
wh_dlc05_special_settlement_eight_peaks_1_wef	derpy_effect_region_resource_wyvern_scales_production	building_to_building_own	2.0000	1.0000	0.0000	derpy_mr_wyvern_scales_0
wh_dlc05_special_settlement_karaz_a_karak_1_wef	derpy_effect_region_resource_wyvern_scales_production	building_to_building_own	2.0000	1.0000	0.0000	derpy_mr_wyvern_scales_0
wh_dlc05_special_settlement_kislev_1_wef	derpy_effect_region_resource_wyvern_scales_production	building_to_building_own	2.0000	1.0000	0.0000	derpy_mr_wyvern_scales_0
wh_dlc05_special_settlement_miragliano_1_wef	derpy_effect_region_resource_wyvern_scales_production	building_to_building_own	2.0000	1.0000	0.0000	derpy_mr_wyvern_scales_0
wh_dlc05_wef_oak_of_ages_1	derpy_effect_region_resource_wyvern_scales_production	building_to_building_own	2.0000	1.0000	0.0000	derpy_mr_wyvern_scales_0
wh_dlc05_wef_oak_of_ages_2	derpy_effect_region_resource_wyvern_scales_production	building_to_building_own	3.0000	2.0000	0.0000	derpy_mr_wyvern_scales_0
wh_dlc05_wef_oak_of_ages_3	derpy_effect_region_resource_wyvern_scales_production	building_to_building_own	4.0000	2.0000	0.0000	derpy_mr_wyvern_scales_0
wh_dlc05_wef_oak_of_ages_4	derpy_effect_region_resource_wyvern_scales_production	building_to_building_own	5.0000	3.0000	0.0000	derpy_mr_wyvern_scales_0
wh_dlc05_wef_oak_of_ages_5	derpy_effect_region_resource_wyvern_scales_production	building_to_building_own	6.0000	3.0000	0.0000	derpy_mr_wyvern_scales_0
wh_dlc05_wef_settlement_major_main_1	derpy_effect_region_resource_wyvern_scales_production	building_to_building_own	2.0000	1.0000	0.0000	derpy_mr_wyvern_scales_0
wh_dlc05_wef_settlement_major_main_2	derpy_effect_region_resource_wyvern_scales_production	building_to_building_own	3.0000	2.0000	0.0000	derpy_mr_wyvern_scales_0
wh_dlc05_wef_settlement_major_main_3	derpy_effect_region_resource_wyvern_scales_production	building_to_building_own	4.0000	2.0000	0.0000	derpy_mr_wyvern_scales_0
wh_dlc05_wef_settlement_major_main_4	derpy_effect_region_resource_wyvern_scales_production	building_to_building_own	5.0000	3.0000	0.0000	derpy_mr_wyvern_scales_0
wh_dlc05_wef_settlement_major_main_5	derpy_effect_region_resource_wyvern_scales_production	building_to_building_own	6.0000	3.0000	0.0000	derpy_mr_wyvern_scales_0
wh_main_grn_settlement_major_1_skarsnik	derpy_effect_region_resource_wyvern_scales_production	building_to_building_own	2.0000	1.0000	0.0000	derpy_mr_wyvern_scales_0
wh_main_grn_settlement_major_2_skarsnik	derpy_effect_region_resource_wyvern_scales_production	building_to_building_own	3.0000	2.0000	0.0000	derpy_mr_wyvern_scales_0
wh_main_grn_settlement_major_3_skarsnik	derpy_effect_region_resource_wyvern_scales_production	building_to_building_own	4.0000	2.0000	0.0000	derpy_mr_wyvern_scales_0
wh_main_grn_settlement_major_4_skarsnik	derpy_effect_region_resource_wyvern_scales_production	building_to_building_own	5.0000	3.0000	0.0000	derpy_mr_wyvern_scales_0
wh_main_grn_settlement_major_5_skarsnik	derpy_effect_region_resource_wyvern_scales_production	building_to_building_own	6.0000	3.0000	0.0000	derpy_mr_wyvern_scales_0
wh_main_grn_settlement_major_1_wurrzag	derpy_effect_region_resource_wyvern_scales_production	building_to_building_own	2.0000	1.0000	0.0000	derpy_mr_wyvern_scales_0
wh_main_grn_settlement_major_2_wurrzag	derpy_effect_region_resource_wyvern_scales_production	building_to_building_own	3.0000	2.0000	0.0000	derpy_mr_wyvern_scales_0
wh_main_grn_settlement_major_3_wurrzag	derpy_effect_region_resource_wyvern_scales_production	building_to_building_own	4.0000	2.0000	0.0000	derpy_mr_wyvern_scales_0
wh_main_grn_settlement_major_4_wurrzag	derpy_effect_region_resource_wyvern_scales_production	building_to_building_own	5.0000	3.0000	0.0000	derpy_mr_wyvern_scales_0
wh_main_grn_settlement_major_5_wurrzag	derpy_effect_region_resource_wyvern_scales_production	building_to_building_own	6.0000	3.0000	0.0000	derpy_mr_wyvern_scales_0
wh_main_grn_settlement_minor_1_skarsnik	derpy_effect_region_resource_wyvern_scales_production	building_to_building_own	2.0000	1.0000	0.0000	derpy_mr_wyvern_scales_0
wh_main_grn_settlement_minor_2_skarsnik	derpy_effect_region_resource_wyvern_scales_production	building_to_building_own	3.0000	2.0000	0.0000	derpy_mr_wyvern_scales_0
wh_main_grn_settlement_minor_3_skarsnik	derpy_effect_region_resource_wyvern_scales_production	building_to_building_own	4.0000	2.0000	0.0000	derpy_mr_wyvern_scales_0
wh_main_grn_settlement_minor_1_wurrzag	derpy_effect_region_resource_wyvern_scales_production	building_to_building_own	2.0000	1.0000	0.0000	derpy_mr_wyvern_scales_0
wh_main_grn_settlement_minor_2_wurrzag	derpy_effect_region_resource_wyvern_scales_production	building_to_building_own	3.0000	2.0000	0.0000	derpy_mr_wyvern_scales_0
wh_main_grn_settlement_minor_3_wurrzag	derpy_effect_region_resource_wyvern_scales_production	building_to_building_own	4.0000	2.0000	0.0000	derpy_mr_wyvern_scales_0
wh_main_brt_settlement_major_1	derpy_effect_region_resource_wyvern_scales_production	building_to_building_own	2.0000	1.0000	0.0000	derpy_mr_wyvern_scales_0
wh_main_brt_settlement_major_2	derpy_effect_region_resource_wyvern_scales_production	building_to_building_own	3.0000	2.0000	0.0000	derpy_mr_wyvern_scales_0
wh_main_brt_settlement_major_3	derpy_effect_region_resource_wyvern_scales_production	building_to_building_own	4.0000	2.0000	0.0000	derpy_mr_wyvern_scales_0
wh_main_brt_settlement_major_4	derpy_effect_region_resource_wyvern_scales_production	building_to_building_own	5.0000	3.0000	0.0000	derpy_mr_wyvern_scales_0
wh_main_brt_settlement_major_5	derpy_effect_region_resource_wyvern_scales_production	building_to_building_own	6.0000	3.0000	0.0000	derpy_mr_wyvern_scales_0
wh_main_brt_settlement_minor_1	derpy_effect_region_resource_wyvern_scales_production	building_to_building_own	2.0000	1.0000	0.0000	derpy_mr_wyvern_scales_0
wh_main_brt_settlement_minor_2	derpy_effect_region_resource_wyvern_scales_production	building_to_building_own	3.0000	2.0000	0.0000	derpy_mr_wyvern_scales_0
wh_main_brt_settlement_minor_3	derpy_effect_region_resource_wyvern_scales_production	building_to_building_own	4.0000	2.0000	0.0000	derpy_mr_wyvern_scales_0
wh_main_dwf_settlement_major_1	derpy_effect_region_resource_wyvern_scales_production	building_to_building_own	2.0000	1.0000	0.0000	derpy_mr_wyvern_scales_0
wh_main_dwf_settlement_major_2	derpy_effect_region_resource_wyvern_scales_production	building_to_building_own	3.0000	2.0000	0.0000	derpy_mr_wyvern_scales_0
wh_main_dwf_settlement_major_3	derpy_effect_region_resource_wyvern_scales_production	building_to_building_own	4.0000	2.0000	0.0000	derpy_mr_wyvern_scales_0
wh_main_dwf_settlement_major_4	derpy_effect_region_resource_wyvern_scales_production	building_to_building_own	5.0000	3.0000	0.0000	derpy_mr_wyvern_scales_0
wh_main_dwf_settlement_major_5	derpy_effect_region_resource_wyvern_scales_production	building_to_building_own	6.0000	3.0000	0.0000	derpy_mr_wyvern_scales_0
wh_main_dwf_settlement_minor_1	derpy_effect_region_resource_wyvern_scales_production	building_to_building_own	2.0000	1.0000	0.0000	derpy_mr_wyvern_scales_0
wh_main_dwf_settlement_minor_2	derpy_effect_region_resource_wyvern_scales_production	building_to_building_own	3.0000	2.0000	0.0000	derpy_mr_wyvern_scales_0
wh_main_dwf_settlement_minor_3	derpy_effect_region_resource_wyvern_scales_production	building_to_building_own	4.0000	2.0000	0.0000	derpy_mr_wyvern_scales_0
wh_main_emp_settlement_major_1	derpy_effect_region_resource_wyvern_scales_production	building_to_building_own	2.0000	1.0000	0.0000	derpy_mr_wyvern_scales_0
wh_main_emp_settlement_major_2	derpy_effect_region_resource_wyvern_scales_production	building_to_building_own	3.0000	2.0000	0.0000	derpy_mr_wyvern_scales_0
wh_main_emp_settlement_major_3	derpy_effect_region_resource_wyvern_scales_production	building_to_building_own	4.0000	2.0000	0.0000	derpy_mr_wyvern_scales_0
wh_main_emp_settlement_major_4	derpy_effect_region_resource_wyvern_scales_production	building_to_building_own	5.0000	3.0000	0.0000	derpy_mr_wyvern_scales_0
wh_main_emp_settlement_major_5	derpy_effect_region_resource_wyvern_scales_production	building_to_building_own	6.0000	3.0000	0.0000	derpy_mr_wyvern_scales_0
wh_main_emp_settlement_minor_1	derpy_effect_region_resource_wyvern_scales_production	building_to_building_own	2.0000	1.0000	0.0000	derpy_mr_wyvern_scales_0
wh_main_emp_settlement_minor_2	derpy_effect_region_resource_wyvern_scales_production	building_to_building_own	3.0000	2.0000	0.0000	derpy_mr_wyvern_scales_0
wh_main_emp_settlement_minor_3	derpy_effect_region_resource_wyvern_scales_production	building_to_building_own	4.0000	2.0000	0.0000	derpy_mr_wyvern_scales_0
wh_main_grn_settlement_major_1	derpy_effect_region_resource_wyvern_scales_production	building_to_building_own	2.0000	1.0000	0.0000	derpy_mr_wyvern_scales_0
wh_main_grn_settlement_major_2	derpy_effect_region_resource_wyvern_scales_production	building_to_building_own	3.0000	2.0000	0.0000	derpy_mr_wyvern_scales_0
wh_main_grn_settlement_major_3	derpy_effect_region_resource_wyvern_scales_production	building_to_building_own	4.0000	2.0000	0.0000	derpy_mr_wyvern_scales_0
wh_main_grn_settlement_major_4	derpy_effect_region_resource_wyvern_scales_production	building_to_building_own	5.0000	3.0000	0.0000	derpy_mr_wyvern_scales_0
wh_main_grn_settlement_major_5	derpy_effect_region_resource_wyvern_scales_production	building_to_building_own	6.0000	3.0000	0.0000	derpy_mr_wyvern_scales_0
wh_main_grn_settlement_minor_1	derpy_effect_region_resource_wyvern_scales_production	building_to_building_own	2.0000	1.0000	0.0000	derpy_mr_wyvern_scales_0
wh_main_grn_settlement_minor_2	derpy_effect_region_resource_wyvern_scales_production	building_to_building_own	3.0000	2.0000	0.0000	derpy_mr_wyvern_scales_0
wh_main_grn_settlement_minor_3	derpy_effect_region_resource_wyvern_scales_production	building_to_building_own	4.0000	2.0000	0.0000	derpy_mr_wyvern_scales_0
wh_main_nor_settlement_major_1	derpy_effect_region_resource_wyvern_scales_production	building_to_building_own	2.0000	1.0000	0.0000	derpy_mr_wyvern_scales_0
wh_main_nor_settlement_major_2	derpy_effect_region_resource_wyvern_scales_production	building_to_building_own	3.0000	2.0000	0.0000	derpy_mr_wyvern_scales_0
wh_main_nor_settlement_major_3	derpy_effect_region_resource_wyvern_scales_production	building_to_building_own	4.0000	2.0000	0.0000	derpy_mr_wyvern_scales_0
wh_main_nor_settlement_major_4	derpy_effect_region_resource_wyvern_scales_production	building_to_building_own	5.0000	3.0000	0.0000	derpy_mr_wyvern_scales_0
wh_main_nor_settlement_major_5	derpy_effect_region_resource_wyvern_scales_production	building_to_building_own	6.0000	3.0000	0.0000	derpy_mr_wyvern_scales_0
wh_main_nor_settlement_minor_1	derpy_effect_region_resource_wyvern_scales_production	building_to_building_own	2.0000	1.0000	0.0000	derpy_mr_wyvern_scales_0
wh_main_nor_settlement_minor_2	derpy_effect_region_resource_wyvern_scales_production	building_to_building_own	3.0000	2.0000	0.0000	derpy_mr_wyvern_scales_0
wh_main_nor_settlement_minor_3	derpy_effect_region_resource_wyvern_scales_production	building_to_building_own	4.0000	2.0000	0.0000	derpy_mr_wyvern_scales_0
wh_main_savage_settlement_major_1	derpy_effect_region_resource_wyvern_scales_production	building_to_building_own	2.0000	1.0000	0.0000	derpy_mr_wyvern_scales_0
wh_main_savage_settlement_major_2	derpy_effect_region_resource_wyvern_scales_production	building_to_building_own	3.0000	2.0000	0.0000	derpy_mr_wyvern_scales_0
wh_main_savage_settlement_major_3	derpy_effect_region_resource_wyvern_scales_production	building_to_building_own	4.0000	2.0000	0.0000	derpy_mr_wyvern_scales_0
wh_main_savage_settlement_minor_1	derpy_effect_region_resource_wyvern_scales_production	building_to_building_own	2.0000	1.0000	0.0000	derpy_mr_wyvern_scales_0
wh_main_savage_settlement_minor_2	derpy_effect_region_resource_wyvern_scales_production	building_to_building_own	3.0000	2.0000	0.0000	derpy_mr_wyvern_scales_0
wh_main_savage_settlement_minor_3	derpy_effect_region_resource_wyvern_scales_production	building_to_building_own	4.0000	2.0000	0.0000	derpy_mr_wyvern_scales_0
wh_main_vmp_settlement_major_1	derpy_effect_region_resource_wyvern_scales_production	building_to_building_own	2.0000	1.0000	0.0000	derpy_mr_wyvern_scales_0
wh_main_vmp_settlement_major_2	derpy_effect_region_resource_wyvern_scales_production	building_to_building_own	3.0000	2.0000	0.0000	derpy_mr_wyvern_scales_0
wh_main_vmp_settlement_major_3	derpy_effect_region_resource_wyvern_scales_production	building_to_building_own	4.0000	2.0000	0.0000	derpy_mr_wyvern_scales_0
wh_main_vmp_settlement_major_4	derpy_effect_region_resource_wyvern_scales_production	building_to_building_own	5.0000	3.0000	0.0000	derpy_mr_wyvern_scales_0
wh_main_vmp_settlement_major_5	derpy_effect_region_resource_wyvern_scales_production	building_to_building_own	6.0000	3.0000	0.0000	derpy_mr_wyvern_scales_0
wh_main_vmp_settlement_minor_1	derpy_effect_region_resource_wyvern_scales_production	building_to_building_own	2.0000	1.0000	0.0000	derpy_mr_wyvern_scales_0
wh_main_vmp_settlement_minor_2	derpy_effect_region_resource_wyvern_scales_production	building_to_building_own	3.0000	2.0000	0.0000	derpy_mr_wyvern_scales_0
wh_main_vmp_settlement_minor_3	derpy_effect_region_resource_wyvern_scales_production	building_to_building_own	4.0000	2.0000	0.0000	derpy_mr_wyvern_scales_0
wh_main_special_settlement_altdorf_1_emp	derpy_effect_region_resource_wyvern_scales_production	building_to_building_own	2.0000	1.0000	0.0000	derpy_mr_wyvern_scales_0
wh_main_special_settlement_altdorf_2_emp	derpy_effect_region_resource_wyvern_scales_production	building_to_building_own	3.0000	2.0000	0.0000	derpy_mr_wyvern_scales_0
wh_main_special_settlement_altdorf_3_emp	derpy_effect_region_resource_wyvern_scales_production	building_to_building_own	4.0000	2.0000	0.0000	derpy_mr_wyvern_scales_0
wh_main_special_settlement_altdorf_4_emp	derpy_effect_region_resource_wyvern_scales_production	building_to_building_own	5.0000	3.0000	0.0000	derpy_mr_wyvern_scales_0
wh_main_special_settlement_altdorf_5_emp	derpy_effect_region_resource_wyvern_scales_production	building_to_building_own	6.0000	3.0000	0.0000	derpy_mr_wyvern_scales_0
wh_main_special_settlement_altdorf_1_vmp	derpy_effect_region_resource_wyvern_scales_production	building_to_building_own	2.0000	1.0000	0.0000	derpy_mr_wyvern_scales_0
wh_main_special_settlement_altdorf_2_vmp	derpy_effect_region_resource_wyvern_scales_production	building_to_building_own	3.0000	2.0000	0.0000	derpy_mr_wyvern_scales_0
wh_main_special_settlement_altdorf_3_vmp	derpy_effect_region_resource_wyvern_scales_production	building_to_building_own	4.0000	2.0000	0.0000	derpy_mr_wyvern_scales_0
wh_main_special_settlement_altdorf_4_vmp	derpy_effect_region_resource_wyvern_scales_production	building_to_building_own	5.0000	3.0000	0.0000	derpy_mr_wyvern_scales_0
wh_main_special_settlement_altdorf_5_vmp	derpy_effect_region_resource_wyvern_scales_production	building_to_building_own	6.0000	3.0000	0.0000	derpy_mr_wyvern_scales_0
wh_main_special_settlement_black_crag_1_grn	derpy_effect_region_resource_wyvern_scales_production	building_to_building_own	2.0000	1.0000	0.0000	derpy_mr_wyvern_scales_0
wh_main_special_settlement_black_crag_2_grn	derpy_effect_region_resource_wyvern_scales_production	building_to_building_own	3.0000	2.0000	0.0000	derpy_mr_wyvern_scales_0
wh_main_special_settlement_black_crag_3_grn	derpy_effect_region_resource_wyvern_scales_production	building_to_building_own	4.0000	2.0000	0.0000	derpy_mr_wyvern_scales_0
wh_main_special_settlement_black_crag_4_grn	derpy_effect_region_resource_wyvern_scales_production	building_to_building_own	5.0000	3.0000	0.0000	derpy_mr_wyvern_scales_0
wh_main_special_settlement_black_crag_5_grn	derpy_effect_region_resource_wyvern_scales_production	building_to_building_own	6.0000	3.0000	0.0000	derpy_mr_wyvern_scales_0
wh_main_special_settlement_black_crag_1_dwf	derpy_effect_region_resource_wyvern_scales_production	building_to_building_own	2.0000	1.0000	0.0000	derpy_mr_wyvern_scales_0
wh_main_special_settlement_black_crag_2_dwf	derpy_effect_region_resource_wyvern_scales_production	building_to_building_own	3.0000	2.0000	0.0000	derpy_mr_wyvern_scales_0
wh_main_special_settlement_black_crag_3_dwf	derpy_effect_region_resource_wyvern_scales_production	building_to_building_own	4.0000	2.0000	0.0000	derpy_mr_wyvern_scales_0
wh_main_special_settlement_black_crag_4_dwf	derpy_effect_region_resource_wyvern_scales_production	building_to_building_own	5.0000	3.0000	0.0000	derpy_mr_wyvern_scales_0
wh_main_special_settlement_black_crag_5_dwf	derpy_effect_region_resource_wyvern_scales_production	building_to_building_own	6.0000	3.0000	0.0000	derpy_mr_wyvern_scales_0
wh_main_special_settlement_black_crag_1_savage	derpy_effect_region_resource_wyvern_scales_production	building_to_building_own	2.0000	1.0000	0.0000	derpy_mr_wyvern_scales_0
wh_main_special_settlement_black_crag_2_savage	derpy_effect_region_resource_wyvern_scales_production	building_to_building_own	3.0000	2.0000	0.0000	derpy_mr_wyvern_scales_0
wh_main_special_settlement_black_crag_3_savage	derpy_effect_region_resource_wyvern_scales_production	building_to_building_own	4.0000	2.0000	0.0000	derpy_mr_wyvern_scales_0
wh_main_special_settlement_castle_drakenhof_1_vmp	derpy_effect_region_resource_wyvern_scales_production	building_to_building_own	2.0000	1.0000	0.0000	derpy_mr_wyvern_scales_0
wh_main_special_settlement_castle_drakenhof_2_vmp	derpy_effect_region_resource_wyvern_scales_production	building_to_building_own	3.0000	2.0000	0.0000	derpy_mr_wyvern_scales_0
wh_main_special_settlement_castle_drakenhof_3_vmp	derpy_effect_region_resource_wyvern_scales_production	building_to_building_own	4.0000	2.0000	0.0000	derpy_mr_wyvern_scales_0
wh_main_special_settlement_castle_drakenhof_4_vmp	derpy_effect_region_resource_wyvern_scales_production	building_to_building_own	5.0000	3.0000	0.0000	derpy_mr_wyvern_scales_0
wh_main_special_settlement_castle_drakenhof_5_vmp	derpy_effect_region_resource_wyvern_scales_production	building_to_building_own	6.0000	3.0000	0.0000	derpy_mr_wyvern_scales_0
wh_main_special_settlement_castle_drakenhof_1_brt	derpy_effect_region_resource_wyvern_scales_production	building_to_building_own	2.0000	1.0000	0.0000	derpy_mr_wyvern_scales_0
wh_main_special_settlement_castle_drakenhof_2_brt	derpy_effect_region_resource_wyvern_scales_production	building_to_building_own	3.0000	2.0000	0.0000	derpy_mr_wyvern_scales_0
wh_main_special_settlement_castle_drakenhof_3_brt	derpy_effect_region_resource_wyvern_scales_production	building_to_building_own	4.0000	2.0000	0.0000	derpy_mr_wyvern_scales_0
wh_main_special_settlement_castle_drakenhof_4_brt	derpy_effect_region_resource_wyvern_scales_production	building_to_building_own	5.0000	3.0000	0.0000	derpy_mr_wyvern_scales_0
wh_main_special_settlement_castle_drakenhof_5_brt	derpy_effect_region_resource_wyvern_scales_production	building_to_building_own	6.0000	3.0000	0.0000	derpy_mr_wyvern_scales_0
wh_main_special_settlement_castle_drakenhof_1_emp	derpy_effect_region_resource_wyvern_scales_production	building_to_building_own	2.0000	1.0000	0.0000	derpy_mr_wyvern_scales_0
wh_main_special_settlement_castle_drakenhof_2_emp	derpy_effect_region_resource_wyvern_scales_production	building_to_building_own	3.0000	2.0000	0.0000	derpy_mr_wyvern_scales_0
wh_main_special_settlement_castle_drakenhof_3_emp	derpy_effect_region_resource_wyvern_scales_production	building_to_building_own	4.0000	2.0000	0.0000	derpy_mr_wyvern_scales_0
wh_main_special_settlement_castle_drakenhof_4_emp	derpy_effect_region_resource_wyvern_scales_production	building_to_building_own	5.0000	3.0000	0.0000	derpy_mr_wyvern_scales_0
wh_main_special_settlement_castle_drakenhof_5_emp	derpy_effect_region_resource_wyvern_scales_production	building_to_building_own	6.0000	3.0000	0.0000	derpy_mr_wyvern_scales_0
wh_main_special_settlement_couronne_1_brt	derpy_effect_region_resource_wyvern_scales_production	building_to_building_own	2.0000	1.0000	0.0000	derpy_mr_wyvern_scales_0
wh_main_special_settlement_couronne_2_brt	derpy_effect_region_resource_wyvern_scales_production	building_to_building_own	3.0000	2.0000	0.0000	derpy_mr_wyvern_scales_0
wh_main_special_settlement_couronne_3_brt	derpy_effect_region_resource_wyvern_scales_production	building_to_building_own	4.0000	2.0000	0.0000	derpy_mr_wyvern_scales_0
wh_main_special_settlement_couronne_4_brt	derpy_effect_region_resource_wyvern_scales_production	building_to_building_own	5.0000	3.0000	0.0000	derpy_mr_wyvern_scales_0
wh_main_special_settlement_couronne_5_brt	derpy_effect_region_resource_wyvern_scales_production	building_to_building_own	6.0000	3.0000	0.0000	derpy_mr_wyvern_scales_0
wh_main_special_settlement_couronne_1_emp	derpy_effect_region_resource_wyvern_scales_production	building_to_building_own	2.0000	1.0000	0.0000	derpy_mr_wyvern_scales_0
wh_main_special_settlement_couronne_2_emp	derpy_effect_region_resource_wyvern_scales_production	building_to_building_own	3.0000	2.0000	0.0000	derpy_mr_wyvern_scales_0
wh_main_special_settlement_couronne_3_emp	derpy_effect_region_resource_wyvern_scales_production	building_to_building_own	4.0000	2.0000	0.0000	derpy_mr_wyvern_scales_0
wh_main_special_settlement_couronne_4_emp	derpy_effect_region_resource_wyvern_scales_production	building_to_building_own	5.0000	3.0000	0.0000	derpy_mr_wyvern_scales_0
wh_main_special_settlement_couronne_5_emp	derpy_effect_region_resource_wyvern_scales_production	building_to_building_own	6.0000	3.0000	0.0000	derpy_mr_wyvern_scales_0
wh_main_special_settlement_couronne_1_vmp	derpy_effect_region_resource_wyvern_scales_production	building_to_building_own	2.0000	1.0000	0.0000	derpy_mr_wyvern_scales_0
wh_main_special_settlement_couronne_2_vmp	derpy_effect_region_resource_wyvern_scales_production	building_to_building_own	3.0000	2.0000	0.0000	derpy_mr_wyvern_scales_0
wh_main_special_settlement_couronne_3_vmp	derpy_effect_region_resource_wyvern_scales_production	building_to_building_own	4.0000	2.0000	0.0000	derpy_mr_wyvern_scales_0
wh_main_special_settlement_couronne_4_vmp	derpy_effect_region_resource_wyvern_scales_production	building_to_building_own	5.0000	3.0000	0.0000	derpy_mr_wyvern_scales_0
wh_main_special_settlement_couronne_5_vmp	derpy_effect_region_resource_wyvern_scales_production	building_to_building_own	6.0000	3.0000	0.0000	derpy_mr_wyvern_scales_0
wh_main_special_settlement_eight_peaks_1_grn	derpy_effect_region_resource_wyvern_scales_production	building_to_building_own	2.0000	1.0000	0.0000	derpy_mr_wyvern_scales_0
wh_main_special_settlement_eight_peaks_2_grn	derpy_effect_region_resource_wyvern_scales_production	building_to_building_own	3.0000	2.0000	0.0000	derpy_mr_wyvern_scales_0
wh_main_special_settlement_eight_peaks_3_grn	derpy_effect_region_resource_wyvern_scales_production	building_to_building_own	4.0000	2.0000	0.0000	derpy_mr_wyvern_scales_0
wh_main_special_settlement_eight_peaks_4_grn	derpy_effect_region_resource_wyvern_scales_production	building_to_building_own	5.0000	3.0000	0.0000	derpy_mr_wyvern_scales_0
wh_main_special_settlement_eight_peaks_5_grn	derpy_effect_region_resource_wyvern_scales_production	building_to_building_own	6.0000	3.0000	0.0000	derpy_mr_wyvern_scales_0
wh_main_special_settlement_eight_peaks_1_dwf	derpy_effect_region_resource_wyvern_scales_production	building_to_building_own	2.0000	1.0000	0.0000	derpy_mr_wyvern_scales_0
wh_main_special_settlement_eight_peaks_2_dwf	derpy_effect_region_resource_wyvern_scales_production	building_to_building_own	3.0000	2.0000	0.0000	derpy_mr_wyvern_scales_0
wh_main_special_settlement_eight_peaks_3_dwf	derpy_effect_region_resource_wyvern_scales_production	building_to_building_own	4.0000	2.0000	0.0000	derpy_mr_wyvern_scales_0
wh_main_special_settlement_eight_peaks_4_dwf	derpy_effect_region_resource_wyvern_scales_production	building_to_building_own	5.0000	3.0000	0.0000	derpy_mr_wyvern_scales_0
wh_main_special_settlement_eight_peaks_5_dwf	derpy_effect_region_resource_wyvern_scales_production	building_to_building_own	6.0000	3.0000	0.0000	derpy_mr_wyvern_scales_0
wh_main_special_settlement_eight_peaks_1_savage	derpy_effect_region_resource_wyvern_scales_production	building_to_building_own	2.0000	1.0000	0.0000	derpy_mr_wyvern_scales_0
wh_main_special_settlement_eight_peaks_2_savage	derpy_effect_region_resource_wyvern_scales_production	building_to_building_own	3.0000	2.0000	0.0000	derpy_mr_wyvern_scales_0
wh_main_special_settlement_eight_peaks_3_savage	derpy_effect_region_resource_wyvern_scales_production	building_to_building_own	4.0000	2.0000	0.0000	derpy_mr_wyvern_scales_0
wh_main_special_settlement_karaz_a_karak_1_dwf	derpy_effect_region_resource_wyvern_scales_production	building_to_building_own	2.0000	1.0000	0.0000	derpy_mr_wyvern_scales_0
wh_main_special_settlement_karaz_a_karak_2_dwf	derpy_effect_region_resource_wyvern_scales_production	building_to_building_own	3.0000	2.0000	0.0000	derpy_mr_wyvern_scales_0
wh_main_special_settlement_karaz_a_karak_3_dwf	derpy_effect_region_resource_wyvern_scales_production	building_to_building_own	4.0000	2.0000	0.0000	derpy_mr_wyvern_scales_0
wh_main_special_settlement_karaz_a_karak_4_dwf	derpy_effect_region_resource_wyvern_scales_production	building_to_building_own	5.0000	3.0000	0.0000	derpy_mr_wyvern_scales_0
wh_main_special_settlement_karaz_a_karak_5_dwf	derpy_effect_region_resource_wyvern_scales_production	building_to_building_own	6.0000	3.0000	0.0000	derpy_mr_wyvern_scales_0
wh_main_special_settlement_karaz_a_karak_1_grn	derpy_effect_region_resource_wyvern_scales_production	building_to_building_own	2.0000	1.0000	0.0000	derpy_mr_wyvern_scales_0
wh_main_special_settlement_karaz_a_karak_2_grn	derpy_effect_region_resource_wyvern_scales_production	building_to_building_own	3.0000	2.0000	0.0000	derpy_mr_wyvern_scales_0
wh_main_special_settlement_karaz_a_karak_3_grn	derpy_effect_region_resource_wyvern_scales_production	building_to_building_own	4.0000	2.0000	0.0000	derpy_mr_wyvern_scales_0
wh_main_special_settlement_karaz_a_karak_4_grn	derpy_effect_region_resource_wyvern_scales_production	building_to_building_own	5.0000	3.0000	0.0000	derpy_mr_wyvern_scales_0
wh_main_special_settlement_karaz_a_karak_5_grn	derpy_effect_region_resource_wyvern_scales_production	building_to_building_own	6.0000	3.0000	0.0000	derpy_mr_wyvern_scales_0
wh_main_special_settlement_karaz_a_karak_1_savage	derpy_effect_region_resource_wyvern_scales_production	building_to_building_own	2.0000	1.0000	0.0000	derpy_mr_wyvern_scales_0
wh_main_special_settlement_karaz_a_karak_2_savage	derpy_effect_region_resource_wyvern_scales_production	building_to_building_own	3.0000	2.0000	0.0000	derpy_mr_wyvern_scales_0
wh_main_special_settlement_karaz_a_karak_3_savage	derpy_effect_region_resource_wyvern_scales_production	building_to_building_own	4.0000	2.0000	0.0000	derpy_mr_wyvern_scales_0
wh_main_special_settlement_miragliano_1_teb	derpy_effect_region_resource_wyvern_scales_production	building_to_building_own	2.0000	1.0000	0.0000	derpy_mr_wyvern_scales_0
wh_main_special_settlement_miragliano_2_teb	derpy_effect_region_resource_wyvern_scales_production	building_to_building_own	3.0000	2.0000	0.0000	derpy_mr_wyvern_scales_0
wh_main_special_settlement_miragliano_3_teb	derpy_effect_region_resource_wyvern_scales_production	building_to_building_own	4.0000	2.0000	0.0000	derpy_mr_wyvern_scales_0
wh_main_special_settlement_miragliano_4_teb	derpy_effect_region_resource_wyvern_scales_production	building_to_building_own	5.0000	3.0000	0.0000	derpy_mr_wyvern_scales_0
wh_main_special_settlement_miragliano_5_teb	derpy_effect_region_resource_wyvern_scales_production	building_to_building_own	6.0000	3.0000	0.0000	derpy_mr_wyvern_scales_0
wh_main_special_settlement_miragliano_1_brt	derpy_effect_region_resource_wyvern_scales_production	building_to_building_own	2.0000	1.0000	0.0000	derpy_mr_wyvern_scales_0
wh_main_special_settlement_miragliano_2_brt	derpy_effect_region_resource_wyvern_scales_production	building_to_building_own	3.0000	2.0000	0.0000	derpy_mr_wyvern_scales_0
wh_main_special_settlement_miragliano_3_brt	derpy_effect_region_resource_wyvern_scales_production	building_to_building_own	4.0000	2.0000	0.0000	derpy_mr_wyvern_scales_0
wh_main_special_settlement_miragliano_4_brt	derpy_effect_region_resource_wyvern_scales_production	building_to_building_own	5.0000	3.0000	0.0000	derpy_mr_wyvern_scales_0
wh_main_special_settlement_miragliano_5_brt	derpy_effect_region_resource_wyvern_scales_production	building_to_building_own	6.0000	3.0000	0.0000	derpy_mr_wyvern_scales_0
wh_main_special_settlement_miragliano_1_emp	derpy_effect_region_resource_wyvern_scales_production	building_to_building_own	2.0000	1.0000	0.0000	derpy_mr_wyvern_scales_0
wh_main_special_settlement_miragliano_2_emp	derpy_effect_region_resource_wyvern_scales_production	building_to_building_own	3.0000	2.0000	0.0000	derpy_mr_wyvern_scales_0
wh_main_special_settlement_miragliano_3_emp	derpy_effect_region_resource_wyvern_scales_production	building_to_building_own	4.0000	2.0000	0.0000	derpy_mr_wyvern_scales_0
wh_main_special_settlement_miragliano_4_emp	derpy_effect_region_resource_wyvern_scales_production	building_to_building_own	5.0000	3.0000	0.0000	derpy_mr_wyvern_scales_0
wh_main_special_settlement_miragliano_5_emp	derpy_effect_region_resource_wyvern_scales_production	building_to_building_own	6.0000	3.0000	0.0000	derpy_mr_wyvern_scales_0
wh2_dlc11_vampirecoast_port_1	wh_main_effect_region_resource_salt_production	building_to_building_own	6.0000	3.0000	0.0000	derpy_mr_salt_0
wh2_dlc11_vampirecoast_port_2	wh_main_effect_region_resource_salt_production	building_to_building_own	8.0000	4.0000	0.0000	derpy_mr_salt_0
wh2_dlc11_vampirecoast_port_3	wh_main_effect_region_resource_salt_production	building_to_building_own	12.0000	6.0000	0.0000	derpy_mr_salt_0
wh2_dlc14_special_copher_port_1	wh_main_effect_region_resource_salt_production	building_to_building_own	6.0000	3.0000	0.0000	derpy_mr_salt_0
wh2_dlc14_special_copher_port_2	wh_main_effect_region_resource_salt_production	building_to_building_own	8.0000	4.0000	0.0000	derpy_mr_salt_0
wh2_dlc14_special_copher_port_1_brettonia	wh_main_effect_region_resource_salt_production	building_to_building_own	6.0000	3.0000	0.0000	derpy_mr_salt_0
wh2_dlc14_special_copher_port_2_bretonnia	wh_main_effect_region_resource_salt_production	building_to_building_own	8.0000	4.0000	0.0000	derpy_mr_salt_0
wh2_dlc14_special_dragon_isle_port_1	wh_main_effect_region_resource_salt_production	building_to_building_own	6.0000	3.0000	0.0000	derpy_mr_salt_0
wh2_dlc14_special_dragon_isle_port_2	wh_main_effect_region_resource_salt_production	building_to_building_own	8.0000	4.0000	0.0000	derpy_mr_salt_0
wh2_dlc14_special_dragon_isle_port_3	wh_main_effect_region_resource_salt_production	building_to_building_own	12.0000	6.0000	0.0000	derpy_mr_salt_0
wh2_dlc14_special_dragon_isle_port_1_grn	wh_main_effect_region_resource_salt_production	building_to_building_own	6.0000	3.0000	0.0000	derpy_mr_salt_0
wh2_dlc14_special_dragon_isle_port_2_grn	wh_main_effect_region_resource_salt_production	building_to_building_own	8.0000	4.0000	0.0000	derpy_mr_salt_0
wh2_dlc14_special_dragon_isle_port_3_grn	wh_main_effect_region_resource_salt_production	building_to_building_own	12.0000	6.0000	0.0000	derpy_mr_salt_0
wh2_main_def_port_1	wh_main_effect_region_resource_salt_production	building_to_building_own	6.0000	3.0000	0.0000	derpy_mr_salt_0
wh2_main_def_port_2	wh_main_effect_region_resource_salt_production	building_to_building_own	8.0000	4.0000	0.0000	derpy_mr_salt_0
wh2_main_def_port_3	wh_main_effect_region_resource_salt_production	building_to_building_own	12.0000	6.0000	0.0000	derpy_mr_salt_0
wh2_main_hef_port_1	wh_main_effect_region_resource_salt_production	building_to_building_own	6.0000	3.0000	0.0000	derpy_mr_salt_0
wh2_main_hef_port_2	wh_main_effect_region_resource_salt_production	building_to_building_own	8.0000	4.0000	0.0000	derpy_mr_salt_0
wh2_main_hef_port_3	wh_main_effect_region_resource_salt_production	building_to_building_own	12.0000	6.0000	0.0000	derpy_mr_salt_0
wh2_main_lzd_port_1	wh_main_effect_region_resource_salt_production	building_to_building_own	6.0000	3.0000	0.0000	derpy_mr_salt_0
wh2_main_lzd_port_2	wh_main_effect_region_resource_salt_production	building_to_building_own	8.0000	4.0000	0.0000	derpy_mr_salt_0
wh2_main_lzd_port_3	wh_main_effect_region_resource_salt_production	building_to_building_own	12.0000	6.0000	0.0000	derpy_mr_salt_0
wh2_main_rogue_port_1	wh_main_effect_region_resource_salt_production	building_to_building_own	6.0000	3.0000	0.0000	derpy_mr_salt_0
wh2_main_rogue_port_2	wh_main_effect_region_resource_salt_production	building_to_building_own	8.0000	4.0000	0.0000	derpy_mr_salt_0
wh2_main_skv_port_1	wh_main_effect_region_resource_salt_production	building_to_building_own	6.0000	3.0000	0.0000	derpy_mr_salt_0
wh2_main_skv_port_2	wh_main_effect_region_resource_salt_production	building_to_building_own	8.0000	4.0000	0.0000	derpy_mr_salt_0
wh2_main_skv_port_3	wh_main_effect_region_resource_salt_production	building_to_building_own	12.0000	6.0000	0.0000	derpy_mr_salt_0
wh2_main_special_lothern_port_1	wh_main_effect_region_resource_salt_production	building_to_building_own	6.0000	3.0000	0.0000	derpy_mr_salt_0
wh2_main_special_lothern_port_2	wh_main_effect_region_resource_salt_production	building_to_building_own	8.0000	4.0000	0.0000	derpy_mr_salt_0
wh2_main_special_lothern_port_3	wh_main_effect_region_resource_salt_production	building_to_building_own	12.0000	6.0000	0.0000	derpy_mr_salt_0
wh2_main_special_lothern_port_norsca_1	wh_main_effect_region_resource_salt_production	building_to_building_own	6.0000	3.0000	0.0000	derpy_mr_salt_0
wh2_main_special_lothern_port_other_1	wh_main_effect_region_resource_salt_production	building_to_building_own	6.0000	3.0000	0.0000	derpy_mr_salt_0
wh2_main_special_lothern_port_other_2	wh_main_effect_region_resource_salt_production	building_to_building_own	8.0000	4.0000	0.0000	derpy_mr_salt_0
wh2_main_special_lothern_port_other_3	wh_main_effect_region_resource_salt_production	building_to_building_own	12.0000	6.0000	0.0000	derpy_mr_salt_0
wh3_dlc23_chd_tower_port_1	wh_main_effect_region_resource_salt_production	building_to_building_own	6.0000	3.0000	0.0000	derpy_mr_salt_0
wh3_dlc23_chd_tower_port_2	wh_main_effect_region_resource_salt_production	building_to_building_own	8.0000	4.0000	0.0000	derpy_mr_salt_0
wh3_dlc23_chd_tower_port_3	wh_main_effect_region_resource_salt_production	building_to_building_own	12.0000	6.0000	0.0000	derpy_mr_salt_0
wh3_dlc23_special_fortress_of_dawn_dawns_harbour_1	wh_main_effect_region_resource_salt_production	building_to_building_own	6.0000	3.0000	0.0000	derpy_mr_salt_0
wh3_dlc23_special_fortress_of_dawn_dawns_harbour_2	wh_main_effect_region_resource_salt_production	building_to_building_own	8.0000	4.0000	0.0000	derpy_mr_salt_0
wh3_dlc23_special_fortress_of_dawn_dawns_harbour_3	wh_main_effect_region_resource_salt_production	building_to_building_own	12.0000	6.0000	0.0000	derpy_mr_salt_0
wh3_dlc23_special_fortress_of_dawn_dawns_harbour_chd_1	wh_main_effect_region_resource_salt_production	building_to_building_own	6.0000	3.0000	0.0000	derpy_mr_salt_0
wh3_dlc23_special_fortress_of_dawn_dawns_harbour_chd_2	wh_main_effect_region_resource_salt_production	building_to_building_own	8.0000	4.0000	0.0000	derpy_mr_salt_0
wh3_dlc23_special_fortress_of_dawn_dawns_harbour_chd_3	wh_main_effect_region_resource_salt_production	building_to_building_own	12.0000	6.0000	0.0000	derpy_mr_salt_0
wh3_dlc23_special_fortress_of_dawn_dawns_harbour_def_1	wh_main_effect_region_resource_salt_production	building_to_building_own	6.0000	3.0000	0.0000	derpy_mr_salt_0
wh3_dlc23_special_fortress_of_dawn_dawns_harbour_def_2	wh_main_effect_region_resource_salt_production	building_to_building_own	8.0000	4.0000	0.0000	derpy_mr_salt_0
wh3_dlc23_special_fortress_of_dawn_dawns_harbour_def_3	wh_main_effect_region_resource_salt_production	building_to_building_own	12.0000	6.0000	0.0000	derpy_mr_salt_0
wh3_dlc23_special_fortress_of_dawn_dawns_harbour_hef_1	wh_main_effect_region_resource_salt_production	building_to_building_own	6.0000	3.0000	0.0000	derpy_mr_salt_0
wh3_dlc23_special_fortress_of_dawn_dawns_harbour_hef_2	wh_main_effect_region_resource_salt_production	building_to_building_own	8.0000	4.0000	0.0000	derpy_mr_salt_0
wh3_dlc23_special_fortress_of_dawn_dawns_harbour_hef_3	wh_main_effect_region_resource_salt_production	building_to_building_own	12.0000	6.0000	0.0000	derpy_mr_salt_0
wh3_dlc24_special_fu_chow_port_1	wh_main_effect_region_resource_salt_production	building_to_building_own	6.0000	3.0000	0.0000	derpy_mr_salt_0
wh3_dlc24_special_fu_chow_port_2	wh_main_effect_region_resource_salt_production	building_to_building_own	8.0000	4.0000	0.0000	derpy_mr_salt_0
wh3_dlc24_special_fu_chow_port_3	wh_main_effect_region_resource_salt_production	building_to_building_own	12.0000	6.0000	0.0000	derpy_mr_salt_0
wh3_dlc27_hef_colony_port_1	wh_main_effect_region_resource_salt_production	building_to_building_own	6.0000	3.0000	0.0000	derpy_mr_salt_0
wh3_dlc27_hef_colony_port_2	wh_main_effect_region_resource_salt_production	building_to_building_own	8.0000	4.0000	0.0000	derpy_mr_salt_0
wh3_dlc27_hef_colony_port_3	wh_main_effect_region_resource_salt_production	building_to_building_own	12.0000	6.0000	0.0000	derpy_mr_salt_0
wh3_dlc27_nor_port_altar_1	wh_main_effect_region_resource_salt_production	building_to_building_own	6.0000	3.0000	0.0000	derpy_mr_salt_0
wh3_dlc29_special_marienburg_port_chs_1	wh_main_effect_region_resource_salt_production	building_to_building_own	6.0000	3.0000	0.0000	derpy_mr_salt_0
wh3_dlc29_special_marienburg_port_chs_2	wh_main_effect_region_resource_salt_production	building_to_building_own	8.0000	4.0000	0.0000	derpy_mr_salt_0
wh3_dlc29_special_marienburg_port_chs_3	wh_main_effect_region_resource_salt_production	building_to_building_own	12.0000	6.0000	0.0000	derpy_mr_salt_0
wh3_main_cth_port_1	wh_main_effect_region_resource_salt_production	building_to_building_own	6.0000	3.0000	0.0000	derpy_mr_salt_0
wh3_main_cth_port_2	wh_main_effect_region_resource_salt_production	building_to_building_own	8.0000	4.0000	0.0000	derpy_mr_salt_0
wh3_main_cth_port_3	wh_main_effect_region_resource_salt_production	building_to_building_own	12.0000	6.0000	0.0000	derpy_mr_salt_0
wh3_main_ksl_port_1	wh_main_effect_region_resource_salt_production	building_to_building_own	6.0000	3.0000	0.0000	derpy_mr_salt_0
wh3_main_ksl_port_2	wh_main_effect_region_resource_salt_production	building_to_building_own	8.0000	4.0000	0.0000	derpy_mr_salt_0
wh3_main_ksl_port_3	wh_main_effect_region_resource_salt_production	building_to_building_own	12.0000	6.0000	0.0000	derpy_mr_salt_0
wh3_main_ogr_port_1	wh_main_effect_region_resource_salt_production	building_to_building_own	6.0000	3.0000	0.0000	derpy_mr_salt_0
wh3_main_ogr_port_2	wh_main_effect_region_resource_salt_production	building_to_building_own	8.0000	4.0000	0.0000	derpy_mr_salt_0
wh3_main_special_ksl_erengrad_3_1	wh_main_effect_region_resource_salt_production	building_to_building_own	6.0000	3.0000	0.0000	derpy_mr_salt_0
wh3_main_special_ksl_erengrad_3_2	wh_main_effect_region_resource_salt_production	building_to_building_own	8.0000	4.0000	0.0000	derpy_mr_salt_0
wh3_main_special_ksl_erengrad_3_3	wh_main_effect_region_resource_salt_production	building_to_building_own	12.0000	6.0000	0.0000	derpy_mr_salt_0
wh3_main_special_ksl_erengrad_3_4	wh_main_effect_region_resource_salt_production	building_to_building_own	12.0000	6.0000	0.0000	derpy_mr_salt_0
wh3_main_special_ksl_erengrad_3_5	wh_main_effect_region_resource_salt_production	building_to_building_own	12.0000	6.0000	0.0000	derpy_mr_salt_0
wh_dlc05_special_bordeleaux_port_wef_1	wh_main_effect_region_resource_salt_production	building_to_building_own	6.0000	3.0000	0.0000	derpy_mr_salt_0
wh_dlc05_special_erengrad_port_wef_1	wh_main_effect_region_resource_salt_production	building_to_building_own	6.0000	3.0000	0.0000	derpy_mr_salt_0
wh_dlc05_special_marienburg_port_wef_1	wh_main_effect_region_resource_salt_production	building_to_building_own	6.0000	3.0000	0.0000	derpy_mr_salt_0
wh_dlc05_wef_port_1	wh_main_effect_region_resource_salt_production	building_to_building_own	6.0000	3.0000	0.0000	derpy_mr_salt_0
wh_main_brt_port_1	wh_main_effect_region_resource_salt_production	building_to_building_own	6.0000	3.0000	0.0000	derpy_mr_salt_0
wh_main_brt_port_2	wh_main_effect_region_resource_salt_production	building_to_building_own	8.0000	4.0000	0.0000	derpy_mr_salt_0
wh_main_brt_port_3	wh_main_effect_region_resource_salt_production	building_to_building_own	12.0000	6.0000	0.0000	derpy_mr_salt_0
wh_main_chs_port_1	wh_main_effect_region_resource_salt_production	building_to_building_own	6.0000	3.0000	0.0000	derpy_mr_salt_0
wh_main_chs_port_2	wh_main_effect_region_resource_salt_production	building_to_building_own	8.0000	4.0000	0.0000	derpy_mr_salt_0
wh_main_chs_port_3	wh_main_effect_region_resource_salt_production	building_to_building_own	12.0000	6.0000	0.0000	derpy_mr_salt_0
wh_main_dwf_port_1	wh_main_effect_region_resource_salt_production	building_to_building_own	6.0000	3.0000	0.0000	derpy_mr_salt_0
wh_main_dwf_port_2	wh_main_effect_region_resource_salt_production	building_to_building_own	8.0000	4.0000	0.0000	derpy_mr_salt_0
wh_main_dwf_port_3	wh_main_effect_region_resource_salt_production	building_to_building_own	12.0000	6.0000	0.0000	derpy_mr_salt_0
wh_main_emp_port_1	wh_main_effect_region_resource_salt_production	building_to_building_own	6.0000	3.0000	0.0000	derpy_mr_salt_0
wh_main_emp_port_2	wh_main_effect_region_resource_salt_production	building_to_building_own	8.0000	4.0000	0.0000	derpy_mr_salt_0
wh_main_emp_port_3	wh_main_effect_region_resource_salt_production	building_to_building_own	12.0000	6.0000	0.0000	derpy_mr_salt_0
wh_main_grn_port_1	wh_main_effect_region_resource_salt_production	building_to_building_own	6.0000	3.0000	0.0000	derpy_mr_salt_0
wh_main_grn_port_2	wh_main_effect_region_resource_salt_production	building_to_building_own	8.0000	4.0000	0.0000	derpy_mr_salt_0
wh_main_grn_port_3	wh_main_effect_region_resource_salt_production	building_to_building_own	12.0000	6.0000	0.0000	derpy_mr_salt_0
wh_main_nor_port_1	wh_main_effect_region_resource_salt_production	building_to_building_own	6.0000	3.0000	0.0000	derpy_mr_salt_0
wh_main_nor_port_2	wh_main_effect_region_resource_salt_production	building_to_building_own	8.0000	4.0000	0.0000	derpy_mr_salt_0
wh_main_nor_port_3	wh_main_effect_region_resource_salt_production	building_to_building_own	12.0000	6.0000	0.0000	derpy_mr_salt_0
wh_main_teb_port_1	wh_main_effect_region_resource_salt_production	building_to_building_own	6.0000	3.0000	0.0000	derpy_mr_salt_0
wh_main_teb_port_2	wh_main_effect_region_resource_salt_production	building_to_building_own	8.0000	4.0000	0.0000	derpy_mr_salt_0
wh_main_teb_port_3	wh_main_effect_region_resource_salt_production	building_to_building_own	12.0000	6.0000	0.0000	derpy_mr_salt_0
wh_main_vmp_port_1	wh_main_effect_region_resource_salt_production	building_to_building_own	6.0000	3.0000	0.0000	derpy_mr_salt_0
wh_main_vmp_port_2	wh_main_effect_region_resource_salt_production	building_to_building_own	8.0000	4.0000	0.0000	derpy_mr_salt_0
wh_main_vmp_port_3	wh_main_effect_region_resource_salt_production	building_to_building_own	12.0000	6.0000	0.0000	derpy_mr_salt_0
wh_main_brt_legendary_port_1	wh_main_effect_region_resource_salt_production	building_to_building_own	6.0000	3.0000	0.0000	derpy_mr_salt_0
wh_main_brt_legendary_port_2	wh_main_effect_region_resource_salt_production	building_to_building_own	8.0000	4.0000	0.0000	derpy_mr_salt_0
wh_main_brt_legendary_port_3	wh_main_effect_region_resource_salt_production	building_to_building_own	12.0000	6.0000	0.0000	derpy_mr_salt_0
wh_main_special_erengrad_port_1	wh_main_effect_region_resource_salt_production	building_to_building_own	6.0000	3.0000	0.0000	derpy_mr_salt_0
wh_main_special_erengrad_port_2	wh_main_effect_region_resource_salt_production	building_to_building_own	8.0000	4.0000	0.0000	derpy_mr_salt_0
wh_main_special_erengrad_port_3	wh_main_effect_region_resource_salt_production	building_to_building_own	12.0000	6.0000	0.0000	derpy_mr_salt_0
wh_main_special_marienburg_port_1	wh_main_effect_region_resource_salt_production	building_to_building_own	6.0000	3.0000	0.0000	derpy_mr_salt_0
wh_main_special_marienburg_port_2	wh_main_effect_region_resource_salt_production	building_to_building_own	8.0000	4.0000	0.0000	derpy_mr_salt_0
wh_main_special_marienburg_port_3	wh_main_effect_region_resource_salt_production	building_to_building_own	12.0000	6.0000	0.0000	derpy_mr_salt_0
wh_twa03_special_albion_port_def_1	wh_main_effect_region_resource_salt_production	building_to_building_own	6.0000	3.0000	0.0000	derpy_mr_salt_0
wh_twa03_special_albion_port_def_2	wh_main_effect_region_resource_salt_production	building_to_building_own	8.0000	4.0000	0.0000	derpy_mr_salt_0
wh2_main_lzd_farm_1	wh_main_effect_region_resource_furs_production	building_to_building_own	6.0000	3.0000	0.0000	derpy_mr_furs_0
wh2_main_lzd_farm_2	wh_main_effect_region_resource_furs_production	building_to_building_own	8.0000	4.0000	0.0000	derpy_mr_furs_0
wh2_main_lzd_farm_3	wh_main_effect_region_resource_furs_production	building_to_building_own	12.0000	6.0000	0.0000	derpy_mr_furs_0
wh3_main_ogr_farm_1	wh_main_effect_region_resource_furs_production	building_to_building_own	6.0000	3.0000	0.0000	derpy_mr_furs_0
wh3_main_ogr_farm_2	wh_main_effect_region_resource_furs_production	building_to_building_own	8.0000	4.0000	0.0000	derpy_mr_furs_0
wh3_main_ogr_farm_3	wh_main_effect_region_resource_furs_production	building_to_building_own	12.0000	6.0000	0.0000	derpy_mr_furs_0
wh2_main_def_farm_1	wh_main_effect_region_resource_furs_production	building_to_building_own	6.0000	3.0000	0.0000	derpy_mr_furs_1
wh2_main_def_farm_2	wh_main_effect_region_resource_furs_production	building_to_building_own	8.0000	4.0000	0.0000	derpy_mr_furs_1
wh2_main_def_farm_3	wh_main_effect_region_resource_furs_production	building_to_building_own	12.0000	6.0000	0.0000	derpy_mr_furs_1
wh2_main_hef_farm_1	wh_main_effect_region_resource_furs_production	building_to_building_own	6.0000	3.0000	0.0000	derpy_mr_furs_1
wh2_main_hef_farm_2	wh_main_effect_region_resource_furs_production	building_to_building_own	8.0000	4.0000	0.0000	derpy_mr_furs_1
wh2_main_hef_farm_3	wh_main_effect_region_resource_furs_production	building_to_building_own	12.0000	6.0000	0.0000	derpy_mr_furs_1
wh3_main_ksl_growth_xp_1	wh_main_effect_region_resource_furs_production	building_to_building_own	6.0000	3.0000	0.0000	derpy_mr_furs_1
wh3_main_ksl_growth_xp_2	wh_main_effect_region_resource_furs_production	building_to_building_own	8.0000	4.0000	0.0000	derpy_mr_furs_1
wh3_main_ksl_growth_xp_3	wh_main_effect_region_resource_furs_production	building_to_building_own	12.0000	6.0000	0.0000	derpy_mr_furs_1
wh_main_brt_farm_1	wh_main_effect_region_resource_furs_production	building_to_building_own	6.0000	3.0000	0.0000	derpy_mr_furs_1
wh_main_brt_farm_2	wh_main_effect_region_resource_furs_production	building_to_building_own	8.0000	4.0000	0.0000	derpy_mr_furs_1
wh_main_brt_farm_3	wh_main_effect_region_resource_furs_production	building_to_building_own	12.0000	6.0000	0.0000	derpy_mr_furs_1
wh_main_brt_farm_extra_1	wh_main_effect_region_resource_furs_production	building_to_building_own	6.0000	3.0000	0.0000	derpy_mr_furs_1
wh_main_brt_farm_extra_2	wh_main_effect_region_resource_furs_production	building_to_building_own	8.0000	4.0000	0.0000	derpy_mr_furs_1
wh_main_dwf_farm_1	wh_main_effect_region_resource_furs_production	building_to_building_own	6.0000	3.0000	0.0000	derpy_mr_furs_1
wh_main_dwf_farm_2	wh_main_effect_region_resource_furs_production	building_to_building_own	8.0000	4.0000	0.0000	derpy_mr_furs_1
wh_main_dwf_farm_3	wh_main_effect_region_resource_furs_production	building_to_building_own	12.0000	6.0000	0.0000	derpy_mr_furs_1
wh_main_emp_farm_basic_1	wh_main_effect_region_resource_furs_production	building_to_building_own	6.0000	3.0000	0.0000	derpy_mr_furs_1
wh_main_emp_farm_basic_2	wh_main_effect_region_resource_furs_production	building_to_building_own	8.0000	4.0000	0.0000	derpy_mr_furs_1
wh_main_emp_farm_basic_3	wh_main_effect_region_resource_furs_production	building_to_building_own	12.0000	6.0000	0.0000	derpy_mr_furs_1
wh3_dlc27_nor_chaos_altar_und_minor_human_1	wh_main_effect_region_resource_furs_production	building_to_building_own	4.0000	2.0000	0.0000	derpy_mr_furs_2
wh3_dlc27_nor_chaos_altar_und_minor_human_2	wh_main_effect_region_resource_furs_production	building_to_building_own	6.0000	3.0000	0.0000	derpy_mr_furs_2
wh3_dlc27_nor_chaos_altar_und_minor_human_3	wh_main_effect_region_resource_furs_production	building_to_building_own	8.0000	4.0000	0.0000	derpy_mr_furs_2
wh3_dlc27_settlement_nor_chaos_altar_und_special_gate_1	wh_main_effect_region_resource_furs_production	building_to_building_own	4.0000	2.0000	0.0000	derpy_mr_furs_2
wh3_dlc27_settlement_nor_chaos_altar_und_special_gate_2	wh_main_effect_region_resource_furs_production	building_to_building_own	6.0000	3.0000	0.0000	derpy_mr_furs_2
wh3_dlc27_settlement_nor_chaos_altar_und_special_gate_3	wh_main_effect_region_resource_furs_production	building_to_building_own	8.0000	4.0000	0.0000	derpy_mr_furs_2
wh3_dlc27_nor_chaos_altar_und_minor_human_port_1	wh_main_effect_region_resource_furs_production	building_to_building_own	4.0000	2.0000	0.0000	derpy_mr_furs_2
wh3_dlc27_nor_chaos_altar_und_minor_human_port_2	wh_main_effect_region_resource_furs_production	building_to_building_own	6.0000	3.0000	0.0000	derpy_mr_furs_2
wh3_dlc27_nor_chaos_altar_und_minor_human_port_3	wh_main_effect_region_resource_furs_production	building_to_building_own	8.0000	4.0000	0.0000	derpy_mr_furs_2
wh_main_nor_settlement_major_1	wh_main_effect_region_resource_furs_production	building_to_building_own	4.0000	2.0000	0.0000	derpy_mr_furs_2
wh_main_nor_settlement_major_2	wh_main_effect_region_resource_furs_production	building_to_building_own	6.0000	3.0000	0.0000	derpy_mr_furs_2
wh_main_nor_settlement_major_3	wh_main_effect_region_resource_furs_production	building_to_building_own	8.0000	4.0000	0.0000	derpy_mr_furs_2
wh_main_nor_settlement_major_4	wh_main_effect_region_resource_furs_production	building_to_building_own	10.0000	5.0000	0.0000	derpy_mr_furs_2
wh_main_nor_settlement_major_5	wh_main_effect_region_resource_furs_production	building_to_building_own	12.0000	6.0000	0.0000	derpy_mr_furs_2
wh_main_nor_settlement_minor_1	wh_main_effect_region_resource_furs_production	building_to_building_own	4.0000	2.0000	0.0000	derpy_mr_furs_2
wh_main_nor_settlement_minor_2	wh_main_effect_region_resource_furs_production	building_to_building_own	6.0000	3.0000	0.0000	derpy_mr_furs_2
wh_main_nor_settlement_minor_3	wh_main_effect_region_resource_furs_production	building_to_building_own	8.0000	4.0000	0.0000	derpy_mr_furs_2
wh2_main_def_industry_1	wh_main_effect_region_resource_pottery_production	building_to_building_own	6.0000	3.0000	0.0000	derpy_mr_pottery_0
wh2_main_def_industry_2	wh_main_effect_region_resource_pottery_production	building_to_building_own	8.0000	4.0000	0.0000	derpy_mr_pottery_0
wh2_main_def_industry_3	wh_main_effect_region_resource_pottery_production	building_to_building_own	12.0000	6.0000	0.0000	derpy_mr_pottery_0
wh2_main_hef_industry_1	wh_main_effect_region_resource_pottery_production	building_to_building_own	6.0000	3.0000	0.0000	derpy_mr_pottery_0
wh2_main_hef_industry_2	wh_main_effect_region_resource_pottery_production	building_to_building_own	8.0000	4.0000	0.0000	derpy_mr_pottery_0
wh2_main_hef_industry_3	wh_main_effect_region_resource_pottery_production	building_to_building_own	12.0000	6.0000	0.0000	derpy_mr_pottery_0
wh2_main_lzd_industry_1	wh_main_effect_region_resource_pottery_production	building_to_building_own	6.0000	3.0000	0.0000	derpy_mr_pottery_0
wh2_main_lzd_industry_2	wh_main_effect_region_resource_pottery_production	building_to_building_own	8.0000	4.0000	0.0000	derpy_mr_pottery_0
wh2_main_lzd_industry_3	wh_main_effect_region_resource_pottery_production	building_to_building_own	12.0000	6.0000	0.0000	derpy_mr_pottery_0
wh3_main_cth_income_yang_1	wh_main_effect_region_resource_pottery_production	building_to_building_own	6.0000	3.0000	0.0000	derpy_mr_pottery_0
wh3_main_cth_income_yang_2	wh_main_effect_region_resource_pottery_production	building_to_building_own	8.0000	4.0000	0.0000	derpy_mr_pottery_0
wh3_main_cth_income_yang_3	wh_main_effect_region_resource_pottery_production	building_to_building_own	12.0000	6.0000	0.0000	derpy_mr_pottery_0
wh3_main_cth_income_yin_1	wh_main_effect_region_resource_pottery_production	building_to_building_own	6.0000	3.0000	0.0000	derpy_mr_pottery_0
wh3_main_cth_income_yin_2	wh_main_effect_region_resource_pottery_production	building_to_building_own	8.0000	4.0000	0.0000	derpy_mr_pottery_0
wh3_main_cth_income_yin_3	wh_main_effect_region_resource_pottery_production	building_to_building_own	12.0000	6.0000	0.0000	derpy_mr_pottery_0
wh3_main_ksl_trade_order_1	wh_main_effect_region_resource_pottery_production	building_to_building_own	6.0000	3.0000	0.0000	derpy_mr_pottery_0
wh3_main_ksl_trade_order_2	wh_main_effect_region_resource_pottery_production	building_to_building_own	8.0000	4.0000	0.0000	derpy_mr_pottery_0
wh3_main_ksl_trade_order_3	wh_main_effect_region_resource_pottery_production	building_to_building_own	12.0000	6.0000	0.0000	derpy_mr_pottery_0
wh3_main_ksl_trade_order_4	wh_main_effect_region_resource_pottery_production	building_to_building_own	12.0000	6.0000	0.0000	derpy_mr_pottery_0
wh3_main_ksl_trade_order_5	wh_main_effect_region_resource_pottery_production	building_to_building_own	12.0000	6.0000	0.0000	derpy_mr_pottery_0
wh_main_brt_industry_basic_1	wh_main_effect_region_resource_pottery_production	building_to_building_own	6.0000	3.0000	0.0000	derpy_mr_pottery_0
wh_main_brt_industry_basic_2	wh_main_effect_region_resource_pottery_production	building_to_building_own	8.0000	4.0000	0.0000	derpy_mr_pottery_0
wh_main_brt_industry_basic_3	wh_main_effect_region_resource_pottery_production	building_to_building_own	12.0000	6.0000	0.0000	derpy_mr_pottery_0
wh_main_emp_industry_basic_1	wh_main_effect_region_resource_pottery_production	building_to_building_own	6.0000	3.0000	0.0000	derpy_mr_pottery_0
wh_main_emp_industry_basic_2	wh_main_effect_region_resource_pottery_production	building_to_building_own	8.0000	4.0000	0.0000	derpy_mr_pottery_0
wh_main_emp_industry_basic_3	wh_main_effect_region_resource_pottery_production	building_to_building_own	12.0000	6.0000	0.0000	derpy_mr_pottery_0
wh2_main_hef_farm_1	wh_main_effect_region_resource_wine_production	building_to_building_own	6.0000	3.0000	0.0000	derpy_mr_wine_0
wh2_main_hef_farm_2	wh_main_effect_region_resource_wine_production	building_to_building_own	8.0000	4.0000	0.0000	derpy_mr_wine_0
wh2_main_hef_farm_3	wh_main_effect_region_resource_wine_production	building_to_building_own	12.0000	6.0000	0.0000	derpy_mr_wine_0
wh_main_brt_farm_1	wh_main_effect_region_resource_wine_production	building_to_building_own	6.0000	3.0000	0.0000	derpy_mr_wine_0
wh_main_brt_farm_2	wh_main_effect_region_resource_wine_production	building_to_building_own	8.0000	4.0000	0.0000	derpy_mr_wine_0
wh_main_brt_farm_3	wh_main_effect_region_resource_wine_production	building_to_building_own	12.0000	6.0000	0.0000	derpy_mr_wine_0
wh_main_brt_farm_extra_1	wh_main_effect_region_resource_wine_production	building_to_building_own	6.0000	3.0000	0.0000	derpy_mr_wine_0
wh_main_brt_farm_extra_2	wh_main_effect_region_resource_wine_production	building_to_building_own	8.0000	4.0000	0.0000	derpy_mr_wine_0
wh_main_emp_farm_basic_1	wh_main_effect_region_resource_wine_production	building_to_building_own	6.0000	3.0000	0.0000	derpy_mr_wine_0
wh_main_emp_farm_basic_2	wh_main_effect_region_resource_wine_production	building_to_building_own	8.0000	4.0000	0.0000	derpy_mr_wine_0
wh_main_emp_farm_basic_3	wh_main_effect_region_resource_wine_production	building_to_building_own	12.0000	6.0000	0.0000	derpy_mr_wine_0
derpy_mr_bld_gromril_1	derpy_effect_region_resource_gromril_production	building_to_building_own	10.0000	5.0000	0.0000	derpy_mr_gromril_bld
derpy_mr_bld_gromril_1	wh_main_effect_economy_gdp_mining	building_to_building_own	100.0000	50.0000	0.0000	derpy_mr_gromril_bld
derpy_mr_bld_gromril_1	wh2_main_effect_resource_recruitment_cost_reduction_dwf_ironbreaker_hammerer	province_to_province_own	-20.0000	-10.0000	0.0000	derpy_mr_gromril_bld
derpy_mr_bld_gromril_2	derpy_effect_region_resource_gromril_production	building_to_building_own	15.0000	8.0000	0.0000	derpy_mr_gromril_bld
derpy_mr_bld_gromril_2	wh_main_effect_economy_gdp_mining	building_to_building_own	150.0000	75.0000	0.0000	derpy_mr_gromril_bld
derpy_mr_bld_gromril_2	wh2_main_effect_resource_recruitment_cost_reduction_dwf_ironbreaker_hammerer	province_to_province_own	-25.0000	-13.0000	0.0000	derpy_mr_gromril_bld
derpy_mr_bld_gromril_2	wh2_main_effect_resource_unit_xp_levels_dwf_ironbreaker_hammerer	province_to_province_own	1.0000	1.0000	0.0000	derpy_mr_gromril_bld
derpy_mr_bld_gromril_3	derpy_effect_region_resource_gromril_production	building_to_building_own	23.0000	12.0000	0.0000	derpy_mr_gromril_bld
derpy_mr_bld_gromril_3	wh_main_effect_economy_gdp_mining	building_to_building_own	200.0000	100.0000	0.0000	derpy_mr_gromril_bld
derpy_mr_bld_gromril_3	wh2_main_effect_resource_recruitment_cost_reduction_dwf_ironbreaker_hammerer	province_to_province_own	-30.0000	-15.0000	0.0000	derpy_mr_gromril_bld
derpy_mr_bld_gromril_3	wh2_main_effect_resource_unit_xp_levels_dwf_ironbreaker_hammerer	province_to_province_own	2.0000	1.0000	0.0000	derpy_mr_gromril_bld
derpy_mr_bld_gromril_3	wh2_main_effect_resource_upkeep_cost_reduction_dwf_ironbreaker_hammerer	faction_to_force_own	-3.0000	-2.0000	0.0000	derpy_mr_gromril_bld
derpy_mr_bld_ithilmar_1	derpy_effect_region_resource_ithilmar_production	building_to_building_own	10.0000	5.0000	0.0000	derpy_mr_ithilmar_bld
derpy_mr_bld_ithilmar_1	wh_main_effect_economy_gdp_mining	building_to_building_own	100.0000	50.0000	0.0000	derpy_mr_ithilmar_bld
derpy_mr_bld_ithilmar_1	wh2_main_effect_building_recruitment_cost_reduction_hef_resource_iron	province_to_province_own	-20.0000	-10.0000	0.0000	derpy_mr_ithilmar_bld
derpy_mr_bld_ithilmar_2	derpy_effect_region_resource_ithilmar_production	building_to_building_own	15.0000	8.0000	0.0000	derpy_mr_ithilmar_bld
derpy_mr_bld_ithilmar_2	wh_main_effect_economy_gdp_mining	building_to_building_own	150.0000	75.0000	0.0000	derpy_mr_ithilmar_bld
derpy_mr_bld_ithilmar_2	wh2_main_effect_building_recruitment_cost_reduction_hef_resource_iron	province_to_province_own	-25.0000	-13.0000	0.0000	derpy_mr_ithilmar_bld
derpy_mr_bld_ithilmar_2	wh2_main_effect_building_unit_xp_levels_hef_resource_iron	province_to_province_own	1.0000	1.0000	0.0000	derpy_mr_ithilmar_bld
derpy_mr_bld_ithilmar_3	derpy_effect_region_resource_ithilmar_production	building_to_building_own	23.0000	12.0000	0.0000	derpy_mr_ithilmar_bld
derpy_mr_bld_ithilmar_3	wh_main_effect_economy_gdp_mining	building_to_building_own	200.0000	100.0000	0.0000	derpy_mr_ithilmar_bld
derpy_mr_bld_ithilmar_3	wh2_main_effect_building_recruitment_cost_reduction_hef_resource_iron	province_to_province_own	-30.0000	-15.0000	0.0000	derpy_mr_ithilmar_bld
derpy_mr_bld_ithilmar_3	wh2_main_effect_building_unit_xp_levels_hef_resource_iron	province_to_province_own	2.0000	1.0000	0.0000	derpy_mr_ithilmar_bld
derpy_mr_bld_ithilmar_3	wh2_main_effect_buildling_upkeep_reduction_hef_resource_iron	faction_to_force_own	-3.0000	-2.0000	0.0000	derpy_mr_ithilmar_bld
derpy_mr_bld_dragon_bone_brt_1	derpy_effect_region_resource_dragon_bone_production	building_to_building_own	10.0000	5.0000	0.0000	derpy_mr_dragon_bone_bld
derpy_mr_bld_dragon_bone_brt_1	wh_main_effect_economy_gdp_mining	building_to_building_own	100.0000	50.0000	0.0000	derpy_mr_dragon_bone_bld
derpy_mr_bld_dragon_bone_brt_2	derpy_effect_region_resource_dragon_bone_production	building_to_building_own	15.0000	8.0000	0.0000	derpy_mr_dragon_bone_bld
derpy_mr_bld_dragon_bone_brt_2	wh_main_effect_economy_gdp_mining	building_to_building_own	150.0000	75.0000	0.0000	derpy_mr_dragon_bone_bld
derpy_mr_bld_dragon_bone_brt_2	wh_main_effect_agent_recruitment_xp_all_agents	faction_to_province_own	1.0000	1.0000	0.0000	derpy_mr_dragon_bone_bld
derpy_mr_bld_dragon_bone_brt_3	derpy_effect_region_resource_dragon_bone_production	building_to_building_own	23.0000	12.0000	0.0000	derpy_mr_dragon_bone_bld
derpy_mr_bld_dragon_bone_brt_3	wh_main_effect_economy_gdp_mining	building_to_building_own	200.0000	100.0000	0.0000	derpy_mr_dragon_bone_bld
derpy_mr_bld_dragon_bone_brt_3	wh_main_effect_agent_recruitment_xp_all_agents	faction_to_province_own	2.0000	1.0000	0.0000	derpy_mr_dragon_bone_bld
derpy_mr_bld_dragon_bone_chd_1	derpy_effect_region_resource_dragon_bone_production	building_to_building_own	10.0000	5.0000	0.0000	derpy_mr_dragon_bone_bld
derpy_mr_bld_dragon_bone_chd_1	wh_main_effect_economy_gdp_mining	building_to_building_own	100.0000	50.0000	0.0000	derpy_mr_dragon_bone_bld
derpy_mr_bld_dragon_bone_chd_2	derpy_effect_region_resource_dragon_bone_production	building_to_building_own	15.0000	8.0000	0.0000	derpy_mr_dragon_bone_bld
derpy_mr_bld_dragon_bone_chd_2	wh_main_effect_economy_gdp_mining	building_to_building_own	150.0000	75.0000	0.0000	derpy_mr_dragon_bone_bld
derpy_mr_bld_dragon_bone_chd_2	wh_main_effect_agent_recruitment_xp_all_agents	faction_to_province_own	1.0000	1.0000	0.0000	derpy_mr_dragon_bone_bld
derpy_mr_bld_dragon_bone_chd_3	derpy_effect_region_resource_dragon_bone_production	building_to_building_own	23.0000	12.0000	0.0000	derpy_mr_dragon_bone_bld
derpy_mr_bld_dragon_bone_chd_3	wh_main_effect_economy_gdp_mining	building_to_building_own	200.0000	100.0000	0.0000	derpy_mr_dragon_bone_bld
derpy_mr_bld_dragon_bone_chd_3	wh_main_effect_agent_recruitment_xp_all_agents	faction_to_province_own	2.0000	1.0000	0.0000	derpy_mr_dragon_bone_bld
derpy_mr_bld_dragon_bone_chs_1	derpy_effect_region_resource_dragon_bone_production	building_to_building_own	10.0000	5.0000	0.0000	derpy_mr_dragon_bone_bld
derpy_mr_bld_dragon_bone_chs_1	wh_main_effect_economy_gdp_mining	building_to_building_own	100.0000	50.0000	0.0000	derpy_mr_dragon_bone_bld
derpy_mr_bld_dragon_bone_chs_2	derpy_effect_region_resource_dragon_bone_production	building_to_building_own	15.0000	8.0000	0.0000	derpy_mr_dragon_bone_bld
derpy_mr_bld_dragon_bone_chs_2	wh_main_effect_economy_gdp_mining	building_to_building_own	150.0000	75.0000	0.0000	derpy_mr_dragon_bone_bld
derpy_mr_bld_dragon_bone_chs_2	wh_main_effect_agent_recruitment_xp_all_agents	faction_to_province_own	1.0000	1.0000	0.0000	derpy_mr_dragon_bone_bld
derpy_mr_bld_dragon_bone_chs_3	derpy_effect_region_resource_dragon_bone_production	building_to_building_own	23.0000	12.0000	0.0000	derpy_mr_dragon_bone_bld
derpy_mr_bld_dragon_bone_chs_3	wh_main_effect_economy_gdp_mining	building_to_building_own	200.0000	100.0000	0.0000	derpy_mr_dragon_bone_bld
derpy_mr_bld_dragon_bone_chs_3	wh_main_effect_agent_recruitment_xp_all_agents	faction_to_province_own	2.0000	1.0000	0.0000	derpy_mr_dragon_bone_bld
derpy_mr_bld_dragon_bone_cst_1	derpy_effect_region_resource_dragon_bone_production	building_to_building_own	10.0000	5.0000	0.0000	derpy_mr_dragon_bone_bld
derpy_mr_bld_dragon_bone_cst_1	wh_main_effect_economy_gdp_mining	building_to_building_own	100.0000	50.0000	0.0000	derpy_mr_dragon_bone_bld
derpy_mr_bld_dragon_bone_cst_2	derpy_effect_region_resource_dragon_bone_production	building_to_building_own	15.0000	8.0000	0.0000	derpy_mr_dragon_bone_bld
derpy_mr_bld_dragon_bone_cst_2	wh_main_effect_economy_gdp_mining	building_to_building_own	150.0000	75.0000	0.0000	derpy_mr_dragon_bone_bld
derpy_mr_bld_dragon_bone_cst_2	wh_main_effect_agent_recruitment_xp_all_agents	faction_to_province_own	1.0000	1.0000	0.0000	derpy_mr_dragon_bone_bld
derpy_mr_bld_dragon_bone_cst_3	derpy_effect_region_resource_dragon_bone_production	building_to_building_own	23.0000	12.0000	0.0000	derpy_mr_dragon_bone_bld
derpy_mr_bld_dragon_bone_cst_3	wh_main_effect_economy_gdp_mining	building_to_building_own	200.0000	100.0000	0.0000	derpy_mr_dragon_bone_bld
derpy_mr_bld_dragon_bone_cst_3	wh_main_effect_agent_recruitment_xp_all_agents	faction_to_province_own	2.0000	1.0000	0.0000	derpy_mr_dragon_bone_bld
derpy_mr_bld_dragon_bone_cth_1	derpy_effect_region_resource_dragon_bone_production	building_to_building_own	10.0000	5.0000	0.0000	derpy_mr_dragon_bone_bld
derpy_mr_bld_dragon_bone_cth_1	wh_main_effect_economy_gdp_mining	building_to_building_own	100.0000	50.0000	0.0000	derpy_mr_dragon_bone_bld
derpy_mr_bld_dragon_bone_cth_2	derpy_effect_region_resource_dragon_bone_production	building_to_building_own	15.0000	8.0000	0.0000	derpy_mr_dragon_bone_bld
derpy_mr_bld_dragon_bone_cth_2	wh_main_effect_economy_gdp_mining	building_to_building_own	150.0000	75.0000	0.0000	derpy_mr_dragon_bone_bld
derpy_mr_bld_dragon_bone_cth_2	wh_main_effect_agent_recruitment_xp_all_agents	faction_to_province_own	1.0000	1.0000	0.0000	derpy_mr_dragon_bone_bld
derpy_mr_bld_dragon_bone_cth_3	derpy_effect_region_resource_dragon_bone_production	building_to_building_own	23.0000	12.0000	0.0000	derpy_mr_dragon_bone_bld
derpy_mr_bld_dragon_bone_cth_3	wh_main_effect_economy_gdp_mining	building_to_building_own	200.0000	100.0000	0.0000	derpy_mr_dragon_bone_bld
derpy_mr_bld_dragon_bone_cth_3	wh_main_effect_agent_recruitment_xp_all_agents	faction_to_province_own	2.0000	1.0000	0.0000	derpy_mr_dragon_bone_bld
derpy_mr_bld_dragon_bone_def_1	derpy_effect_region_resource_dragon_bone_production	building_to_building_own	10.0000	5.0000	0.0000	derpy_mr_dragon_bone_bld
derpy_mr_bld_dragon_bone_def_1	wh_main_effect_economy_gdp_mining	building_to_building_own	100.0000	50.0000	0.0000	derpy_mr_dragon_bone_bld
derpy_mr_bld_dragon_bone_def_2	derpy_effect_region_resource_dragon_bone_production	building_to_building_own	15.0000	8.0000	0.0000	derpy_mr_dragon_bone_bld
derpy_mr_bld_dragon_bone_def_2	wh_main_effect_economy_gdp_mining	building_to_building_own	150.0000	75.0000	0.0000	derpy_mr_dragon_bone_bld
derpy_mr_bld_dragon_bone_def_2	wh_main_effect_agent_recruitment_xp_all_agents	faction_to_province_own	1.0000	1.0000	0.0000	derpy_mr_dragon_bone_bld
derpy_mr_bld_dragon_bone_def_3	derpy_effect_region_resource_dragon_bone_production	building_to_building_own	23.0000	12.0000	0.0000	derpy_mr_dragon_bone_bld
derpy_mr_bld_dragon_bone_def_3	wh_main_effect_economy_gdp_mining	building_to_building_own	200.0000	100.0000	0.0000	derpy_mr_dragon_bone_bld
derpy_mr_bld_dragon_bone_def_3	wh_main_effect_agent_recruitment_xp_all_agents	faction_to_province_own	2.0000	1.0000	0.0000	derpy_mr_dragon_bone_bld
derpy_mr_bld_dragon_bone_dwf_1	derpy_effect_region_resource_dragon_bone_production	building_to_building_own	10.0000	5.0000	0.0000	derpy_mr_dragon_bone_bld
derpy_mr_bld_dragon_bone_dwf_1	wh_main_effect_economy_gdp_mining	building_to_building_own	100.0000	50.0000	0.0000	derpy_mr_dragon_bone_bld
derpy_mr_bld_dragon_bone_dwf_2	derpy_effect_region_resource_dragon_bone_production	building_to_building_own	15.0000	8.0000	0.0000	derpy_mr_dragon_bone_bld
derpy_mr_bld_dragon_bone_dwf_2	wh_main_effect_economy_gdp_mining	building_to_building_own	150.0000	75.0000	0.0000	derpy_mr_dragon_bone_bld
derpy_mr_bld_dragon_bone_dwf_2	wh_main_effect_agent_recruitment_xp_all_agents	faction_to_province_own	1.0000	1.0000	0.0000	derpy_mr_dragon_bone_bld
derpy_mr_bld_dragon_bone_dwf_3	derpy_effect_region_resource_dragon_bone_production	building_to_building_own	23.0000	12.0000	0.0000	derpy_mr_dragon_bone_bld
derpy_mr_bld_dragon_bone_dwf_3	wh_main_effect_economy_gdp_mining	building_to_building_own	200.0000	100.0000	0.0000	derpy_mr_dragon_bone_bld
derpy_mr_bld_dragon_bone_dwf_3	wh_main_effect_agent_recruitment_xp_all_agents	faction_to_province_own	2.0000	1.0000	0.0000	derpy_mr_dragon_bone_bld
derpy_mr_bld_dragon_bone_emp_1	derpy_effect_region_resource_dragon_bone_production	building_to_building_own	10.0000	5.0000	0.0000	derpy_mr_dragon_bone_bld
derpy_mr_bld_dragon_bone_emp_1	wh_main_effect_economy_gdp_mining	building_to_building_own	100.0000	50.0000	0.0000	derpy_mr_dragon_bone_bld
derpy_mr_bld_dragon_bone_emp_2	derpy_effect_region_resource_dragon_bone_production	building_to_building_own	15.0000	8.0000	0.0000	derpy_mr_dragon_bone_bld
derpy_mr_bld_dragon_bone_emp_2	wh_main_effect_economy_gdp_mining	building_to_building_own	150.0000	75.0000	0.0000	derpy_mr_dragon_bone_bld
derpy_mr_bld_dragon_bone_emp_2	wh_main_effect_agent_recruitment_xp_all_agents	faction_to_province_own	1.0000	1.0000	0.0000	derpy_mr_dragon_bone_bld
derpy_mr_bld_dragon_bone_emp_3	derpy_effect_region_resource_dragon_bone_production	building_to_building_own	23.0000	12.0000	0.0000	derpy_mr_dragon_bone_bld
derpy_mr_bld_dragon_bone_emp_3	wh_main_effect_economy_gdp_mining	building_to_building_own	200.0000	100.0000	0.0000	derpy_mr_dragon_bone_bld
derpy_mr_bld_dragon_bone_emp_3	wh_main_effect_agent_recruitment_xp_all_agents	faction_to_province_own	2.0000	1.0000	0.0000	derpy_mr_dragon_bone_bld
derpy_mr_bld_dragon_bone_grn_1	derpy_effect_region_resource_dragon_bone_production	building_to_building_own	10.0000	5.0000	0.0000	derpy_mr_dragon_bone_bld
derpy_mr_bld_dragon_bone_grn_1	wh_main_effect_economy_gdp_mining	building_to_building_own	100.0000	50.0000	0.0000	derpy_mr_dragon_bone_bld
derpy_mr_bld_dragon_bone_grn_2	derpy_effect_region_resource_dragon_bone_production	building_to_building_own	15.0000	8.0000	0.0000	derpy_mr_dragon_bone_bld
derpy_mr_bld_dragon_bone_grn_2	wh_main_effect_economy_gdp_mining	building_to_building_own	150.0000	75.0000	0.0000	derpy_mr_dragon_bone_bld
derpy_mr_bld_dragon_bone_grn_2	wh_main_effect_agent_recruitment_xp_all_agents	faction_to_province_own	1.0000	1.0000	0.0000	derpy_mr_dragon_bone_bld
derpy_mr_bld_dragon_bone_grn_3	derpy_effect_region_resource_dragon_bone_production	building_to_building_own	23.0000	12.0000	0.0000	derpy_mr_dragon_bone_bld
derpy_mr_bld_dragon_bone_grn_3	wh_main_effect_economy_gdp_mining	building_to_building_own	200.0000	100.0000	0.0000	derpy_mr_dragon_bone_bld
derpy_mr_bld_dragon_bone_grn_3	wh_main_effect_agent_recruitment_xp_all_agents	faction_to_province_own	2.0000	1.0000	0.0000	derpy_mr_dragon_bone_bld
derpy_mr_bld_dragon_bone_hef_1	derpy_effect_region_resource_dragon_bone_production	building_to_building_own	10.0000	5.0000	0.0000	derpy_mr_dragon_bone_bld
derpy_mr_bld_dragon_bone_hef_1	wh_main_effect_economy_gdp_mining	building_to_building_own	100.0000	50.0000	0.0000	derpy_mr_dragon_bone_bld
derpy_mr_bld_dragon_bone_hef_2	derpy_effect_region_resource_dragon_bone_production	building_to_building_own	15.0000	8.0000	0.0000	derpy_mr_dragon_bone_bld
derpy_mr_bld_dragon_bone_hef_2	wh_main_effect_economy_gdp_mining	building_to_building_own	150.0000	75.0000	0.0000	derpy_mr_dragon_bone_bld
derpy_mr_bld_dragon_bone_hef_2	wh_main_effect_agent_recruitment_xp_all_agents	faction_to_province_own	1.0000	1.0000	0.0000	derpy_mr_dragon_bone_bld
derpy_mr_bld_dragon_bone_hef_3	derpy_effect_region_resource_dragon_bone_production	building_to_building_own	23.0000	12.0000	0.0000	derpy_mr_dragon_bone_bld
derpy_mr_bld_dragon_bone_hef_3	wh_main_effect_economy_gdp_mining	building_to_building_own	200.0000	100.0000	0.0000	derpy_mr_dragon_bone_bld
derpy_mr_bld_dragon_bone_hef_3	wh_main_effect_agent_recruitment_xp_all_agents	faction_to_province_own	2.0000	1.0000	0.0000	derpy_mr_dragon_bone_bld
derpy_mr_bld_dragon_bone_ksl_1	derpy_effect_region_resource_dragon_bone_production	building_to_building_own	10.0000	5.0000	0.0000	derpy_mr_dragon_bone_bld
derpy_mr_bld_dragon_bone_ksl_1	wh_main_effect_economy_gdp_mining	building_to_building_own	100.0000	50.0000	0.0000	derpy_mr_dragon_bone_bld
derpy_mr_bld_dragon_bone_ksl_2	derpy_effect_region_resource_dragon_bone_production	building_to_building_own	15.0000	8.0000	0.0000	derpy_mr_dragon_bone_bld
derpy_mr_bld_dragon_bone_ksl_2	wh_main_effect_economy_gdp_mining	building_to_building_own	150.0000	75.0000	0.0000	derpy_mr_dragon_bone_bld
derpy_mr_bld_dragon_bone_ksl_2	wh_main_effect_agent_recruitment_xp_all_agents	faction_to_province_own	1.0000	1.0000	0.0000	derpy_mr_dragon_bone_bld
derpy_mr_bld_dragon_bone_ksl_3	derpy_effect_region_resource_dragon_bone_production	building_to_building_own	23.0000	12.0000	0.0000	derpy_mr_dragon_bone_bld
derpy_mr_bld_dragon_bone_ksl_3	wh_main_effect_economy_gdp_mining	building_to_building_own	200.0000	100.0000	0.0000	derpy_mr_dragon_bone_bld
derpy_mr_bld_dragon_bone_ksl_3	wh_main_effect_agent_recruitment_xp_all_agents	faction_to_province_own	2.0000	1.0000	0.0000	derpy_mr_dragon_bone_bld
derpy_mr_bld_dragon_bone_lzd_1	derpy_effect_region_resource_dragon_bone_production	building_to_building_own	10.0000	5.0000	0.0000	derpy_mr_dragon_bone_bld
derpy_mr_bld_dragon_bone_lzd_1	wh_main_effect_economy_gdp_mining	building_to_building_own	100.0000	50.0000	0.0000	derpy_mr_dragon_bone_bld
derpy_mr_bld_dragon_bone_lzd_2	derpy_effect_region_resource_dragon_bone_production	building_to_building_own	15.0000	8.0000	0.0000	derpy_mr_dragon_bone_bld
derpy_mr_bld_dragon_bone_lzd_2	wh_main_effect_economy_gdp_mining	building_to_building_own	150.0000	75.0000	0.0000	derpy_mr_dragon_bone_bld
derpy_mr_bld_dragon_bone_lzd_2	wh_main_effect_agent_recruitment_xp_all_agents	faction_to_province_own	1.0000	1.0000	0.0000	derpy_mr_dragon_bone_bld
derpy_mr_bld_dragon_bone_lzd_3	derpy_effect_region_resource_dragon_bone_production	building_to_building_own	23.0000	12.0000	0.0000	derpy_mr_dragon_bone_bld
derpy_mr_bld_dragon_bone_lzd_3	wh_main_effect_economy_gdp_mining	building_to_building_own	200.0000	100.0000	0.0000	derpy_mr_dragon_bone_bld
derpy_mr_bld_dragon_bone_lzd_3	wh_main_effect_agent_recruitment_xp_all_agents	faction_to_province_own	2.0000	1.0000	0.0000	derpy_mr_dragon_bone_bld
derpy_mr_bld_dragon_bone_nor_1	derpy_effect_region_resource_dragon_bone_production	building_to_building_own	10.0000	5.0000	0.0000	derpy_mr_dragon_bone_bld
derpy_mr_bld_dragon_bone_nor_1	wh_main_effect_economy_gdp_mining	building_to_building_own	100.0000	50.0000	0.0000	derpy_mr_dragon_bone_bld
derpy_mr_bld_dragon_bone_nor_2	derpy_effect_region_resource_dragon_bone_production	building_to_building_own	15.0000	8.0000	0.0000	derpy_mr_dragon_bone_bld
derpy_mr_bld_dragon_bone_nor_2	wh_main_effect_economy_gdp_mining	building_to_building_own	150.0000	75.0000	0.0000	derpy_mr_dragon_bone_bld
derpy_mr_bld_dragon_bone_nor_2	wh_main_effect_agent_recruitment_xp_all_agents	faction_to_province_own	1.0000	1.0000	0.0000	derpy_mr_dragon_bone_bld
derpy_mr_bld_dragon_bone_nor_3	derpy_effect_region_resource_dragon_bone_production	building_to_building_own	23.0000	12.0000	0.0000	derpy_mr_dragon_bone_bld
derpy_mr_bld_dragon_bone_nor_3	wh_main_effect_economy_gdp_mining	building_to_building_own	200.0000	100.0000	0.0000	derpy_mr_dragon_bone_bld
derpy_mr_bld_dragon_bone_nor_3	wh_main_effect_agent_recruitment_xp_all_agents	faction_to_province_own	2.0000	1.0000	0.0000	derpy_mr_dragon_bone_bld
derpy_mr_bld_dragon_bone_ogr_1	derpy_effect_region_resource_dragon_bone_production	building_to_building_own	10.0000	5.0000	0.0000	derpy_mr_dragon_bone_bld
derpy_mr_bld_dragon_bone_ogr_1	wh_main_effect_economy_gdp_mining	building_to_building_own	100.0000	50.0000	0.0000	derpy_mr_dragon_bone_bld
derpy_mr_bld_dragon_bone_ogr_2	derpy_effect_region_resource_dragon_bone_production	building_to_building_own	15.0000	8.0000	0.0000	derpy_mr_dragon_bone_bld
derpy_mr_bld_dragon_bone_ogr_2	wh_main_effect_economy_gdp_mining	building_to_building_own	150.0000	75.0000	0.0000	derpy_mr_dragon_bone_bld
derpy_mr_bld_dragon_bone_ogr_2	wh_main_effect_agent_recruitment_xp_all_agents	faction_to_province_own	1.0000	1.0000	0.0000	derpy_mr_dragon_bone_bld
derpy_mr_bld_dragon_bone_ogr_3	derpy_effect_region_resource_dragon_bone_production	building_to_building_own	23.0000	12.0000	0.0000	derpy_mr_dragon_bone_bld
derpy_mr_bld_dragon_bone_ogr_3	wh_main_effect_economy_gdp_mining	building_to_building_own	200.0000	100.0000	0.0000	derpy_mr_dragon_bone_bld
derpy_mr_bld_dragon_bone_ogr_3	wh_main_effect_agent_recruitment_xp_all_agents	faction_to_province_own	2.0000	1.0000	0.0000	derpy_mr_dragon_bone_bld
derpy_mr_bld_dragon_bone_skv_1	derpy_effect_region_resource_dragon_bone_production	building_to_building_own	10.0000	5.0000	0.0000	derpy_mr_dragon_bone_bld
derpy_mr_bld_dragon_bone_skv_1	wh_main_effect_economy_gdp_mining	building_to_building_own	100.0000	50.0000	0.0000	derpy_mr_dragon_bone_bld
derpy_mr_bld_dragon_bone_skv_2	derpy_effect_region_resource_dragon_bone_production	building_to_building_own	15.0000	8.0000	0.0000	derpy_mr_dragon_bone_bld
derpy_mr_bld_dragon_bone_skv_2	wh_main_effect_economy_gdp_mining	building_to_building_own	150.0000	75.0000	0.0000	derpy_mr_dragon_bone_bld
derpy_mr_bld_dragon_bone_skv_2	wh_main_effect_agent_recruitment_xp_all_agents	faction_to_province_own	1.0000	1.0000	0.0000	derpy_mr_dragon_bone_bld
derpy_mr_bld_dragon_bone_skv_3	derpy_effect_region_resource_dragon_bone_production	building_to_building_own	23.0000	12.0000	0.0000	derpy_mr_dragon_bone_bld
derpy_mr_bld_dragon_bone_skv_3	wh_main_effect_economy_gdp_mining	building_to_building_own	200.0000	100.0000	0.0000	derpy_mr_dragon_bone_bld
derpy_mr_bld_dragon_bone_skv_3	wh_main_effect_agent_recruitment_xp_all_agents	faction_to_province_own	2.0000	1.0000	0.0000	derpy_mr_dragon_bone_bld
derpy_mr_bld_dragon_bone_vmp_1	derpy_effect_region_resource_dragon_bone_production	building_to_building_own	10.0000	5.0000	0.0000	derpy_mr_dragon_bone_bld
derpy_mr_bld_dragon_bone_vmp_1	wh_main_effect_economy_gdp_mining	building_to_building_own	100.0000	50.0000	0.0000	derpy_mr_dragon_bone_bld
derpy_mr_bld_dragon_bone_vmp_2	derpy_effect_region_resource_dragon_bone_production	building_to_building_own	15.0000	8.0000	0.0000	derpy_mr_dragon_bone_bld
derpy_mr_bld_dragon_bone_vmp_2	wh_main_effect_economy_gdp_mining	building_to_building_own	150.0000	75.0000	0.0000	derpy_mr_dragon_bone_bld
derpy_mr_bld_dragon_bone_vmp_2	wh_main_effect_agent_recruitment_xp_all_agents	faction_to_province_own	1.0000	1.0000	0.0000	derpy_mr_dragon_bone_bld
derpy_mr_bld_dragon_bone_vmp_3	derpy_effect_region_resource_dragon_bone_production	building_to_building_own	23.0000	12.0000	0.0000	derpy_mr_dragon_bone_bld
derpy_mr_bld_dragon_bone_vmp_3	wh_main_effect_economy_gdp_mining	building_to_building_own	200.0000	100.0000	0.0000	derpy_mr_dragon_bone_bld
derpy_mr_bld_dragon_bone_vmp_3	wh_main_effect_agent_recruitment_xp_all_agents	faction_to_province_own	2.0000	1.0000	0.0000	derpy_mr_dragon_bone_bld
derpy_mr_bld_dragon_bone_wef_1	derpy_effect_region_resource_dragon_bone_production	building_to_building_own	10.0000	5.0000	0.0000	derpy_mr_dragon_bone_bld
derpy_mr_bld_dragon_bone_wef_1	wh_main_effect_economy_gdp_mining	building_to_building_own	100.0000	50.0000	0.0000	derpy_mr_dragon_bone_bld
derpy_mr_bld_dragon_bone_wef_2	derpy_effect_region_resource_dragon_bone_production	building_to_building_own	15.0000	8.0000	0.0000	derpy_mr_dragon_bone_bld
derpy_mr_bld_dragon_bone_wef_2	wh_main_effect_economy_gdp_mining	building_to_building_own	150.0000	75.0000	0.0000	derpy_mr_dragon_bone_bld
derpy_mr_bld_dragon_bone_wef_2	wh_main_effect_agent_recruitment_xp_all_agents	faction_to_province_own	1.0000	1.0000	0.0000	derpy_mr_dragon_bone_bld
derpy_mr_bld_dragon_bone_wef_3	derpy_effect_region_resource_dragon_bone_production	building_to_building_own	23.0000	12.0000	0.0000	derpy_mr_dragon_bone_bld
derpy_mr_bld_dragon_bone_wef_3	wh_main_effect_economy_gdp_mining	building_to_building_own	200.0000	100.0000	0.0000	derpy_mr_dragon_bone_bld
derpy_mr_bld_dragon_bone_wef_3	wh_main_effect_agent_recruitment_xp_all_agents	faction_to_province_own	2.0000	1.0000	0.0000	derpy_mr_dragon_bone_bld
derpy_mr_bld_sea_dragon_hide_1	derpy_effect_region_resource_sea_dragon_hide_production	building_to_building_own	10.0000	5.0000	0.0000	derpy_mr_sea_dragon_hide_bld
derpy_mr_bld_sea_dragon_hide_1	wh_main_effect_economy_gdp_mining	building_to_building_own	100.0000	50.0000	0.0000	derpy_mr_sea_dragon_hide_bld
derpy_mr_bld_sea_dragon_hide_1	wh2_main_effect_building_recruitment_cost_reduction_def_resource_salt	province_to_province_own	-20.0000	-10.0000	0.0000	derpy_mr_sea_dragon_hide_bld
derpy_mr_bld_sea_dragon_hide_2	derpy_effect_region_resource_sea_dragon_hide_production	building_to_building_own	15.0000	8.0000	0.0000	derpy_mr_sea_dragon_hide_bld
derpy_mr_bld_sea_dragon_hide_2	wh_main_effect_economy_gdp_mining	building_to_building_own	150.0000	75.0000	0.0000	derpy_mr_sea_dragon_hide_bld
derpy_mr_bld_sea_dragon_hide_2	wh2_main_effect_building_recruitment_cost_reduction_def_resource_salt	province_to_province_own	-25.0000	-13.0000	0.0000	derpy_mr_sea_dragon_hide_bld
derpy_mr_bld_sea_dragon_hide_2	wh2_main_effect_building_unit_xp_levels_def_resource_salt	province_to_province_own	1.0000	1.0000	0.0000	derpy_mr_sea_dragon_hide_bld
derpy_mr_bld_sea_dragon_hide_3	derpy_effect_region_resource_sea_dragon_hide_production	building_to_building_own	23.0000	12.0000	0.0000	derpy_mr_sea_dragon_hide_bld
derpy_mr_bld_sea_dragon_hide_3	wh_main_effect_economy_gdp_mining	building_to_building_own	200.0000	100.0000	0.0000	derpy_mr_sea_dragon_hide_bld
derpy_mr_bld_sea_dragon_hide_3	wh2_main_effect_building_recruitment_cost_reduction_def_resource_salt	province_to_province_own	-30.0000	-15.0000	0.0000	derpy_mr_sea_dragon_hide_bld
derpy_mr_bld_sea_dragon_hide_3	wh2_main_effect_building_unit_xp_levels_def_resource_salt	province_to_province_own	2.0000	1.0000	0.0000	derpy_mr_sea_dragon_hide_bld
derpy_mr_bld_sea_dragon_hide_3	wh2_main_effect_tech_upkeep_cost_reduction_def_corsairs	faction_to_force_own	-3.0000	-2.0000	0.0000	derpy_mr_sea_dragon_hide_bld
derpy_mr_bld_black_lotus_def_1	derpy_effect_region_resource_black_lotus_production	building_to_building_own	10.0000	5.0000	0.0000	derpy_mr_black_lotus_bld
derpy_mr_bld_black_lotus_def_1	wh_main_effect_economy_gdp_mining	building_to_building_own	100.0000	50.0000	0.0000	derpy_mr_black_lotus_bld
derpy_mr_bld_black_lotus_def_1	wh2_main_effect_building_recruitment_cost_reduction_def_resource_medicine	province_to_province_own	-20.0000	-10.0000	0.0000	derpy_mr_black_lotus_bld
derpy_mr_bld_black_lotus_def_2	derpy_effect_region_resource_black_lotus_production	building_to_building_own	15.0000	8.0000	0.0000	derpy_mr_black_lotus_bld
derpy_mr_bld_black_lotus_def_2	wh_main_effect_economy_gdp_mining	building_to_building_own	150.0000	75.0000	0.0000	derpy_mr_black_lotus_bld
derpy_mr_bld_black_lotus_def_2	wh2_main_effect_building_recruitment_cost_reduction_def_resource_medicine	province_to_province_own	-25.0000	-13.0000	0.0000	derpy_mr_black_lotus_bld
derpy_mr_bld_black_lotus_def_2	wh2_main_effect_building_unit_xp_levels_def_resource_medicine	province_to_province_own	1.0000	1.0000	0.0000	derpy_mr_black_lotus_bld
derpy_mr_bld_black_lotus_def_3	derpy_effect_region_resource_black_lotus_production	building_to_building_own	23.0000	12.0000	0.0000	derpy_mr_black_lotus_bld
derpy_mr_bld_black_lotus_def_3	wh_main_effect_economy_gdp_mining	building_to_building_own	200.0000	100.0000	0.0000	derpy_mr_black_lotus_bld
derpy_mr_bld_black_lotus_def_3	wh2_main_effect_building_recruitment_cost_reduction_def_resource_medicine	province_to_province_own	-30.0000	-15.0000	0.0000	derpy_mr_black_lotus_bld
derpy_mr_bld_black_lotus_def_3	wh2_main_effect_building_unit_xp_levels_def_resource_medicine	province_to_province_own	2.0000	1.0000	0.0000	derpy_mr_black_lotus_bld
derpy_mr_bld_black_lotus_def_3	wh2_main_effect_buildling_upkeep_reduction_def_resource_medicine	faction_to_force_own	-3.0000	-2.0000	0.0000	derpy_mr_black_lotus_bld
derpy_mr_bld_black_lotus_skv_1	derpy_effect_region_resource_black_lotus_production	building_to_building_own	10.0000	5.0000	0.0000	derpy_mr_black_lotus_bld
derpy_mr_bld_black_lotus_skv_1	wh_main_effect_economy_gdp_mining	building_to_building_own	100.0000	50.0000	0.0000	derpy_mr_black_lotus_bld
derpy_mr_bld_black_lotus_skv_2	derpy_effect_region_resource_black_lotus_production	building_to_building_own	15.0000	8.0000	0.0000	derpy_mr_black_lotus_bld
derpy_mr_bld_black_lotus_skv_2	wh_main_effect_economy_gdp_mining	building_to_building_own	150.0000	75.0000	0.0000	derpy_mr_black_lotus_bld
derpy_mr_bld_black_lotus_skv_2	wh2_main_effect_agent_recruitment_xp_skv_assassin	faction_to_province_own	1.0000	1.0000	0.0000	derpy_mr_black_lotus_bld
derpy_mr_bld_black_lotus_skv_3	derpy_effect_region_resource_black_lotus_production	building_to_building_own	23.0000	12.0000	0.0000	derpy_mr_black_lotus_bld
derpy_mr_bld_black_lotus_skv_3	wh_main_effect_economy_gdp_mining	building_to_building_own	200.0000	100.0000	0.0000	derpy_mr_black_lotus_bld
derpy_mr_bld_black_lotus_skv_3	wh2_main_effect_agent_recruitment_xp_skv_assassin	faction_to_province_own	2.0000	1.0000	0.0000	derpy_mr_black_lotus_bld
derpy_mr_bld_starwood_1	derpy_effect_region_resource_starwood_production	building_to_building_own	10.0000	5.0000	0.0000	derpy_mr_starwood_bld
derpy_mr_bld_starwood_1	wh_main_effect_economy_gdp_mining	building_to_building_own	100.0000	50.0000	0.0000	derpy_mr_starwood_bld
derpy_mr_bld_starwood_1	wh2_main_effect_tech_recruitment_cost_reduction_wef_gladeguard_gladeriders	province_to_province_own	-20.0000	-10.0000	0.0000	derpy_mr_starwood_bld
derpy_mr_bld_starwood_2	derpy_effect_region_resource_starwood_production	building_to_building_own	15.0000	8.0000	0.0000	derpy_mr_starwood_bld
derpy_mr_bld_starwood_2	wh_main_effect_economy_gdp_mining	building_to_building_own	150.0000	75.0000	0.0000	derpy_mr_starwood_bld
derpy_mr_bld_starwood_2	wh2_main_effect_tech_recruitment_cost_reduction_wef_gladeguard_gladeriders	province_to_province_own	-25.0000	-13.0000	0.0000	derpy_mr_starwood_bld
derpy_mr_bld_starwood_2	wh2_main_effect_tech_unit_xp_levels_wef_gladeguard_gladeriders	province_to_province_own	1.0000	1.0000	0.0000	derpy_mr_starwood_bld
derpy_mr_bld_starwood_3	derpy_effect_region_resource_starwood_production	building_to_building_own	23.0000	12.0000	0.0000	derpy_mr_starwood_bld
derpy_mr_bld_starwood_3	wh_main_effect_economy_gdp_mining	building_to_building_own	200.0000	100.0000	0.0000	derpy_mr_starwood_bld
derpy_mr_bld_starwood_3	wh2_main_effect_tech_recruitment_cost_reduction_wef_gladeguard_gladeriders	province_to_province_own	-30.0000	-15.0000	0.0000	derpy_mr_starwood_bld
derpy_mr_bld_starwood_3	wh2_main_effect_tech_unit_xp_levels_wef_gladeguard_gladeriders	province_to_province_own	2.0000	1.0000	0.0000	derpy_mr_starwood_bld
derpy_mr_bld_feathers_brt_1	derpy_effect_region_resource_feathers_production	building_to_building_own	10.0000	5.0000	0.0000	derpy_mr_feathers_bld
derpy_mr_bld_feathers_brt_1	wh_main_effect_economy_gdp_mining	building_to_building_own	100.0000	50.0000	0.0000	derpy_mr_feathers_bld
derpy_mr_bld_feathers_brt_1	wh2_main_effect_building_recruitment_cost_reduction_brt_resource_animals	province_to_province_own	-20.0000	-10.0000	0.0000	derpy_mr_feathers_bld
derpy_mr_bld_feathers_brt_2	derpy_effect_region_resource_feathers_production	building_to_building_own	15.0000	8.0000	0.0000	derpy_mr_feathers_bld
derpy_mr_bld_feathers_brt_2	wh_main_effect_economy_gdp_mining	building_to_building_own	150.0000	75.0000	0.0000	derpy_mr_feathers_bld
derpy_mr_bld_feathers_brt_2	wh2_main_effect_building_recruitment_cost_reduction_brt_resource_animals	province_to_province_own	-25.0000	-13.0000	0.0000	derpy_mr_feathers_bld
derpy_mr_bld_feathers_brt_2	wh2_main_effect_resource_unit_xp_levels_brt_resource_animals	province_to_province_own	1.0000	1.0000	0.0000	derpy_mr_feathers_bld
derpy_mr_bld_feathers_brt_3	derpy_effect_region_resource_feathers_production	building_to_building_own	23.0000	12.0000	0.0000	derpy_mr_feathers_bld
derpy_mr_bld_feathers_brt_3	wh_main_effect_economy_gdp_mining	building_to_building_own	200.0000	100.0000	0.0000	derpy_mr_feathers_bld
derpy_mr_bld_feathers_brt_3	wh2_main_effect_building_recruitment_cost_reduction_brt_resource_animals	province_to_province_own	-30.0000	-15.0000	0.0000	derpy_mr_feathers_bld
derpy_mr_bld_feathers_brt_3	wh2_main_effect_resource_unit_xp_levels_brt_resource_animals	province_to_province_own	2.0000	1.0000	0.0000	derpy_mr_feathers_bld
derpy_mr_bld_feathers_brt_3	wh2_main_effect_building_upkeep_cost_reduction_brt_resource_animals	faction_to_force_own	-3.0000	-2.0000	0.0000	derpy_mr_feathers_bld
derpy_mr_bld_feathers_emp_1	derpy_effect_region_resource_feathers_production	building_to_building_own	10.0000	5.0000	0.0000	derpy_mr_feathers_bld
derpy_mr_bld_feathers_emp_1	wh_main_effect_economy_gdp_mining	building_to_building_own	100.0000	50.0000	0.0000	derpy_mr_feathers_bld
derpy_mr_bld_feathers_emp_1	wh2_main_effect_resource_recruitment_cost_reduction_emp_demigryphs	province_to_province_own	-20.0000	-10.0000	0.0000	derpy_mr_feathers_bld
derpy_mr_bld_feathers_emp_2	derpy_effect_region_resource_feathers_production	building_to_building_own	15.0000	8.0000	0.0000	derpy_mr_feathers_bld
derpy_mr_bld_feathers_emp_2	wh_main_effect_economy_gdp_mining	building_to_building_own	150.0000	75.0000	0.0000	derpy_mr_feathers_bld
derpy_mr_bld_feathers_emp_2	wh2_main_effect_resource_recruitment_cost_reduction_emp_demigryphs	province_to_province_own	-25.0000	-13.0000	0.0000	derpy_mr_feathers_bld
derpy_mr_bld_feathers_emp_2	wh2_main_effect_resource_unit_xp_levels_emp_demigryphs	province_to_province_own	1.0000	1.0000	0.0000	derpy_mr_feathers_bld
derpy_mr_bld_feathers_emp_3	derpy_effect_region_resource_feathers_production	building_to_building_own	23.0000	12.0000	0.0000	derpy_mr_feathers_bld
derpy_mr_bld_feathers_emp_3	wh_main_effect_economy_gdp_mining	building_to_building_own	200.0000	100.0000	0.0000	derpy_mr_feathers_bld
derpy_mr_bld_feathers_emp_3	wh2_main_effect_resource_recruitment_cost_reduction_emp_demigryphs	province_to_province_own	-30.0000	-15.0000	0.0000	derpy_mr_feathers_bld
derpy_mr_bld_feathers_emp_3	wh2_main_effect_resource_unit_xp_levels_emp_demigryphs	province_to_province_own	2.0000	1.0000	0.0000	derpy_mr_feathers_bld
derpy_mr_bld_feathers_emp_3	wh2_main_effect_resource_upkeep_cost_reduction_emp_demigryphs	faction_to_force_own	-3.0000	-2.0000	0.0000	derpy_mr_feathers_bld
derpy_mr_bld_wyvern_scales_grn_1	derpy_effect_region_resource_wyvern_scales_production	building_to_building_own	10.0000	5.0000	0.0000	derpy_mr_wyvern_scales_bld
derpy_mr_bld_wyvern_scales_grn_1	wh_main_effect_economy_gdp_mining	building_to_building_own	100.0000	50.0000	0.0000	derpy_mr_wyvern_scales_bld
derpy_mr_bld_wyvern_scales_grn_1	wh_main_effect_tech_recruitment_cost_reduction_bigun_black_orcs	province_to_province_own	-20.0000	-10.0000	0.0000	derpy_mr_wyvern_scales_bld
derpy_mr_bld_wyvern_scales_grn_2	derpy_effect_region_resource_wyvern_scales_production	building_to_building_own	15.0000	8.0000	0.0000	derpy_mr_wyvern_scales_bld
derpy_mr_bld_wyvern_scales_grn_2	wh_main_effect_economy_gdp_mining	building_to_building_own	150.0000	75.0000	0.0000	derpy_mr_wyvern_scales_bld
derpy_mr_bld_wyvern_scales_grn_2	wh_main_effect_tech_recruitment_cost_reduction_bigun_black_orcs	province_to_province_own	-25.0000	-13.0000	0.0000	derpy_mr_wyvern_scales_bld
derpy_mr_bld_wyvern_scales_grn_2	wh_main_effect_tech_unit_xp_levels_bigun_black_orcs	province_to_province_own	1.0000	1.0000	0.0000	derpy_mr_wyvern_scales_bld
derpy_mr_bld_wyvern_scales_grn_3	derpy_effect_region_resource_wyvern_scales_production	building_to_building_own	23.0000	12.0000	0.0000	derpy_mr_wyvern_scales_bld
derpy_mr_bld_wyvern_scales_grn_3	wh_main_effect_economy_gdp_mining	building_to_building_own	200.0000	100.0000	0.0000	derpy_mr_wyvern_scales_bld
derpy_mr_bld_wyvern_scales_grn_3	wh_main_effect_tech_recruitment_cost_reduction_bigun_black_orcs	province_to_province_own	-30.0000	-15.0000	0.0000	derpy_mr_wyvern_scales_bld
derpy_mr_bld_wyvern_scales_grn_3	wh_main_effect_tech_unit_xp_levels_bigun_black_orcs	province_to_province_own	2.0000	1.0000	0.0000	derpy_mr_wyvern_scales_bld
derpy_mr_bld_wyvern_scales_ogr_1	derpy_effect_region_resource_wyvern_scales_production	building_to_building_own	10.0000	5.0000	0.0000	derpy_mr_wyvern_scales_bld
derpy_mr_bld_wyvern_scales_ogr_1	wh_main_effect_economy_gdp_mining	building_to_building_own	100.0000	50.0000	0.0000	derpy_mr_wyvern_scales_bld
derpy_mr_bld_wyvern_scales_ogr_1	wh3_dlc26_effect_recruitment_cost_ogr_hunters_beasts	province_to_province_own	-20.0000	-10.0000	0.0000	derpy_mr_wyvern_scales_bld
derpy_mr_bld_wyvern_scales_ogr_2	derpy_effect_region_resource_wyvern_scales_production	building_to_building_own	15.0000	8.0000	0.0000	derpy_mr_wyvern_scales_bld
derpy_mr_bld_wyvern_scales_ogr_2	wh_main_effect_economy_gdp_mining	building_to_building_own	150.0000	75.0000	0.0000	derpy_mr_wyvern_scales_bld
derpy_mr_bld_wyvern_scales_ogr_2	wh3_dlc26_effect_recruitment_cost_ogr_hunters_beasts	province_to_province_own	-25.0000	-13.0000	0.0000	derpy_mr_wyvern_scales_bld
derpy_mr_bld_wyvern_scales_ogr_2	wh3_dlc26_effect_tech_unit_xp_levels_ogr_hunters_beasts	province_to_province_own	1.0000	1.0000	0.0000	derpy_mr_wyvern_scales_bld
derpy_mr_bld_wyvern_scales_ogr_3	derpy_effect_region_resource_wyvern_scales_production	building_to_building_own	23.0000	12.0000	0.0000	derpy_mr_wyvern_scales_bld
derpy_mr_bld_wyvern_scales_ogr_3	wh_main_effect_economy_gdp_mining	building_to_building_own	200.0000	100.0000	0.0000	derpy_mr_wyvern_scales_bld
derpy_mr_bld_wyvern_scales_ogr_3	wh3_dlc26_effect_recruitment_cost_ogr_hunters_beasts	province_to_province_own	-30.0000	-15.0000	0.0000	derpy_mr_wyvern_scales_bld
derpy_mr_bld_wyvern_scales_ogr_3	wh3_dlc26_effect_tech_unit_xp_levels_ogr_hunters_beasts	province_to_province_own	2.0000	1.0000	0.0000	derpy_mr_wyvern_scales_bld
derpy_mr_bld_wyvern_scales_ogr_3	wh3_dlc26_effect_upkeep_ogr_hunters_beasts	faction_to_force_own	-3.0000	-2.0000	0.0000	derpy_mr_wyvern_scales_bld
